dataset,noise_percent,graph_distance,group_interventions,num_interventions,test_task_accuracy,csv_path
cub,10,0.0999958908612754,False,0.0,0.7293751835823059,/home/dani00003/mCREAM/experiments/CUB/train_cbm/Standard_CUB/cub_progressive_noise/CREAM_cub_progressive_noise/noise_010/lightning_logs/version_0/intervention_results.csv
cub,10,0.0999958908612754,False,1.0,0.7326544523239136,/home/dani00003/mCREAM/experiments/CUB/train_cbm/Standard_CUB/cub_progressive_noise/CREAM_cub_progressive_noise/noise_010/lightning_logs/version_0/intervention_results.csv
cub,10,0.0999958908612754,False,2.0,0.7335174083709717,/home/dani00003/mCREAM/experiments/CUB/train_cbm/Standard_CUB/cub_progressive_noise/CREAM_cub_progressive_noise/noise_010/lightning_logs/version_0/intervention_results.csv
cub,10,0.0999958908612754,False,3.0,0.7373144626617432,/home/dani00003/mCREAM/experiments/CUB/train_cbm/Standard_CUB/cub_progressive_noise/CREAM_cub_progressive_noise/noise_010/lightning_logs/version_0/intervention_results.csv
cub,10,0.0999958908612754,False,4.0,0.7395581603050232,/home/dani00003/mCREAM/experiments/CUB/train_cbm/Standard_CUB/cub_progressive_noise/CREAM_cub_progressive_noise/noise_010/lightning_logs/version_0/intervention_results.csv
cub,10,0.0999958908612754,False,5.0,0.743700385093689,/home/dani00003/mCREAM/experiments/CUB/train_cbm/Standard_CUB/cub_progressive_noise/CREAM_cub_progressive_noise/noise_010/lightning_logs/version_0/intervention_results.csv
cub,10,0.0999958908612754,False,6.0,0.7424921989440918,/home/dani00003/mCREAM/experiments/CUB/train_cbm/Standard_CUB/cub_progressive_noise/CREAM_cub_progressive_noise/noise_010/lightning_logs/version_0/intervention_results.csv
cub,10,0.0999958908612754,False,7.0,0.7480151653289795,/home/dani00003/mCREAM/experiments/CUB/train_cbm/Standard_CUB/cub_progressive_noise/CREAM_cub_progressive_noise/noise_010/lightning_logs/version_0/intervention_results.csv
cub,10,0.0999958908612754,False,8.0,0.7509492635726929,/home/dani00003/mCREAM/experiments/CUB/train_cbm/Standard_CUB/cub_progressive_noise/CREAM_cub_progressive_noise/noise_010/lightning_logs/version_0/intervention_results.csv
cub,10,0.0999958908612754,False,9.0,0.7499136924743652,/home/dani00003/mCREAM/experiments/CUB/train_cbm/Standard_CUB/cub_progressive_noise/CREAM_cub_progressive_noise/noise_010/lightning_logs/version_0/intervention_results.csv
cub,10,0.0999958908612754,False,10.0,0.7519848346710205,/home/dani00003/mCREAM/experiments/CUB/train_cbm/Standard_CUB/cub_progressive_noise/CREAM_cub_progressive_noise/noise_010/lightning_logs/version_0/intervention_results.csv
cub,10,0.0999958908612754,False,11.0,0.7552640438079834,/home/dani00003/mCREAM/experiments/CUB/train_cbm/Standard_CUB/cub_progressive_noise/CREAM_cub_progressive_noise/noise_010/lightning_logs/version_0/intervention_results.csv
cub,10,0.0999958908612754,False,12.0,0.7580255270004272,/home/dani00003/mCREAM/experiments/CUB/train_cbm/Standard_CUB/cub_progressive_noise/CREAM_cub_progressive_noise/noise_010/lightning_logs/version_0/intervention_results.csv
cub,10,0.0999958908612754,False,13.0,0.764411449432373,/home/dani00003/mCREAM/experiments/CUB/train_cbm/Standard_CUB/cub_progressive_noise/CREAM_cub_progressive_noise/noise_010/lightning_logs/version_0/intervention_results.csv
cub,10,0.0999958908612754,False,14.0,0.7635484933853149,/home/dani00003/mCREAM/experiments/CUB/train_cbm/Standard_CUB/cub_progressive_noise/CREAM_cub_progressive_noise/noise_010/lightning_logs/version_0/intervention_results.csv
cub,10,0.0999958908612754,False,15.0,0.7682085037231445,/home/dani00003/mCREAM/experiments/CUB/train_cbm/Standard_CUB/cub_progressive_noise/CREAM_cub_progressive_noise/noise_010/lightning_logs/version_0/intervention_results.csv
cub,10,0.0999958908612754,False,16.0,0.7694166302680969,/home/dani00003/mCREAM/experiments/CUB/train_cbm/Standard_CUB/cub_progressive_noise/CREAM_cub_progressive_noise/noise_010/lightning_logs/version_0/intervention_results.csv
cub,10,0.0999958908612754,False,17.0,0.7759751677513123,/home/dani00003/mCREAM/experiments/CUB/train_cbm/Standard_CUB/cub_progressive_noise/CREAM_cub_progressive_noise/noise_010/lightning_logs/version_0/intervention_results.csv
cub,10,0.0999958908612754,False,18.0,0.7721781134605408,/home/dani00003/mCREAM/experiments/CUB/train_cbm/Standard_CUB/cub_progressive_noise/CREAM_cub_progressive_noise/noise_010/lightning_logs/version_0/intervention_results.csv
cub,10,0.0999958908612754,False,19.0,0.7764928936958313,/home/dani00003/mCREAM/experiments/CUB/train_cbm/Standard_CUB/cub_progressive_noise/CREAM_cub_progressive_noise/noise_010/lightning_logs/version_0/intervention_results.csv
cub,10,0.0999958908612754,False,20.0,0.7808077335357666,/home/dani00003/mCREAM/experiments/CUB/train_cbm/Standard_CUB/cub_progressive_noise/CREAM_cub_progressive_noise/noise_010/lightning_logs/version_0/intervention_results.csv
cub,10,0.0999958908612754,False,21.0,0.7804625630378723,/home/dani00003/mCREAM/experiments/CUB/train_cbm/Standard_CUB/cub_progressive_noise/CREAM_cub_progressive_noise/noise_010/lightning_logs/version_0/intervention_results.csv
cub,10,0.0999958908612754,False,22.0,0.7863306999206543,/home/dani00003/mCREAM/experiments/CUB/train_cbm/Standard_CUB/cub_progressive_noise/CREAM_cub_progressive_noise/noise_010/lightning_logs/version_0/intervention_results.csv
cub,10,0.0999958908612754,False,23.0,0.790127694606781,/home/dani00003/mCREAM/experiments/CUB/train_cbm/Standard_CUB/cub_progressive_noise/CREAM_cub_progressive_noise/noise_010/lightning_logs/version_0/intervention_results.csv
cub,10,0.0999958908612754,False,24.0,0.7908180952072144,/home/dani00003/mCREAM/experiments/CUB/train_cbm/Standard_CUB/cub_progressive_noise/CREAM_cub_progressive_noise/noise_010/lightning_logs/version_0/intervention_results.csv
cub,10,0.0999958908612754,False,25.0,0.7947877049446106,/home/dani00003/mCREAM/experiments/CUB/train_cbm/Standard_CUB/cub_progressive_noise/CREAM_cub_progressive_noise/noise_010/lightning_logs/version_0/intervention_results.csv
cub,10,0.0999958908612754,False,26.0,0.7984121441841125,/home/dani00003/mCREAM/experiments/CUB/train_cbm/Standard_CUB/cub_progressive_noise/CREAM_cub_progressive_noise/noise_010/lightning_logs/version_0/intervention_results.csv
cub,10,0.0999958908612754,False,27.0,0.7992751002311707,/home/dani00003/mCREAM/experiments/CUB/train_cbm/Standard_CUB/cub_progressive_noise/CREAM_cub_progressive_noise/noise_010/lightning_logs/version_0/intervention_results.csv
cub,10,0.0999958908612754,False,28.0,0.7997928857803345,/home/dani00003/mCREAM/experiments/CUB/train_cbm/Standard_CUB/cub_progressive_noise/CREAM_cub_progressive_noise/noise_010/lightning_logs/version_0/intervention_results.csv
cub,10,0.0999958908612754,False,29.0,0.8066965937614441,/home/dani00003/mCREAM/experiments/CUB/train_cbm/Standard_CUB/cub_progressive_noise/CREAM_cub_progressive_noise/noise_010/lightning_logs/version_0/intervention_results.csv
cub,10,0.0999958908612754,False,30.0,0.809975802898407,/home/dani00003/mCREAM/experiments/CUB/train_cbm/Standard_CUB/cub_progressive_noise/CREAM_cub_progressive_noise/noise_010/lightning_logs/version_0/intervention_results.csv
cub,10,0.0999958908612754,False,31.0,0.8106662034988403,/home/dani00003/mCREAM/experiments/CUB/train_cbm/Standard_CUB/cub_progressive_noise/CREAM_cub_progressive_noise/noise_010/lightning_logs/version_0/intervention_results.csv
cub,10,0.0999958908612754,False,32.0,0.8092854619026184,/home/dani00003/mCREAM/experiments/CUB/train_cbm/Standard_CUB/cub_progressive_noise/CREAM_cub_progressive_noise/noise_010/lightning_logs/version_0/intervention_results.csv
cub,10,0.0999958908612754,False,33.0,0.8160165548324585,/home/dani00003/mCREAM/experiments/CUB/train_cbm/Standard_CUB/cub_progressive_noise/CREAM_cub_progressive_noise/noise_010/lightning_logs/version_0/intervention_results.csv
cub,10,0.0999958908612754,False,34.0,0.8280979990959167,/home/dani00003/mCREAM/experiments/CUB/train_cbm/Standard_CUB/cub_progressive_noise/CREAM_cub_progressive_noise/noise_010/lightning_logs/version_0/intervention_results.csv
cub,10,0.0999958908612754,False,35.0,0.8261995315551758,/home/dani00003/mCREAM/experiments/CUB/train_cbm/Standard_CUB/cub_progressive_noise/CREAM_cub_progressive_noise/noise_010/lightning_logs/version_0/intervention_results.csv
cub,10,0.0999958908612754,False,36.0,0.8248187899589539,/home/dani00003/mCREAM/experiments/CUB/train_cbm/Standard_CUB/cub_progressive_noise/CREAM_cub_progressive_noise/noise_010/lightning_logs/version_0/intervention_results.csv
cub,10,0.0999958908612754,False,37.0,0.8325854539871216,/home/dani00003/mCREAM/experiments/CUB/train_cbm/Standard_CUB/cub_progressive_noise/CREAM_cub_progressive_noise/noise_010/lightning_logs/version_0/intervention_results.csv
cub,10,0.0999958908612754,False,38.0,0.8334484100341797,/home/dani00003/mCREAM/experiments/CUB/train_cbm/Standard_CUB/cub_progressive_noise/CREAM_cub_progressive_noise/noise_010/lightning_logs/version_0/intervention_results.csv
cub,10,0.0999958908612754,False,39.0,0.8356921076774597,/home/dani00003/mCREAM/experiments/CUB/train_cbm/Standard_CUB/cub_progressive_noise/CREAM_cub_progressive_noise/noise_010/lightning_logs/version_0/intervention_results.csv
cub,10,0.0999958908612754,False,40.0,0.8377631902694702,/home/dani00003/mCREAM/experiments/CUB/train_cbm/Standard_CUB/cub_progressive_noise/CREAM_cub_progressive_noise/noise_010/lightning_logs/version_0/intervention_results.csv
cub,10,0.0999958908612754,False,41.0,0.8443217277526855,/home/dani00003/mCREAM/experiments/CUB/train_cbm/Standard_CUB/cub_progressive_noise/CREAM_cub_progressive_noise/noise_010/lightning_logs/version_0/intervention_results.csv
cub,10,0.0999958908612754,False,42.0,0.8455298542976379,/home/dani00003/mCREAM/experiments/CUB/train_cbm/Standard_CUB/cub_progressive_noise/CREAM_cub_progressive_noise/noise_010/lightning_logs/version_0/intervention_results.csv
cub,10,0.0999958908612754,False,43.0,0.8482913374900818,/home/dani00003/mCREAM/experiments/CUB/train_cbm/Standard_CUB/cub_progressive_noise/CREAM_cub_progressive_noise/noise_010/lightning_logs/version_0/intervention_results.csv
cub,10,0.0999958908612754,False,44.0,0.8493269085884094,/home/dani00003/mCREAM/experiments/CUB/train_cbm/Standard_CUB/cub_progressive_noise/CREAM_cub_progressive_noise/noise_010/lightning_logs/version_0/intervention_results.csv
cub,10,0.0999958908612754,False,45.0,0.8545046448707581,/home/dani00003/mCREAM/experiments/CUB/train_cbm/Standard_CUB/cub_progressive_noise/CREAM_cub_progressive_noise/noise_010/lightning_logs/version_0/intervention_results.csv
cub,10,0.0999958908612754,False,46.0,0.8532965183258057,/home/dani00003/mCREAM/experiments/CUB/train_cbm/Standard_CUB/cub_progressive_noise/CREAM_cub_progressive_noise/noise_010/lightning_logs/version_0/intervention_results.csv
cub,10,0.0999958908612754,False,47.0,0.8520883321762085,/home/dani00003/mCREAM/experiments/CUB/train_cbm/Standard_CUB/cub_progressive_noise/CREAM_cub_progressive_noise/noise_010/lightning_logs/version_0/intervention_results.csv
cub,10,0.0999958908612754,False,48.0,0.8572661280632019,/home/dani00003/mCREAM/experiments/CUB/train_cbm/Standard_CUB/cub_progressive_noise/CREAM_cub_progressive_noise/noise_010/lightning_logs/version_0/intervention_results.csv
cub,10,0.0999958908612754,False,49.0,0.8615809679031372,/home/dani00003/mCREAM/experiments/CUB/train_cbm/Standard_CUB/cub_progressive_noise/CREAM_cub_progressive_noise/noise_010/lightning_logs/version_0/intervention_results.csv
cub,10,0.0999958908612754,False,50.0,0.8589920401573181,/home/dani00003/mCREAM/experiments/CUB/train_cbm/Standard_CUB/cub_progressive_noise/CREAM_cub_progressive_noise/noise_010/lightning_logs/version_0/intervention_results.csv
cub,10,0.0999958908612754,False,51.0,0.8672764897346497,/home/dani00003/mCREAM/experiments/CUB/train_cbm/Standard_CUB/cub_progressive_noise/CREAM_cub_progressive_noise/noise_010/lightning_logs/version_0/intervention_results.csv
cub,10,0.0999958908612754,False,52.0,0.8710735440254211,/home/dani00003/mCREAM/experiments/CUB/train_cbm/Standard_CUB/cub_progressive_noise/CREAM_cub_progressive_noise/noise_010/lightning_logs/version_0/intervention_results.csv
cub,10,0.0999958908612754,False,53.0,0.8695201873779297,/home/dani00003/mCREAM/experiments/CUB/train_cbm/Standard_CUB/cub_progressive_noise/CREAM_cub_progressive_noise/noise_010/lightning_logs/version_0/intervention_results.csv
cub,10,0.0999958908612754,False,54.0,0.8752157092094421,/home/dani00003/mCREAM/experiments/CUB/train_cbm/Standard_CUB/cub_progressive_noise/CREAM_cub_progressive_noise/noise_010/lightning_logs/version_0/intervention_results.csv
cub,10,0.0999958908612754,False,55.0,0.875733494758606,/home/dani00003/mCREAM/experiments/CUB/train_cbm/Standard_CUB/cub_progressive_noise/CREAM_cub_progressive_noise/noise_010/lightning_logs/version_0/intervention_results.csv
cub,10,0.0999958908612754,False,56.0,0.8800483345985413,/home/dani00003/mCREAM/experiments/CUB/train_cbm/Standard_CUB/cub_progressive_noise/CREAM_cub_progressive_noise/noise_010/lightning_logs/version_0/intervention_results.csv
cub,10,0.0999958908612754,False,57.0,0.8867794275283813,/home/dani00003/mCREAM/experiments/CUB/train_cbm/Standard_CUB/cub_progressive_noise/CREAM_cub_progressive_noise/noise_010/lightning_logs/version_0/intervention_results.csv
cub,10,0.0999958908612754,False,58.0,0.8847082853317261,/home/dani00003/mCREAM/experiments/CUB/train_cbm/Standard_CUB/cub_progressive_noise/CREAM_cub_progressive_noise/noise_010/lightning_logs/version_0/intervention_results.csv
cub,10,0.0999958908612754,False,59.0,0.881946861743927,/home/dani00003/mCREAM/experiments/CUB/train_cbm/Standard_CUB/cub_progressive_noise/CREAM_cub_progressive_noise/noise_010/lightning_logs/version_0/intervention_results.csv
cub,10,0.0999958908612754,False,60.0,0.8879875540733337,/home/dani00003/mCREAM/experiments/CUB/train_cbm/Standard_CUB/cub_progressive_noise/CREAM_cub_progressive_noise/noise_010/lightning_logs/version_0/intervention_results.csv
cub,10,0.0999958908612754,False,61.0,0.8905764818191528,/home/dani00003/mCREAM/experiments/CUB/train_cbm/Standard_CUB/cub_progressive_noise/CREAM_cub_progressive_noise/noise_010/lightning_logs/version_0/intervention_results.csv
cub,10,0.0999958908612754,False,62.0,0.8893682956695557,/home/dani00003/mCREAM/experiments/CUB/train_cbm/Standard_CUB/cub_progressive_noise/CREAM_cub_progressive_noise/noise_010/lightning_logs/version_0/intervention_results.csv
cub,10,0.0999958908612754,False,63.0,0.8954090476036072,/home/dani00003/mCREAM/experiments/CUB/train_cbm/Standard_CUB/cub_progressive_noise/CREAM_cub_progressive_noise/noise_010/lightning_logs/version_0/intervention_results.csv
cub,10,0.0999958908612754,False,64.0,0.890058696269989,/home/dani00003/mCREAM/experiments/CUB/train_cbm/Standard_CUB/cub_progressive_noise/CREAM_cub_progressive_noise/noise_010/lightning_logs/version_0/intervention_results.csv
cub,10,0.0999958908612754,False,65.0,0.890058696269989,/home/dani00003/mCREAM/experiments/CUB/train_cbm/Standard_CUB/cub_progressive_noise/CREAM_cub_progressive_noise/noise_010/lightning_logs/version_0/intervention_results.csv
cub,10,0.0999958908612754,False,66.0,0.897825300693512,/home/dani00003/mCREAM/experiments/CUB/train_cbm/Standard_CUB/cub_progressive_noise/CREAM_cub_progressive_noise/noise_010/lightning_logs/version_0/intervention_results.csv
cub,10,0.0999958908612754,False,67.0,0.9068001508712769,/home/dani00003/mCREAM/experiments/CUB/train_cbm/Standard_CUB/cub_progressive_noise/CREAM_cub_progressive_noise/noise_010/lightning_logs/version_0/intervention_results.csv
cub,10,0.0999958908612754,False,68.0,0.9035208821296692,/home/dani00003/mCREAM/experiments/CUB/train_cbm/Standard_CUB/cub_progressive_noise/CREAM_cub_progressive_noise/noise_010/lightning_logs/version_0/intervention_results.csv
cub,10,0.0999958908612754,False,69.0,0.900414228439331,/home/dani00003/mCREAM/experiments/CUB/train_cbm/Standard_CUB/cub_progressive_noise/CREAM_cub_progressive_noise/noise_010/lightning_logs/version_0/intervention_results.csv
cub,10,0.0999958908612754,False,70.0,0.901449739933014,/home/dani00003/mCREAM/experiments/CUB/train_cbm/Standard_CUB/cub_progressive_noise/CREAM_cub_progressive_noise/noise_010/lightning_logs/version_0/intervention_results.csv
cub,10,0.0999958908612754,False,71.0,0.9057645797729492,/home/dani00003/mCREAM/experiments/CUB/train_cbm/Standard_CUB/cub_progressive_noise/CREAM_cub_progressive_noise/noise_010/lightning_logs/version_0/intervention_results.csv
cub,10,0.0999958908612754,False,72.0,0.907663106918335,/home/dani00003/mCREAM/experiments/CUB/train_cbm/Standard_CUB/cub_progressive_noise/CREAM_cub_progressive_noise/noise_010/lightning_logs/version_0/intervention_results.csv
cub,10,0.0999958908612754,False,73.0,0.9107697606086732,/home/dani00003/mCREAM/experiments/CUB/train_cbm/Standard_CUB/cub_progressive_noise/CREAM_cub_progressive_noise/noise_010/lightning_logs/version_0/intervention_results.csv
cub,10,0.0999958908612754,False,74.0,0.9109423756599426,/home/dani00003/mCREAM/experiments/CUB/train_cbm/Standard_CUB/cub_progressive_noise/CREAM_cub_progressive_noise/noise_010/lightning_logs/version_0/intervention_results.csv
cub,10,0.0999958908612754,False,75.0,0.9109423756599426,/home/dani00003/mCREAM/experiments/CUB/train_cbm/Standard_CUB/cub_progressive_noise/CREAM_cub_progressive_noise/noise_010/lightning_logs/version_0/intervention_results.csv
cub,10,0.0999958908612754,False,76.0,0.9156023263931274,/home/dani00003/mCREAM/experiments/CUB/train_cbm/Standard_CUB/cub_progressive_noise/CREAM_cub_progressive_noise/noise_010/lightning_logs/version_0/intervention_results.csv
cub,10,0.0999958908612754,False,77.0,0.9188815951347352,/home/dani00003/mCREAM/experiments/CUB/train_cbm/Standard_CUB/cub_progressive_noise/CREAM_cub_progressive_noise/noise_010/lightning_logs/version_0/intervention_results.csv
cub,10,0.0999958908612754,False,78.0,0.9171556830406188,/home/dani00003/mCREAM/experiments/CUB/train_cbm/Standard_CUB/cub_progressive_noise/CREAM_cub_progressive_noise/noise_010/lightning_logs/version_0/intervention_results.csv
cub,10,0.0999958908612754,False,79.0,0.9211252927780152,/home/dani00003/mCREAM/experiments/CUB/train_cbm/Standard_CUB/cub_progressive_noise/CREAM_cub_progressive_noise/noise_010/lightning_logs/version_0/intervention_results.csv
cub,10,0.0999958908612754,False,80.0,0.9200897216796876,/home/dani00003/mCREAM/experiments/CUB/train_cbm/Standard_CUB/cub_progressive_noise/CREAM_cub_progressive_noise/noise_010/lightning_logs/version_0/intervention_results.csv
cub,10,0.0999958908612754,False,81.0,0.9218156933784484,/home/dani00003/mCREAM/experiments/CUB/train_cbm/Standard_CUB/cub_progressive_noise/CREAM_cub_progressive_noise/noise_010/lightning_logs/version_0/intervention_results.csv
cub,10,0.0999958908612754,False,82.0,0.9211252927780152,/home/dani00003/mCREAM/experiments/CUB/train_cbm/Standard_CUB/cub_progressive_noise/CREAM_cub_progressive_noise/noise_010/lightning_logs/version_0/intervention_results.csv
cub,10,0.0999958908612754,False,83.0,0.923886775970459,/home/dani00003/mCREAM/experiments/CUB/train_cbm/Standard_CUB/cub_progressive_noise/CREAM_cub_progressive_noise/noise_010/lightning_logs/version_0/intervention_results.csv
cub,10,0.0999958908612754,False,84.0,0.9244045615196228,/home/dani00003/mCREAM/experiments/CUB/train_cbm/Standard_CUB/cub_progressive_noise/CREAM_cub_progressive_noise/noise_010/lightning_logs/version_0/intervention_results.csv
cub,10,0.0999958908612754,False,85.0,0.9266482591629028,/home/dani00003/mCREAM/experiments/CUB/train_cbm/Standard_CUB/cub_progressive_noise/CREAM_cub_progressive_noise/noise_010/lightning_logs/version_0/intervention_results.csv
cub,10,0.0999958908612754,False,86.0,0.9266482591629028,/home/dani00003/mCREAM/experiments/CUB/train_cbm/Standard_CUB/cub_progressive_noise/CREAM_cub_progressive_noise/noise_010/lightning_logs/version_0/intervention_results.csv
cub,10,0.0999958908612754,False,87.0,0.928374171257019,/home/dani00003/mCREAM/experiments/CUB/train_cbm/Standard_CUB/cub_progressive_noise/CREAM_cub_progressive_noise/noise_010/lightning_logs/version_0/intervention_results.csv
cub,10,0.0999958908612754,False,88.0,0.9292371273040771,/home/dani00003/mCREAM/experiments/CUB/train_cbm/Standard_CUB/cub_progressive_noise/CREAM_cub_progressive_noise/noise_010/lightning_logs/version_0/intervention_results.csv
cub,10,0.0999958908612754,False,89.0,0.9304452538490297,/home/dani00003/mCREAM/experiments/CUB/train_cbm/Standard_CUB/cub_progressive_noise/CREAM_cub_progressive_noise/noise_010/lightning_logs/version_0/intervention_results.csv
cub,10,0.0999958908612754,False,90.0,0.9271660447120668,/home/dani00003/mCREAM/experiments/CUB/train_cbm/Standard_CUB/cub_progressive_noise/CREAM_cub_progressive_noise/noise_010/lightning_logs/version_0/intervention_results.csv
cub,10,0.0999958908612754,False,91.0,0.9307904839515686,/home/dani00003/mCREAM/experiments/CUB/train_cbm/Standard_CUB/cub_progressive_noise/CREAM_cub_progressive_noise/noise_010/lightning_logs/version_0/intervention_results.csv
cub,10,0.0999958908612754,False,92.0,0.9330341815948486,/home/dani00003/mCREAM/experiments/CUB/train_cbm/Standard_CUB/cub_progressive_noise/CREAM_cub_progressive_noise/noise_010/lightning_logs/version_0/intervention_results.csv
cub,10,0.0999958908612754,False,93.0,0.929754912853241,/home/dani00003/mCREAM/experiments/CUB/train_cbm/Standard_CUB/cub_progressive_noise/CREAM_cub_progressive_noise/noise_010/lightning_logs/version_0/intervention_results.csv
cub,10,0.0999958908612754,False,94.0,0.9311356544494628,/home/dani00003/mCREAM/experiments/CUB/train_cbm/Standard_CUB/cub_progressive_noise/CREAM_cub_progressive_noise/noise_010/lightning_logs/version_0/intervention_results.csv
cub,10,0.0999958908612754,False,95.0,0.934242308139801,/home/dani00003/mCREAM/experiments/CUB/train_cbm/Standard_CUB/cub_progressive_noise/CREAM_cub_progressive_noise/noise_010/lightning_logs/version_0/intervention_results.csv
cub,10,0.0999958908612754,False,96.0,0.9263030886650084,/home/dani00003/mCREAM/experiments/CUB/train_cbm/Standard_CUB/cub_progressive_noise/CREAM_cub_progressive_noise/noise_010/lightning_logs/version_0/intervention_results.csv
cub,10,0.0999958908612754,False,97.0,0.931998610496521,/home/dani00003/mCREAM/experiments/CUB/train_cbm/Standard_CUB/cub_progressive_noise/CREAM_cub_progressive_noise/noise_010/lightning_logs/version_0/intervention_results.csv
cub,10,0.0999958908612754,False,98.0,0.9328615665435792,/home/dani00003/mCREAM/experiments/CUB/train_cbm/Standard_CUB/cub_progressive_noise/CREAM_cub_progressive_noise/noise_010/lightning_logs/version_0/intervention_results.csv
cub,10,0.0999958908612754,False,99.0,0.9321712255477904,/home/dani00003/mCREAM/experiments/CUB/train_cbm/Standard_CUB/cub_progressive_noise/CREAM_cub_progressive_noise/noise_010/lightning_logs/version_0/intervention_results.csv
cub,10,0.0999958908612754,False,100.0,0.931998610496521,/home/dani00003/mCREAM/experiments/CUB/train_cbm/Standard_CUB/cub_progressive_noise/CREAM_cub_progressive_noise/noise_010/lightning_logs/version_0/intervention_results.csv
cub,10,0.0999958908612754,False,101.0,0.9344149231910706,/home/dani00003/mCREAM/experiments/CUB/train_cbm/Standard_CUB/cub_progressive_noise/CREAM_cub_progressive_noise/noise_010/lightning_logs/version_0/intervention_results.csv
cub,10,0.0999958908612754,False,102.0,0.9337245225906372,/home/dani00003/mCREAM/experiments/CUB/train_cbm/Standard_CUB/cub_progressive_noise/CREAM_cub_progressive_noise/noise_010/lightning_logs/version_0/intervention_results.csv
cub,10,0.0999958908612754,False,103.0,0.9352778792381288,/home/dani00003/mCREAM/experiments/CUB/train_cbm/Standard_CUB/cub_progressive_noise/CREAM_cub_progressive_noise/noise_010/lightning_logs/version_0/intervention_results.csv
cub,10,0.0999958908612754,False,104.0,0.9332067370414734,/home/dani00003/mCREAM/experiments/CUB/train_cbm/Standard_CUB/cub_progressive_noise/CREAM_cub_progressive_noise/noise_010/lightning_logs/version_0/intervention_results.csv
cub,10,0.0999958908612754,False,105.0,0.9380393624305724,/home/dani00003/mCREAM/experiments/CUB/train_cbm/Standard_CUB/cub_progressive_noise/CREAM_cub_progressive_noise/noise_010/lightning_logs/version_0/intervention_results.csv
cub,10,0.0999958908612754,False,106.0,0.9351052641868592,/home/dani00003/mCREAM/experiments/CUB/train_cbm/Standard_CUB/cub_progressive_noise/CREAM_cub_progressive_noise/noise_010/lightning_logs/version_0/intervention_results.csv
cub,10,0.0999958908612754,False,107.0,0.9345874786376952,/home/dani00003/mCREAM/experiments/CUB/train_cbm/Standard_CUB/cub_progressive_noise/CREAM_cub_progressive_noise/noise_010/lightning_logs/version_0/intervention_results.csv
cub,10,0.0999958908612754,False,108.0,0.9373489618301392,/home/dani00003/mCREAM/experiments/CUB/train_cbm/Standard_CUB/cub_progressive_noise/CREAM_cub_progressive_noise/noise_010/lightning_logs/version_0/intervention_results.csv
cub,10,0.0999958908612754,False,109.0,0.9347600936889648,/home/dani00003/mCREAM/experiments/CUB/train_cbm/Standard_CUB/cub_progressive_noise/CREAM_cub_progressive_noise/noise_010/lightning_logs/version_0/intervention_results.csv
cub,10,0.0999958908612754,False,110.0,0.9347600936889648,/home/dani00003/mCREAM/experiments/CUB/train_cbm/Standard_CUB/cub_progressive_noise/CREAM_cub_progressive_noise/noise_010/lightning_logs/version_0/intervention_results.csv
cub,10,0.0999958908612754,False,111.0,0.9351052641868592,/home/dani00003/mCREAM/experiments/CUB/train_cbm/Standard_CUB/cub_progressive_noise/CREAM_cub_progressive_noise/noise_010/lightning_logs/version_0/intervention_results.csv
cub,10,0.0999958908612754,False,112.0,0.9344149231910706,/home/dani00003/mCREAM/experiments/CUB/train_cbm/Standard_CUB/cub_progressive_noise/CREAM_cub_progressive_noise/noise_010/lightning_logs/version_0/intervention_results.csv
cub,10,0.0999958908612754,True,0.0,0.7293752431869507,/home/dani00003/mCREAM/experiments/CUB/train_cbm/Standard_CUB/cub_progressive_noise/CREAM_cub_progressive_noise/noise_010/lightning_logs/version_0/intervention_results.csv
cub,10,0.0999958908612754,True,1.0,0.7407662868499756,/home/dani00003/mCREAM/experiments/CUB/train_cbm/Standard_CUB/cub_progressive_noise/CREAM_cub_progressive_noise/noise_010/lightning_logs/version_0/intervention_results.csv
cub,10,0.0999958908612754,True,2.0,0.7514670491218567,/home/dani00003/mCREAM/experiments/CUB/train_cbm/Standard_CUB/cub_progressive_noise/CREAM_cub_progressive_noise/noise_010/lightning_logs/version_0/intervention_results.csv
cub,10,0.0999958908612754,True,3.0,0.7613047957420349,/home/dani00003/mCREAM/experiments/CUB/train_cbm/Standard_CUB/cub_progressive_noise/CREAM_cub_progressive_noise/noise_010/lightning_logs/version_0/intervention_results.csv
cub,10,0.0999958908612754,True,4.0,0.7745944261550903,/home/dani00003/mCREAM/experiments/CUB/train_cbm/Standard_CUB/cub_progressive_noise/CREAM_cub_progressive_noise/noise_010/lightning_logs/version_0/intervention_results.csv
cub,10,0.0999958908612754,True,5.0,0.7868484854698181,/home/dani00003/mCREAM/experiments/CUB/train_cbm/Standard_CUB/cub_progressive_noise/CREAM_cub_progressive_noise/noise_010/lightning_logs/version_0/intervention_results.csv
cub,10,0.0999958908612754,True,6.0,0.793752133846283,/home/dani00003/mCREAM/experiments/CUB/train_cbm/Standard_CUB/cub_progressive_noise/CREAM_cub_progressive_noise/noise_010/lightning_logs/version_0/intervention_results.csv
cub,10,0.0999958908612754,True,7.0,0.8073869347572327,/home/dani00003/mCREAM/experiments/CUB/train_cbm/Standard_CUB/cub_progressive_noise/CREAM_cub_progressive_noise/noise_010/lightning_logs/version_0/intervention_results.csv
cub,10,0.0999958908612754,True,8.0,0.8199861645698547,/home/dani00003/mCREAM/experiments/CUB/train_cbm/Standard_CUB/cub_progressive_noise/CREAM_cub_progressive_noise/noise_010/lightning_logs/version_0/intervention_results.csv
cub,10,0.0999958908612754,True,9.0,0.8286157846450806,/home/dani00003/mCREAM/experiments/CUB/train_cbm/Standard_CUB/cub_progressive_noise/CREAM_cub_progressive_noise/noise_010/lightning_logs/version_0/intervention_results.csv
cub,10,0.0999958908612754,True,10.0,0.8412150740623474,/home/dani00003/mCREAM/experiments/CUB/train_cbm/Standard_CUB/cub_progressive_noise/CREAM_cub_progressive_noise/noise_010/lightning_logs/version_0/intervention_results.csv
cub,10,0.0999958908612754,True,11.0,0.8512253761291504,/home/dani00003/mCREAM/experiments/CUB/train_cbm/Standard_CUB/cub_progressive_noise/CREAM_cub_progressive_noise/noise_010/lightning_logs/version_0/intervention_results.csv
cub,10,0.0999958908612754,True,12.0,0.861753523349762,/home/dani00003/mCREAM/experiments/CUB/train_cbm/Standard_CUB/cub_progressive_noise/CREAM_cub_progressive_noise/noise_010/lightning_logs/version_0/intervention_results.csv
cub,10,0.0999958908612754,True,13.0,0.8715912699699402,/home/dani00003/mCREAM/experiments/CUB/train_cbm/Standard_CUB/cub_progressive_noise/CREAM_cub_progressive_noise/noise_010/lightning_logs/version_0/intervention_results.csv
cub,10,0.0999958908612754,True,14.0,0.8800483345985413,/home/dani00003/mCREAM/experiments/CUB/train_cbm/Standard_CUB/cub_progressive_noise/CREAM_cub_progressive_noise/noise_010/lightning_logs/version_0/intervention_results.csv
cub,10,0.0999958908612754,True,15.0,0.8886779546737671,/home/dani00003/mCREAM/experiments/CUB/train_cbm/Standard_CUB/cub_progressive_noise/CREAM_cub_progressive_noise/noise_010/lightning_logs/version_0/intervention_results.csv
cub,10,0.0999958908612754,True,16.0,0.899551272392273,/home/dani00003/mCREAM/experiments/CUB/train_cbm/Standard_CUB/cub_progressive_noise/CREAM_cub_progressive_noise/noise_010/lightning_logs/version_0/intervention_results.csv
cub,10,0.0999958908612754,True,17.0,0.905074179172516,/home/dani00003/mCREAM/experiments/CUB/train_cbm/Standard_CUB/cub_progressive_noise/CREAM_cub_progressive_noise/noise_010/lightning_logs/version_0/intervention_results.csv
cub,10,0.0999958908612754,True,18.0,0.9145668148994446,/home/dani00003/mCREAM/experiments/CUB/train_cbm/Standard_CUB/cub_progressive_noise/CREAM_cub_progressive_noise/noise_010/lightning_logs/version_0/intervention_results.csv
cub,10,0.0999958908612754,True,19.0,0.9131860733032228,/home/dani00003/mCREAM/experiments/CUB/train_cbm/Standard_CUB/cub_progressive_noise/CREAM_cub_progressive_noise/noise_010/lightning_logs/version_0/intervention_results.csv
cub,10,0.0999958908612754,True,20.0,0.9200897216796876,/home/dani00003/mCREAM/experiments/CUB/train_cbm/Standard_CUB/cub_progressive_noise/CREAM_cub_progressive_noise/noise_010/lightning_logs/version_0/intervention_results.csv
cub,10,0.0999958908612754,True,21.0,0.9249223470687866,/home/dani00003/mCREAM/experiments/CUB/train_cbm/Standard_CUB/cub_progressive_noise/CREAM_cub_progressive_noise/noise_010/lightning_logs/version_0/intervention_results.csv
cub,10,0.0999958908612754,True,22.0,0.9332067370414734,/home/dani00003/mCREAM/experiments/CUB/train_cbm/Standard_CUB/cub_progressive_noise/CREAM_cub_progressive_noise/noise_010/lightning_logs/version_0/intervention_results.csv
cub,10,0.0999958908612754,True,23.0,0.9292371273040771,/home/dani00003/mCREAM/experiments/CUB/train_cbm/Standard_CUB/cub_progressive_noise/CREAM_cub_progressive_noise/noise_010/lightning_logs/version_0/intervention_results.csv
cub,10,0.0999958908612754,True,24.0,0.931998610496521,/home/dani00003/mCREAM/experiments/CUB/train_cbm/Standard_CUB/cub_progressive_noise/CREAM_cub_progressive_noise/noise_010/lightning_logs/version_0/intervention_results.csv
cub,10,0.0999958908612754,True,25.0,0.9338971376419068,/home/dani00003/mCREAM/experiments/CUB/train_cbm/Standard_CUB/cub_progressive_noise/CREAM_cub_progressive_noise/noise_010/lightning_logs/version_0/intervention_results.csv
cub,20,0.2000020545693622,False,0.0,0.7309285402297974,/home/dani00003/mCREAM/experiments/CUB/train_cbm/Standard_CUB/cub_progressive_noise/CREAM_cub_progressive_noise/noise_020/lightning_logs/version_0/intervention_results.csv
cub,20,0.2000020545693622,False,1.0,0.7336900234222412,/home/dani00003/mCREAM/experiments/CUB/train_cbm/Standard_CUB/cub_progressive_noise/CREAM_cub_progressive_noise/noise_020/lightning_logs/version_0/intervention_results.csv
cub,20,0.2000020545693622,False,2.0,0.7352433204650879,/home/dani00003/mCREAM/experiments/CUB/train_cbm/Standard_CUB/cub_progressive_noise/CREAM_cub_progressive_noise/noise_020/lightning_logs/version_0/intervention_results.csv
cub,20,0.2000020545693622,False,3.0,0.7359337210655212,/home/dani00003/mCREAM/experiments/CUB/train_cbm/Standard_CUB/cub_progressive_noise/CREAM_cub_progressive_noise/noise_020/lightning_logs/version_0/intervention_results.csv
cub,20,0.2000020545693622,False,4.0,0.7376596331596375,/home/dani00003/mCREAM/experiments/CUB/train_cbm/Standard_CUB/cub_progressive_noise/CREAM_cub_progressive_noise/noise_020/lightning_logs/version_0/intervention_results.csv
cub,20,0.2000020545693622,False,5.0,0.7430099844932556,/home/dani00003/mCREAM/experiments/CUB/train_cbm/Standard_CUB/cub_progressive_noise/CREAM_cub_progressive_noise/noise_020/lightning_logs/version_0/intervention_results.csv
cub,20,0.2000020545693622,False,6.0,0.7424921989440918,/home/dani00003/mCREAM/experiments/CUB/train_cbm/Standard_CUB/cub_progressive_noise/CREAM_cub_progressive_noise/noise_020/lightning_logs/version_0/intervention_results.csv
cub,20,0.2000020545693622,False,7.0,0.7447359561920166,/home/dani00003/mCREAM/experiments/CUB/train_cbm/Standard_CUB/cub_progressive_noise/CREAM_cub_progressive_noise/noise_020/lightning_logs/version_0/intervention_results.csv
cub,20,0.2000020545693622,False,8.0,0.7506040930747986,/home/dani00003/mCREAM/experiments/CUB/train_cbm/Standard_CUB/cub_progressive_noise/CREAM_cub_progressive_noise/noise_020/lightning_logs/version_0/intervention_results.csv
cub,20,0.2000020545693622,False,9.0,0.7492233514785767,/home/dani00003/mCREAM/experiments/CUB/train_cbm/Standard_CUB/cub_progressive_noise/CREAM_cub_progressive_noise/noise_020/lightning_logs/version_0/intervention_results.csv
cub,20,0.2000020545693622,False,10.0,0.748187780380249,/home/dani00003/mCREAM/experiments/CUB/train_cbm/Standard_CUB/cub_progressive_noise/CREAM_cub_progressive_noise/noise_020/lightning_logs/version_0/intervention_results.csv
cub,20,0.2000020545693622,False,11.0,0.7571625709533691,/home/dani00003/mCREAM/experiments/CUB/train_cbm/Standard_CUB/cub_progressive_noise/CREAM_cub_progressive_noise/noise_020/lightning_logs/version_0/intervention_results.csv
cub,20,0.2000020545693622,False,12.0,0.7595788836479187,/home/dani00003/mCREAM/experiments/CUB/train_cbm/Standard_CUB/cub_progressive_noise/CREAM_cub_progressive_noise/noise_020/lightning_logs/version_0/intervention_results.csv
cub,20,0.2000020545693622,False,13.0,0.7590610980987549,/home/dani00003/mCREAM/experiments/CUB/train_cbm/Standard_CUB/cub_progressive_noise/CREAM_cub_progressive_noise/noise_020/lightning_logs/version_0/intervention_results.csv
cub,20,0.2000020545693622,False,14.0,0.7614774107933044,/home/dani00003/mCREAM/experiments/CUB/train_cbm/Standard_CUB/cub_progressive_noise/CREAM_cub_progressive_noise/noise_020/lightning_logs/version_0/intervention_results.csv
cub,20,0.2000020545693622,False,15.0,0.7640662789344788,/home/dani00003/mCREAM/experiments/CUB/train_cbm/Standard_CUB/cub_progressive_noise/CREAM_cub_progressive_noise/noise_020/lightning_logs/version_0/intervention_results.csv
cub,20,0.2000020545693622,False,16.0,0.7659648060798645,/home/dani00003/mCREAM/experiments/CUB/train_cbm/Standard_CUB/cub_progressive_noise/CREAM_cub_progressive_noise/noise_020/lightning_logs/version_0/intervention_results.csv
cub,20,0.2000020545693622,False,17.0,0.7721781134605408,/home/dani00003/mCREAM/experiments/CUB/train_cbm/Standard_CUB/cub_progressive_noise/CREAM_cub_progressive_noise/noise_020/lightning_logs/version_0/intervention_results.csv
cub,20,0.2000020545693622,False,18.0,0.7706247568130493,/home/dani00003/mCREAM/experiments/CUB/train_cbm/Standard_CUB/cub_progressive_noise/CREAM_cub_progressive_noise/noise_020/lightning_logs/version_0/intervention_results.csv
cub,20,0.2000020545693622,False,19.0,0.7723507285118103,/home/dani00003/mCREAM/experiments/CUB/train_cbm/Standard_CUB/cub_progressive_noise/CREAM_cub_progressive_noise/noise_020/lightning_logs/version_0/intervention_results.csv
cub,20,0.2000020545693622,False,20.0,0.7799447774887085,/home/dani00003/mCREAM/experiments/CUB/train_cbm/Standard_CUB/cub_progressive_noise/CREAM_cub_progressive_noise/noise_020/lightning_logs/version_0/intervention_results.csv
cub,20,0.2000020545693622,False,21.0,0.7785640358924866,/home/dani00003/mCREAM/experiments/CUB/train_cbm/Standard_CUB/cub_progressive_noise/CREAM_cub_progressive_noise/noise_020/lightning_logs/version_0/intervention_results.csv
cub,20,0.2000020545693622,False,22.0,0.7787365913391113,/home/dani00003/mCREAM/experiments/CUB/train_cbm/Standard_CUB/cub_progressive_noise/CREAM_cub_progressive_noise/noise_020/lightning_logs/version_0/intervention_results.csv
cub,20,0.2000020545693622,False,23.0,0.7875388264656067,/home/dani00003/mCREAM/experiments/CUB/train_cbm/Standard_CUB/cub_progressive_noise/CREAM_cub_progressive_noise/noise_020/lightning_logs/version_0/intervention_results.csv
cub,20,0.2000020545693622,False,24.0,0.7859854698181152,/home/dani00003/mCREAM/experiments/CUB/train_cbm/Standard_CUB/cub_progressive_noise/CREAM_cub_progressive_noise/noise_020/lightning_logs/version_0/intervention_results.csv
cub,20,0.2000020545693622,False,25.0,0.7863306999206543,/home/dani00003/mCREAM/experiments/CUB/train_cbm/Standard_CUB/cub_progressive_noise/CREAM_cub_progressive_noise/noise_020/lightning_logs/version_0/intervention_results.csv
cub,20,0.2000020545693622,False,26.0,0.7921988368034363,/home/dani00003/mCREAM/experiments/CUB/train_cbm/Standard_CUB/cub_progressive_noise/CREAM_cub_progressive_noise/noise_020/lightning_logs/version_0/intervention_results.csv
cub,20,0.2000020545693622,False,27.0,0.7928891777992249,/home/dani00003/mCREAM/experiments/CUB/train_cbm/Standard_CUB/cub_progressive_noise/CREAM_cub_progressive_noise/noise_020/lightning_logs/version_0/intervention_results.csv
cub,20,0.2000020545693622,False,28.0,0.7953054904937744,/home/dani00003/mCREAM/experiments/CUB/train_cbm/Standard_CUB/cub_progressive_noise/CREAM_cub_progressive_noise/noise_020/lightning_logs/version_0/intervention_results.csv
cub,20,0.2000020545693622,False,29.0,0.7997928857803345,/home/dani00003/mCREAM/experiments/CUB/train_cbm/Standard_CUB/cub_progressive_noise/CREAM_cub_progressive_noise/noise_020/lightning_logs/version_0/intervention_results.csv
cub,20,0.2000020545693622,False,30.0,0.8016914129257202,/home/dani00003/mCREAM/experiments/CUB/train_cbm/Standard_CUB/cub_progressive_noise/CREAM_cub_progressive_noise/noise_020/lightning_logs/version_0/intervention_results.csv
cub,20,0.2000020545693622,False,31.0,0.8046254515647888,/home/dani00003/mCREAM/experiments/CUB/train_cbm/Standard_CUB/cub_progressive_noise/CREAM_cub_progressive_noise/noise_020/lightning_logs/version_0/intervention_results.csv
cub,20,0.2000020545693622,False,32.0,0.8073869347572327,/home/dani00003/mCREAM/experiments/CUB/train_cbm/Standard_CUB/cub_progressive_noise/CREAM_cub_progressive_noise/noise_020/lightning_logs/version_0/intervention_results.csv
cub,20,0.2000020545693622,False,33.0,0.809975802898407,/home/dani00003/mCREAM/experiments/CUB/train_cbm/Standard_CUB/cub_progressive_noise/CREAM_cub_progressive_noise/noise_020/lightning_logs/version_0/intervention_results.csv
cub,20,0.2000020545693622,False,34.0,0.8194684386253357,/home/dani00003/mCREAM/experiments/CUB/train_cbm/Standard_CUB/cub_progressive_noise/CREAM_cub_progressive_noise/noise_020/lightning_logs/version_0/intervention_results.csv
cub,20,0.2000020545693622,False,35.0,0.8182602524757385,/home/dani00003/mCREAM/experiments/CUB/train_cbm/Standard_CUB/cub_progressive_noise/CREAM_cub_progressive_noise/noise_020/lightning_logs/version_0/intervention_results.csv
cub,20,0.2000020545693622,False,36.0,0.8213669061660767,/home/dani00003/mCREAM/experiments/CUB/train_cbm/Standard_CUB/cub_progressive_noise/CREAM_cub_progressive_noise/noise_020/lightning_logs/version_0/intervention_results.csv
cub,20,0.2000020545693622,False,37.0,0.8196409940719604,/home/dani00003/mCREAM/experiments/CUB/train_cbm/Standard_CUB/cub_progressive_noise/CREAM_cub_progressive_noise/noise_020/lightning_logs/version_0/intervention_results.csv
cub,20,0.2000020545693622,False,38.0,0.8229202628135681,/home/dani00003/mCREAM/experiments/CUB/train_cbm/Standard_CUB/cub_progressive_noise/CREAM_cub_progressive_noise/noise_020/lightning_logs/version_0/intervention_results.csv
cub,20,0.2000020545693622,False,39.0,0.8327580094337463,/home/dani00003/mCREAM/experiments/CUB/train_cbm/Standard_CUB/cub_progressive_noise/CREAM_cub_progressive_noise/noise_020/lightning_logs/version_0/intervention_results.csv
cub,20,0.2000020545693622,False,40.0,0.8287883996963501,/home/dani00003/mCREAM/experiments/CUB/train_cbm/Standard_CUB/cub_progressive_noise/CREAM_cub_progressive_noise/noise_020/lightning_logs/version_0/intervention_results.csv
cub,20,0.2000020545693622,False,41.0,0.8343113660812378,/home/dani00003/mCREAM/experiments/CUB/train_cbm/Standard_CUB/cub_progressive_noise/CREAM_cub_progressive_noise/noise_020/lightning_logs/version_0/intervention_results.csv
cub,20,0.2000020545693622,False,42.0,0.8327580094337463,/home/dani00003/mCREAM/experiments/CUB/train_cbm/Standard_CUB/cub_progressive_noise/CREAM_cub_progressive_noise/noise_020/lightning_logs/version_0/intervention_results.csv
cub,20,0.2000020545693622,False,43.0,0.8405246734619141,/home/dani00003/mCREAM/experiments/CUB/train_cbm/Standard_CUB/cub_progressive_noise/CREAM_cub_progressive_noise/noise_020/lightning_logs/version_0/intervention_results.csv
cub,20,0.2000020545693622,False,44.0,0.8370728492736816,/home/dani00003/mCREAM/experiments/CUB/train_cbm/Standard_CUB/cub_progressive_noise/CREAM_cub_progressive_noise/noise_020/lightning_logs/version_0/intervention_results.csv
cub,20,0.2000020545693622,False,45.0,0.8408698439598083,/home/dani00003/mCREAM/experiments/CUB/train_cbm/Standard_CUB/cub_progressive_noise/CREAM_cub_progressive_noise/noise_020/lightning_logs/version_0/intervention_results.csv
cub,20,0.2000020545693622,False,46.0,0.839661717414856,/home/dani00003/mCREAM/experiments/CUB/train_cbm/Standard_CUB/cub_progressive_noise/CREAM_cub_progressive_noise/noise_020/lightning_logs/version_0/intervention_results.csv
cub,20,0.2000020545693622,False,47.0,0.8422505855560303,/home/dani00003/mCREAM/experiments/CUB/train_cbm/Standard_CUB/cub_progressive_noise/CREAM_cub_progressive_noise/noise_020/lightning_logs/version_0/intervention_results.csv
cub,20,0.2000020545693622,False,48.0,0.8491542935371399,/home/dani00003/mCREAM/experiments/CUB/train_cbm/Standard_CUB/cub_progressive_noise/CREAM_cub_progressive_noise/noise_020/lightning_logs/version_0/intervention_results.csv
cub,20,0.2000020545693622,False,49.0,0.8513979911804199,/home/dani00003/mCREAM/experiments/CUB/train_cbm/Standard_CUB/cub_progressive_noise/CREAM_cub_progressive_noise/noise_020/lightning_logs/version_0/intervention_results.csv
cub,20,0.2000020545693622,False,50.0,0.8508802056312561,/home/dani00003/mCREAM/experiments/CUB/train_cbm/Standard_CUB/cub_progressive_noise/CREAM_cub_progressive_noise/noise_020/lightning_logs/version_0/intervention_results.csv
cub,20,0.2000020545693622,False,51.0,0.8572661280632019,/home/dani00003/mCREAM/experiments/CUB/train_cbm/Standard_CUB/cub_progressive_noise/CREAM_cub_progressive_noise/noise_020/lightning_logs/version_0/intervention_results.csv
cub,20,0.2000020545693622,False,52.0,0.85812908411026,/home/dani00003/mCREAM/experiments/CUB/train_cbm/Standard_CUB/cub_progressive_noise/CREAM_cub_progressive_noise/noise_020/lightning_logs/version_0/intervention_results.csv
cub,20,0.2000020545693622,False,53.0,0.8610631823539734,/home/dani00003/mCREAM/experiments/CUB/train_cbm/Standard_CUB/cub_progressive_noise/CREAM_cub_progressive_noise/noise_020/lightning_logs/version_0/intervention_results.csv
cub,20,0.2000020545693622,False,54.0,0.8619261384010315,/home/dani00003/mCREAM/experiments/CUB/train_cbm/Standard_CUB/cub_progressive_noise/CREAM_cub_progressive_noise/noise_020/lightning_logs/version_0/intervention_results.csv
cub,20,0.2000020545693622,False,55.0,0.8657231330871582,/home/dani00003/mCREAM/experiments/CUB/train_cbm/Standard_CUB/cub_progressive_noise/CREAM_cub_progressive_noise/noise_020/lightning_logs/version_0/intervention_results.csv
cub,20,0.2000020545693622,False,56.0,0.8653779625892639,/home/dani00003/mCREAM/experiments/CUB/train_cbm/Standard_CUB/cub_progressive_noise/CREAM_cub_progressive_noise/noise_020/lightning_logs/version_0/intervention_results.csv
cub,20,0.2000020545693622,False,57.0,0.8683120608329773,/home/dani00003/mCREAM/experiments/CUB/train_cbm/Standard_CUB/cub_progressive_noise/CREAM_cub_progressive_noise/noise_020/lightning_logs/version_0/intervention_results.csv
cub,20,0.2000020545693622,False,58.0,0.8731446266174316,/home/dani00003/mCREAM/experiments/CUB/train_cbm/Standard_CUB/cub_progressive_noise/CREAM_cub_progressive_noise/noise_020/lightning_logs/version_0/intervention_results.csv
cub,20,0.2000020545693622,False,59.0,0.8722816705703735,/home/dani00003/mCREAM/experiments/CUB/train_cbm/Standard_CUB/cub_progressive_noise/CREAM_cub_progressive_noise/noise_020/lightning_logs/version_0/intervention_results.csv
cub,20,0.2000020545693622,False,60.0,0.8755609393119812,/home/dani00003/mCREAM/experiments/CUB/train_cbm/Standard_CUB/cub_progressive_noise/CREAM_cub_progressive_noise/noise_020/lightning_logs/version_0/intervention_results.csv
cub,20,0.2000020545693622,False,61.0,0.875733494758606,/home/dani00003/mCREAM/experiments/CUB/train_cbm/Standard_CUB/cub_progressive_noise/CREAM_cub_progressive_noise/noise_020/lightning_logs/version_0/intervention_results.csv
cub,20,0.2000020545693622,False,62.0,0.8800483345985413,/home/dani00003/mCREAM/experiments/CUB/train_cbm/Standard_CUB/cub_progressive_noise/CREAM_cub_progressive_noise/noise_020/lightning_logs/version_0/intervention_results.csv
cub,20,0.2000020545693622,False,63.0,0.8850535154342651,/home/dani00003/mCREAM/experiments/CUB/train_cbm/Standard_CUB/cub_progressive_noise/CREAM_cub_progressive_noise/noise_020/lightning_logs/version_0/intervention_results.csv
cub,20,0.2000020545693622,False,64.0,0.8845357298851013,/home/dani00003/mCREAM/experiments/CUB/train_cbm/Standard_CUB/cub_progressive_noise/CREAM_cub_progressive_noise/noise_020/lightning_logs/version_0/intervention_results.csv
cub,20,0.2000020545693622,False,65.0,0.8828098177909851,/home/dani00003/mCREAM/experiments/CUB/train_cbm/Standard_CUB/cub_progressive_noise/CREAM_cub_progressive_noise/noise_020/lightning_logs/version_0/intervention_results.csv
cub,20,0.2000020545693622,False,66.0,0.8869520425796509,/home/dani00003/mCREAM/experiments/CUB/train_cbm/Standard_CUB/cub_progressive_noise/CREAM_cub_progressive_noise/noise_020/lightning_logs/version_0/intervention_results.csv
cub,20,0.2000020545693622,False,67.0,0.8910942077636719,/home/dani00003/mCREAM/experiments/CUB/train_cbm/Standard_CUB/cub_progressive_noise/CREAM_cub_progressive_noise/noise_020/lightning_logs/version_0/intervention_results.csv
cub,20,0.2000020545693622,False,68.0,0.8929927349090576,/home/dani00003/mCREAM/experiments/CUB/train_cbm/Standard_CUB/cub_progressive_noise/CREAM_cub_progressive_noise/noise_020/lightning_logs/version_0/intervention_results.csv
cub,20,0.2000020545693622,False,69.0,0.8947186470031738,/home/dani00003/mCREAM/experiments/CUB/train_cbm/Standard_CUB/cub_progressive_noise/CREAM_cub_progressive_noise/noise_020/lightning_logs/version_0/intervention_results.csv
cub,20,0.2000020545693622,False,70.0,0.8890231251716614,/home/dani00003/mCREAM/experiments/CUB/train_cbm/Standard_CUB/cub_progressive_noise/CREAM_cub_progressive_noise/noise_020/lightning_logs/version_0/intervention_results.csv
cub,20,0.2000020545693622,False,71.0,0.8943734765052795,/home/dani00003/mCREAM/experiments/CUB/train_cbm/Standard_CUB/cub_progressive_noise/CREAM_cub_progressive_noise/noise_020/lightning_logs/version_0/intervention_results.csv
cub,20,0.2000020545693622,False,72.0,0.8952364325523376,/home/dani00003/mCREAM/experiments/CUB/train_cbm/Standard_CUB/cub_progressive_noise/CREAM_cub_progressive_noise/noise_020/lightning_logs/version_0/intervention_results.csv
cub,20,0.2000020545693622,False,73.0,0.9019675254821776,/home/dani00003/mCREAM/experiments/CUB/train_cbm/Standard_CUB/cub_progressive_noise/CREAM_cub_progressive_noise/noise_020/lightning_logs/version_0/intervention_results.csv
cub,20,0.2000020545693622,False,74.0,0.8990334868431091,/home/dani00003/mCREAM/experiments/CUB/train_cbm/Standard_CUB/cub_progressive_noise/CREAM_cub_progressive_noise/noise_020/lightning_logs/version_0/intervention_results.csv
cub,20,0.2000020545693622,False,75.0,0.8964446187019348,/home/dani00003/mCREAM/experiments/CUB/train_cbm/Standard_CUB/cub_progressive_noise/CREAM_cub_progressive_noise/noise_020/lightning_logs/version_0/intervention_results.csv
cub,20,0.2000020545693622,False,76.0,0.9009320139884948,/home/dani00003/mCREAM/experiments/CUB/train_cbm/Standard_CUB/cub_progressive_noise/CREAM_cub_progressive_noise/noise_020/lightning_logs/version_0/intervention_results.csv
cub,20,0.2000020545693622,False,77.0,0.9100793600082396,/home/dani00003/mCREAM/experiments/CUB/train_cbm/Standard_CUB/cub_progressive_noise/CREAM_cub_progressive_noise/noise_020/lightning_logs/version_0/intervention_results.csv
cub,20,0.2000020545693622,False,78.0,0.9083534479141236,/home/dani00003/mCREAM/experiments/CUB/train_cbm/Standard_CUB/cub_progressive_noise/CREAM_cub_progressive_noise/noise_020/lightning_logs/version_0/intervention_results.csv
cub,20,0.2000020545693622,False,79.0,0.9074904918670654,/home/dani00003/mCREAM/experiments/CUB/train_cbm/Standard_CUB/cub_progressive_noise/CREAM_cub_progressive_noise/noise_020/lightning_logs/version_0/intervention_results.csv
cub,20,0.2000020545693622,False,80.0,0.9069727063179016,/home/dani00003/mCREAM/experiments/CUB/train_cbm/Standard_CUB/cub_progressive_noise/CREAM_cub_progressive_noise/noise_020/lightning_logs/version_0/intervention_results.csv
cub,20,0.2000020545693622,False,81.0,0.9111149311065674,/home/dani00003/mCREAM/experiments/CUB/train_cbm/Standard_CUB/cub_progressive_noise/CREAM_cub_progressive_noise/noise_020/lightning_logs/version_0/intervention_results.csv
cub,20,0.2000020545693622,False,82.0,0.9093890190124512,/home/dani00003/mCREAM/experiments/CUB/train_cbm/Standard_CUB/cub_progressive_noise/CREAM_cub_progressive_noise/noise_020/lightning_logs/version_0/intervention_results.csv
cub,20,0.2000020545693622,False,83.0,0.9126682877540588,/home/dani00003/mCREAM/experiments/CUB/train_cbm/Standard_CUB/cub_progressive_noise/CREAM_cub_progressive_noise/noise_020/lightning_logs/version_0/intervention_results.csv
cub,20,0.2000020545693622,False,84.0,0.9104245901107788,/home/dani00003/mCREAM/experiments/CUB/train_cbm/Standard_CUB/cub_progressive_noise/CREAM_cub_progressive_noise/noise_020/lightning_logs/version_0/intervention_results.csv
cub,20,0.2000020545693622,False,85.0,0.9135312438011168,/home/dani00003/mCREAM/experiments/CUB/train_cbm/Standard_CUB/cub_progressive_noise/CREAM_cub_progressive_noise/noise_020/lightning_logs/version_0/intervention_results.csv
cub,20,0.2000020545693622,False,86.0,0.9154297709465028,/home/dani00003/mCREAM/experiments/CUB/train_cbm/Standard_CUB/cub_progressive_noise/CREAM_cub_progressive_noise/noise_020/lightning_logs/version_0/intervention_results.csv
cub,20,0.2000020545693622,False,87.0,0.9152571558952332,/home/dani00003/mCREAM/experiments/CUB/train_cbm/Standard_CUB/cub_progressive_noise/CREAM_cub_progressive_noise/noise_020/lightning_logs/version_0/intervention_results.csv
cub,20,0.2000020545693622,False,88.0,0.9130134582519532,/home/dani00003/mCREAM/experiments/CUB/train_cbm/Standard_CUB/cub_progressive_noise/CREAM_cub_progressive_noise/noise_020/lightning_logs/version_0/intervention_results.csv
cub,20,0.2000020545693622,False,89.0,0.9175008535385132,/home/dani00003/mCREAM/experiments/CUB/train_cbm/Standard_CUB/cub_progressive_noise/CREAM_cub_progressive_noise/noise_020/lightning_logs/version_0/intervention_results.csv
cub,20,0.2000020545693622,False,90.0,0.9181912541389464,/home/dani00003/mCREAM/experiments/CUB/train_cbm/Standard_CUB/cub_progressive_noise/CREAM_cub_progressive_noise/noise_020/lightning_logs/version_0/intervention_results.csv
cub,20,0.2000020545693622,False,91.0,0.9176734685897828,/home/dani00003/mCREAM/experiments/CUB/train_cbm/Standard_CUB/cub_progressive_noise/CREAM_cub_progressive_noise/noise_020/lightning_logs/version_0/intervention_results.csv
cub,20,0.2000020545693622,False,92.0,0.9175008535385132,/home/dani00003/mCREAM/experiments/CUB/train_cbm/Standard_CUB/cub_progressive_noise/CREAM_cub_progressive_noise/noise_020/lightning_logs/version_0/intervention_results.csv
cub,20,0.2000020545693622,False,93.0,0.9162927269935608,/home/dani00003/mCREAM/experiments/CUB/train_cbm/Standard_CUB/cub_progressive_noise/CREAM_cub_progressive_noise/noise_020/lightning_logs/version_0/intervention_results.csv
cub,20,0.2000020545693622,False,94.0,0.9214704632759094,/home/dani00003/mCREAM/experiments/CUB/train_cbm/Standard_CUB/cub_progressive_noise/CREAM_cub_progressive_noise/noise_020/lightning_logs/version_0/intervention_results.csv
cub,20,0.2000020545693622,False,95.0,0.9235416054725648,/home/dani00003/mCREAM/experiments/CUB/train_cbm/Standard_CUB/cub_progressive_noise/CREAM_cub_progressive_noise/noise_020/lightning_logs/version_0/intervention_results.csv
cub,20,0.2000020545693622,False,96.0,0.9199171662330629,/home/dani00003/mCREAM/experiments/CUB/train_cbm/Standard_CUB/cub_progressive_noise/CREAM_cub_progressive_noise/noise_020/lightning_logs/version_0/intervention_results.csv
cub,20,0.2000020545693622,False,97.0,0.9173282384872437,/home/dani00003/mCREAM/experiments/CUB/train_cbm/Standard_CUB/cub_progressive_noise/CREAM_cub_progressive_noise/noise_020/lightning_logs/version_0/intervention_results.csv
cub,20,0.2000020545693622,False,98.0,0.9235416054725648,/home/dani00003/mCREAM/experiments/CUB/train_cbm/Standard_CUB/cub_progressive_noise/CREAM_cub_progressive_noise/noise_020/lightning_logs/version_0/intervention_results.csv
cub,20,0.2000020545693622,False,99.0,0.9226786494255066,/home/dani00003/mCREAM/experiments/CUB/train_cbm/Standard_CUB/cub_progressive_noise/CREAM_cub_progressive_noise/noise_020/lightning_logs/version_0/intervention_results.csv
cub,20,0.2000020545693622,False,100.0,0.9231963753700256,/home/dani00003/mCREAM/experiments/CUB/train_cbm/Standard_CUB/cub_progressive_noise/CREAM_cub_progressive_noise/noise_020/lightning_logs/version_0/intervention_results.csv
cub,20,0.2000020545693622,False,101.0,0.920262336730957,/home/dani00003/mCREAM/experiments/CUB/train_cbm/Standard_CUB/cub_progressive_noise/CREAM_cub_progressive_noise/noise_020/lightning_logs/version_0/intervention_results.csv
cub,20,0.2000020545693622,False,102.0,0.9218156933784484,/home/dani00003/mCREAM/experiments/CUB/train_cbm/Standard_CUB/cub_progressive_noise/CREAM_cub_progressive_noise/noise_020/lightning_logs/version_0/intervention_results.csv
cub,20,0.2000020545693622,False,103.0,0.926130473613739,/home/dani00003/mCREAM/experiments/CUB/train_cbm/Standard_CUB/cub_progressive_noise/CREAM_cub_progressive_noise/noise_020/lightning_logs/version_0/intervention_results.csv
cub,20,0.2000020545693622,False,104.0,0.9247497320175172,/home/dani00003/mCREAM/experiments/CUB/train_cbm/Standard_CUB/cub_progressive_noise/CREAM_cub_progressive_noise/noise_020/lightning_logs/version_0/intervention_results.csv
cub,20,0.2000020545693622,False,105.0,0.9228512048721312,/home/dani00003/mCREAM/experiments/CUB/train_cbm/Standard_CUB/cub_progressive_noise/CREAM_cub_progressive_noise/noise_020/lightning_logs/version_0/intervention_results.csv
cub,20,0.2000020545693622,False,106.0,0.9237141609191896,/home/dani00003/mCREAM/experiments/CUB/train_cbm/Standard_CUB/cub_progressive_noise/CREAM_cub_progressive_noise/noise_020/lightning_logs/version_0/intervention_results.csv
cub,20,0.2000020545693622,False,107.0,0.921643078327179,/home/dani00003/mCREAM/experiments/CUB/train_cbm/Standard_CUB/cub_progressive_noise/CREAM_cub_progressive_noise/noise_020/lightning_logs/version_0/intervention_results.csv
cub,20,0.2000020545693622,False,108.0,0.923886775970459,/home/dani00003/mCREAM/experiments/CUB/train_cbm/Standard_CUB/cub_progressive_noise/CREAM_cub_progressive_noise/noise_020/lightning_logs/version_0/intervention_results.csv
cub,20,0.2000020545693622,False,109.0,0.9207801222801208,/home/dani00003/mCREAM/experiments/CUB/train_cbm/Standard_CUB/cub_progressive_noise/CREAM_cub_progressive_noise/noise_020/lightning_logs/version_0/intervention_results.csv
cub,20,0.2000020545693622,False,110.0,0.9230238199234008,/home/dani00003/mCREAM/experiments/CUB/train_cbm/Standard_CUB/cub_progressive_noise/CREAM_cub_progressive_noise/noise_020/lightning_logs/version_0/intervention_results.csv
cub,20,0.2000020545693622,False,111.0,0.9211252927780152,/home/dani00003/mCREAM/experiments/CUB/train_cbm/Standard_CUB/cub_progressive_noise/CREAM_cub_progressive_noise/noise_020/lightning_logs/version_0/intervention_results.csv
cub,20,0.2000020545693622,False,112.0,0.9214704632759094,/home/dani00003/mCREAM/experiments/CUB/train_cbm/Standard_CUB/cub_progressive_noise/CREAM_cub_progressive_noise/noise_020/lightning_logs/version_0/intervention_results.csv
cub,20,0.2000020545693622,True,0.0,0.7309285402297974,/home/dani00003/mCREAM/experiments/CUB/train_cbm/Standard_CUB/cub_progressive_noise/CREAM_cub_progressive_noise/noise_020/lightning_logs/version_0/intervention_results.csv
cub,20,0.2000020545693622,True,1.0,0.7404211163520813,/home/dani00003/mCREAM/experiments/CUB/train_cbm/Standard_CUB/cub_progressive_noise/CREAM_cub_progressive_noise/noise_020/lightning_logs/version_0/intervention_results.csv
cub,20,0.2000020545693622,True,2.0,0.7528477907180786,/home/dani00003/mCREAM/experiments/CUB/train_cbm/Standard_CUB/cub_progressive_noise/CREAM_cub_progressive_noise/noise_020/lightning_logs/version_0/intervention_results.csv
cub,20,0.2000020545693622,True,3.0,0.7602692246437073,/home/dani00003/mCREAM/experiments/CUB/train_cbm/Standard_CUB/cub_progressive_noise/CREAM_cub_progressive_noise/noise_020/lightning_logs/version_0/intervention_results.csv
cub,20,0.2000020545693622,True,4.0,0.7694166302680969,/home/dani00003/mCREAM/experiments/CUB/train_cbm/Standard_CUB/cub_progressive_noise/CREAM_cub_progressive_noise/noise_020/lightning_logs/version_0/intervention_results.csv
cub,20,0.2000020545693622,True,5.0,0.7825336456298828,/home/dani00003/mCREAM/experiments/CUB/train_cbm/Standard_CUB/cub_progressive_noise/CREAM_cub_progressive_noise/noise_020/lightning_logs/version_0/intervention_results.csv
cub,20,0.2000020545693622,True,6.0,0.7896099090576172,/home/dani00003/mCREAM/experiments/CUB/train_cbm/Standard_CUB/cub_progressive_noise/CREAM_cub_progressive_noise/noise_020/lightning_logs/version_0/intervention_results.csv
cub,20,0.2000020545693622,True,7.0,0.7985847592353821,/home/dani00003/mCREAM/experiments/CUB/train_cbm/Standard_CUB/cub_progressive_noise/CREAM_cub_progressive_noise/noise_020/lightning_logs/version_0/intervention_results.csv
cub,20,0.2000020545693622,True,8.0,0.809975802898407,/home/dani00003/mCREAM/experiments/CUB/train_cbm/Standard_CUB/cub_progressive_noise/CREAM_cub_progressive_noise/noise_020/lightning_logs/version_0/intervention_results.csv
cub,20,0.2000020545693622,True,9.0,0.8229202628135681,/home/dani00003/mCREAM/experiments/CUB/train_cbm/Standard_CUB/cub_progressive_noise/CREAM_cub_progressive_noise/noise_020/lightning_logs/version_0/intervention_results.csv
cub,20,0.2000020545693622,True,10.0,0.8339661955833435,/home/dani00003/mCREAM/experiments/CUB/train_cbm/Standard_CUB/cub_progressive_noise/CREAM_cub_progressive_noise/noise_020/lightning_logs/version_0/intervention_results.csv
cub,20,0.2000020545693622,True,11.0,0.8387987613677979,/home/dani00003/mCREAM/experiments/CUB/train_cbm/Standard_CUB/cub_progressive_noise/CREAM_cub_progressive_noise/noise_020/lightning_logs/version_0/intervention_results.csv
cub,20,0.2000020545693622,True,12.0,0.8503624200820923,/home/dani00003/mCREAM/experiments/CUB/train_cbm/Standard_CUB/cub_progressive_noise/CREAM_cub_progressive_noise/noise_020/lightning_logs/version_0/intervention_results.csv
cub,20,0.2000020545693622,True,13.0,0.8508802056312561,/home/dani00003/mCREAM/experiments/CUB/train_cbm/Standard_CUB/cub_progressive_noise/CREAM_cub_progressive_noise/noise_020/lightning_logs/version_0/intervention_results.csv
cub,20,0.2000020545693622,True,14.0,0.8740075826644897,/home/dani00003/mCREAM/experiments/CUB/train_cbm/Standard_CUB/cub_progressive_noise/CREAM_cub_progressive_noise/noise_020/lightning_logs/version_0/intervention_results.csv
cub,20,0.2000020545693622,True,15.0,0.8771142363548279,/home/dani00003/mCREAM/experiments/CUB/train_cbm/Standard_CUB/cub_progressive_noise/CREAM_cub_progressive_noise/noise_020/lightning_logs/version_0/intervention_results.csv
cub,20,0.2000020545693622,True,16.0,0.8895409107208252,/home/dani00003/mCREAM/experiments/CUB/train_cbm/Standard_CUB/cub_progressive_noise/CREAM_cub_progressive_noise/noise_020/lightning_logs/version_0/intervention_results.csv
cub,20,0.2000020545693622,True,17.0,0.8948912620544434,/home/dani00003/mCREAM/experiments/CUB/train_cbm/Standard_CUB/cub_progressive_noise/CREAM_cub_progressive_noise/noise_020/lightning_logs/version_0/intervention_results.csv
cub,20,0.2000020545693622,True,18.0,0.9047290086746216,/home/dani00003/mCREAM/experiments/CUB/train_cbm/Standard_CUB/cub_progressive_noise/CREAM_cub_progressive_noise/noise_020/lightning_logs/version_0/intervention_results.csv
cub,20,0.2000020545693622,True,19.0,0.9055919647216796,/home/dani00003/mCREAM/experiments/CUB/train_cbm/Standard_CUB/cub_progressive_noise/CREAM_cub_progressive_noise/noise_020/lightning_logs/version_0/intervention_results.csv
cub,20,0.2000020545693622,True,20.0,0.9104245901107788,/home/dani00003/mCREAM/experiments/CUB/train_cbm/Standard_CUB/cub_progressive_noise/CREAM_cub_progressive_noise/noise_020/lightning_logs/version_0/intervention_results.csv
cub,20,0.2000020545693622,True,21.0,0.9150845408439636,/home/dani00003/mCREAM/experiments/CUB/train_cbm/Standard_CUB/cub_progressive_noise/CREAM_cub_progressive_noise/noise_020/lightning_logs/version_0/intervention_results.csv
cub,20,0.2000020545693622,True,22.0,0.9200897216796876,/home/dani00003/mCREAM/experiments/CUB/train_cbm/Standard_CUB/cub_progressive_noise/CREAM_cub_progressive_noise/noise_020/lightning_logs/version_0/intervention_results.csv
cub,20,0.2000020545693622,True,23.0,0.9221608638763428,/home/dani00003/mCREAM/experiments/CUB/train_cbm/Standard_CUB/cub_progressive_noise/CREAM_cub_progressive_noise/noise_020/lightning_logs/version_0/intervention_results.csv
cub,20,0.2000020545693622,True,24.0,0.9218156933784484,/home/dani00003/mCREAM/experiments/CUB/train_cbm/Standard_CUB/cub_progressive_noise/CREAM_cub_progressive_noise/noise_020/lightning_logs/version_0/intervention_results.csv
cub,20,0.2000020545693622,True,25.0,0.9230238199234008,/home/dani00003/mCREAM/experiments/CUB/train_cbm/Standard_CUB/cub_progressive_noise/CREAM_cub_progressive_noise/noise_020/lightning_logs/version_0/intervention_results.csv
cub,30,0.2999979454306377,False,0.0,0.731964111328125,/home/dani00003/mCREAM/experiments/CUB/train_cbm/Standard_CUB/cub_progressive_noise/CREAM_cub_progressive_noise/noise_030/lightning_logs/version_0/intervention_results.csv
cub,30,0.2999979454306377,False,1.0,0.7352433204650879,/home/dani00003/mCREAM/experiments/CUB/train_cbm/Standard_CUB/cub_progressive_noise/CREAM_cub_progressive_noise/noise_030/lightning_logs/version_0/intervention_results.csv
cub,30,0.2999979454306377,False,2.0,0.7383500337600708,/home/dani00003/mCREAM/experiments/CUB/train_cbm/Standard_CUB/cub_progressive_noise/CREAM_cub_progressive_noise/noise_030/lightning_logs/version_0/intervention_results.csv
cub,30,0.2999979454306377,False,3.0,0.7381774187088013,/home/dani00003/mCREAM/experiments/CUB/train_cbm/Standard_CUB/cub_progressive_noise/CREAM_cub_progressive_noise/noise_030/lightning_logs/version_0/intervention_results.csv
cub,30,0.2999979454306377,False,4.0,0.742319643497467,/home/dani00003/mCREAM/experiments/CUB/train_cbm/Standard_CUB/cub_progressive_noise/CREAM_cub_progressive_noise/noise_030/lightning_logs/version_0/intervention_results.csv
cub,30,0.2999979454306377,False,5.0,0.7447359561920166,/home/dani00003/mCREAM/experiments/CUB/train_cbm/Standard_CUB/cub_progressive_noise/CREAM_cub_progressive_noise/noise_030/lightning_logs/version_0/intervention_results.csv
cub,30,0.2999979454306377,False,6.0,0.7426648139953613,/home/dani00003/mCREAM/experiments/CUB/train_cbm/Standard_CUB/cub_progressive_noise/CREAM_cub_progressive_noise/noise_030/lightning_logs/version_0/intervention_results.csv
cub,30,0.2999979454306377,False,7.0,0.7497410774230957,/home/dani00003/mCREAM/experiments/CUB/train_cbm/Standard_CUB/cub_progressive_noise/CREAM_cub_progressive_noise/noise_030/lightning_logs/version_0/intervention_results.csv
cub,30,0.2999979454306377,False,8.0,0.748187780380249,/home/dani00003/mCREAM/experiments/CUB/train_cbm/Standard_CUB/cub_progressive_noise/CREAM_cub_progressive_noise/noise_030/lightning_logs/version_0/intervention_results.csv
cub,30,0.2999979454306377,False,9.0,0.750431478023529,/home/dani00003/mCREAM/experiments/CUB/train_cbm/Standard_CUB/cub_progressive_noise/CREAM_cub_progressive_noise/noise_030/lightning_logs/version_0/intervention_results.csv
cub,30,0.2999979454306377,False,10.0,0.7531929612159729,/home/dani00003/mCREAM/experiments/CUB/train_cbm/Standard_CUB/cub_progressive_noise/CREAM_cub_progressive_noise/noise_030/lightning_logs/version_0/intervention_results.csv
cub,30,0.2999979454306377,False,11.0,0.7537107467651367,/home/dani00003/mCREAM/experiments/CUB/train_cbm/Standard_CUB/cub_progressive_noise/CREAM_cub_progressive_noise/noise_030/lightning_logs/version_0/intervention_results.csv
cub,30,0.2999979454306377,False,12.0,0.756299614906311,/home/dani00003/mCREAM/experiments/CUB/train_cbm/Standard_CUB/cub_progressive_noise/CREAM_cub_progressive_noise/noise_030/lightning_logs/version_0/intervention_results.csv
cub,30,0.2999979454306377,False,13.0,0.7619951367378235,/home/dani00003/mCREAM/experiments/CUB/train_cbm/Standard_CUB/cub_progressive_noise/CREAM_cub_progressive_noise/noise_030/lightning_logs/version_0/intervention_results.csv
cub,30,0.2999979454306377,False,14.0,0.7661373615264893,/home/dani00003/mCREAM/experiments/CUB/train_cbm/Standard_CUB/cub_progressive_noise/CREAM_cub_progressive_noise/noise_030/lightning_logs/version_0/intervention_results.csv
cub,30,0.2999979454306377,False,15.0,0.7645840644836426,/home/dani00003/mCREAM/experiments/CUB/train_cbm/Standard_CUB/cub_progressive_noise/CREAM_cub_progressive_noise/noise_030/lightning_logs/version_0/intervention_results.csv
cub,30,0.2999979454306377,False,16.0,0.7656195759773254,/home/dani00003/mCREAM/experiments/CUB/train_cbm/Standard_CUB/cub_progressive_noise/CREAM_cub_progressive_noise/noise_030/lightning_logs/version_0/intervention_results.csv
cub,30,0.2999979454306377,False,17.0,0.7701070308685303,/home/dani00003/mCREAM/experiments/CUB/train_cbm/Standard_CUB/cub_progressive_noise/CREAM_cub_progressive_noise/noise_030/lightning_logs/version_0/intervention_results.csv
cub,30,0.2999979454306377,False,18.0,0.7675181031227112,/home/dani00003/mCREAM/experiments/CUB/train_cbm/Standard_CUB/cub_progressive_noise/CREAM_cub_progressive_noise/noise_030/lightning_logs/version_0/intervention_results.csv
cub,30,0.2999979454306377,False,19.0,0.771660327911377,/home/dani00003/mCREAM/experiments/CUB/train_cbm/Standard_CUB/cub_progressive_noise/CREAM_cub_progressive_noise/noise_030/lightning_logs/version_0/intervention_results.csv
cub,30,0.2999979454306377,False,20.0,0.7754573822021484,/home/dani00003/mCREAM/experiments/CUB/train_cbm/Standard_CUB/cub_progressive_noise/CREAM_cub_progressive_noise/noise_030/lightning_logs/version_0/intervention_results.csv
cub,30,0.2999979454306377,False,21.0,0.7737314701080322,/home/dani00003/mCREAM/experiments/CUB/train_cbm/Standard_CUB/cub_progressive_noise/CREAM_cub_progressive_noise/noise_030/lightning_logs/version_0/intervention_results.csv
cub,30,0.2999979454306377,False,22.0,0.7808077335357666,/home/dani00003/mCREAM/experiments/CUB/train_cbm/Standard_CUB/cub_progressive_noise/CREAM_cub_progressive_noise/noise_030/lightning_logs/version_0/intervention_results.csv
cub,30,0.2999979454306377,False,23.0,0.7780462503433228,/home/dani00003/mCREAM/experiments/CUB/train_cbm/Standard_CUB/cub_progressive_noise/CREAM_cub_progressive_noise/noise_030/lightning_logs/version_0/intervention_results.csv
cub,30,0.2999979454306377,False,24.0,0.7847773432731628,/home/dani00003/mCREAM/experiments/CUB/train_cbm/Standard_CUB/cub_progressive_noise/CREAM_cub_progressive_noise/noise_030/lightning_logs/version_0/intervention_results.csv
cub,30,0.2999979454306377,False,25.0,0.7889195680618286,/home/dani00003/mCREAM/experiments/CUB/train_cbm/Standard_CUB/cub_progressive_noise/CREAM_cub_progressive_noise/noise_030/lightning_logs/version_0/intervention_results.csv
cub,30,0.2999979454306377,False,26.0,0.7908180952072144,/home/dani00003/mCREAM/experiments/CUB/train_cbm/Standard_CUB/cub_progressive_noise/CREAM_cub_progressive_noise/noise_030/lightning_logs/version_0/intervention_results.csv
cub,30,0.2999979454306377,False,27.0,0.7890921831130981,/home/dani00003/mCREAM/experiments/CUB/train_cbm/Standard_CUB/cub_progressive_noise/CREAM_cub_progressive_noise/noise_030/lightning_logs/version_0/intervention_results.csv
cub,30,0.2999979454306377,False,28.0,0.7953054904937744,/home/dani00003/mCREAM/experiments/CUB/train_cbm/Standard_CUB/cub_progressive_noise/CREAM_cub_progressive_noise/noise_030/lightning_logs/version_0/intervention_results.csv
cub,30,0.2999979454306377,False,29.0,0.7970314025878906,/home/dani00003/mCREAM/experiments/CUB/train_cbm/Standard_CUB/cub_progressive_noise/CREAM_cub_progressive_noise/noise_030/lightning_logs/version_0/intervention_results.csv
cub,30,0.2999979454306377,False,30.0,0.7956506609916687,/home/dani00003/mCREAM/experiments/CUB/train_cbm/Standard_CUB/cub_progressive_noise/CREAM_cub_progressive_noise/noise_030/lightning_logs/version_0/intervention_results.csv
cub,30,0.2999979454306377,False,31.0,0.798239529132843,/home/dani00003/mCREAM/experiments/CUB/train_cbm/Standard_CUB/cub_progressive_noise/CREAM_cub_progressive_noise/noise_030/lightning_logs/version_0/intervention_results.csv
cub,30,0.2999979454306377,False,32.0,0.8034173250198364,/home/dani00003/mCREAM/experiments/CUB/train_cbm/Standard_CUB/cub_progressive_noise/CREAM_cub_progressive_noise/noise_030/lightning_logs/version_0/intervention_results.csv
cub,30,0.2999979454306377,False,33.0,0.8046254515647888,/home/dani00003/mCREAM/experiments/CUB/train_cbm/Standard_CUB/cub_progressive_noise/CREAM_cub_progressive_noise/noise_030/lightning_logs/version_0/intervention_results.csv
cub,30,0.2999979454306377,False,34.0,0.8172246813774109,/home/dani00003/mCREAM/experiments/CUB/train_cbm/Standard_CUB/cub_progressive_noise/CREAM_cub_progressive_noise/noise_030/lightning_logs/version_0/intervention_results.csv
cub,30,0.2999979454306377,False,35.0,0.8113565444946289,/home/dani00003/mCREAM/experiments/CUB/train_cbm/Standard_CUB/cub_progressive_noise/CREAM_cub_progressive_noise/noise_030/lightning_logs/version_0/intervention_results.csv
cub,30,0.2999979454306377,False,36.0,0.8132550716400146,/home/dani00003/mCREAM/experiments/CUB/train_cbm/Standard_CUB/cub_progressive_noise/CREAM_cub_progressive_noise/noise_030/lightning_logs/version_0/intervention_results.csv
cub,30,0.2999979454306377,False,37.0,0.8179150819778442,/home/dani00003/mCREAM/experiments/CUB/train_cbm/Standard_CUB/cub_progressive_noise/CREAM_cub_progressive_noise/noise_030/lightning_logs/version_0/intervention_results.csv
cub,30,0.2999979454306377,False,38.0,0.8182602524757385,/home/dani00003/mCREAM/experiments/CUB/train_cbm/Standard_CUB/cub_progressive_noise/CREAM_cub_progressive_noise/noise_030/lightning_logs/version_0/intervention_results.csv
cub,30,0.2999979454306377,False,39.0,0.8218846917152405,/home/dani00003/mCREAM/experiments/CUB/train_cbm/Standard_CUB/cub_progressive_noise/CREAM_cub_progressive_noise/noise_030/lightning_logs/version_0/intervention_results.csv
cub,30,0.2999979454306377,False,40.0,0.8180876970291138,/home/dani00003/mCREAM/experiments/CUB/train_cbm/Standard_CUB/cub_progressive_noise/CREAM_cub_progressive_noise/noise_030/lightning_logs/version_0/intervention_results.csv
cub,30,0.2999979454306377,False,41.0,0.825681746006012,/home/dani00003/mCREAM/experiments/CUB/train_cbm/Standard_CUB/cub_progressive_noise/CREAM_cub_progressive_noise/noise_030/lightning_logs/version_0/intervention_results.csv
cub,30,0.2999979454306377,False,42.0,0.8251639604568481,/home/dani00003/mCREAM/experiments/CUB/train_cbm/Standard_CUB/cub_progressive_noise/CREAM_cub_progressive_noise/noise_030/lightning_logs/version_0/intervention_results.csv
cub,30,0.2999979454306377,False,43.0,0.8268898725509644,/home/dani00003/mCREAM/experiments/CUB/train_cbm/Standard_CUB/cub_progressive_noise/CREAM_cub_progressive_noise/noise_030/lightning_logs/version_0/intervention_results.csv
cub,30,0.2999979454306377,False,44.0,0.8289610147476196,/home/dani00003/mCREAM/experiments/CUB/train_cbm/Standard_CUB/cub_progressive_noise/CREAM_cub_progressive_noise/noise_030/lightning_logs/version_0/intervention_results.csv
cub,30,0.2999979454306377,False,45.0,0.8332757949829102,/home/dani00003/mCREAM/experiments/CUB/train_cbm/Standard_CUB/cub_progressive_noise/CREAM_cub_progressive_noise/noise_030/lightning_logs/version_0/intervention_results.csv
cub,30,0.2999979454306377,False,46.0,0.8334484100341797,/home/dani00003/mCREAM/experiments/CUB/train_cbm/Standard_CUB/cub_progressive_noise/CREAM_cub_progressive_noise/noise_030/lightning_logs/version_0/intervention_results.csv
cub,30,0.2999979454306377,False,47.0,0.8350017070770264,/home/dani00003/mCREAM/experiments/CUB/train_cbm/Standard_CUB/cub_progressive_noise/CREAM_cub_progressive_noise/noise_030/lightning_logs/version_0/intervention_results.csv
cub,30,0.2999979454306377,False,48.0,0.8405246734619141,/home/dani00003/mCREAM/experiments/CUB/train_cbm/Standard_CUB/cub_progressive_noise/CREAM_cub_progressive_noise/noise_030/lightning_logs/version_0/intervention_results.csv
cub,30,0.2999979454306377,False,49.0,0.8387987613677979,/home/dani00003/mCREAM/experiments/CUB/train_cbm/Standard_CUB/cub_progressive_noise/CREAM_cub_progressive_noise/noise_030/lightning_logs/version_0/intervention_results.csv
cub,30,0.2999979454306377,False,50.0,0.844149112701416,/home/dani00003/mCREAM/experiments/CUB/train_cbm/Standard_CUB/cub_progressive_noise/CREAM_cub_progressive_noise/noise_030/lightning_logs/version_0/intervention_results.csv
cub,30,0.2999979454306377,False,51.0,0.8448394536972046,/home/dani00003/mCREAM/experiments/CUB/train_cbm/Standard_CUB/cub_progressive_noise/CREAM_cub_progressive_noise/noise_030/lightning_logs/version_0/intervention_results.csv
cub,30,0.2999979454306377,False,52.0,0.8494994640350342,/home/dani00003/mCREAM/experiments/CUB/train_cbm/Standard_CUB/cub_progressive_noise/CREAM_cub_progressive_noise/noise_030/lightning_logs/version_0/intervention_results.csv
cub,30,0.2999979454306377,False,53.0,0.8481187224388123,/home/dani00003/mCREAM/experiments/CUB/train_cbm/Standard_CUB/cub_progressive_noise/CREAM_cub_progressive_noise/noise_030/lightning_logs/version_0/intervention_results.csv
cub,30,0.2999979454306377,False,54.0,0.8520883321762085,/home/dani00003/mCREAM/experiments/CUB/train_cbm/Standard_CUB/cub_progressive_noise/CREAM_cub_progressive_noise/noise_030/lightning_logs/version_0/intervention_results.csv
cub,30,0.2999979454306377,False,55.0,0.8524335622787476,/home/dani00003/mCREAM/experiments/CUB/train_cbm/Standard_CUB/cub_progressive_noise/CREAM_cub_progressive_noise/noise_030/lightning_logs/version_0/intervention_results.csv
cub,30,0.2999979454306377,False,56.0,0.86037278175354,/home/dani00003/mCREAM/experiments/CUB/train_cbm/Standard_CUB/cub_progressive_noise/CREAM_cub_progressive_noise/noise_030/lightning_logs/version_0/intervention_results.csv
cub,30,0.2999979454306377,False,57.0,0.8646876215934753,/home/dani00003/mCREAM/experiments/CUB/train_cbm/Standard_CUB/cub_progressive_noise/CREAM_cub_progressive_noise/noise_030/lightning_logs/version_0/intervention_results.csv
cub,30,0.2999979454306377,False,58.0,0.8631342649459839,/home/dani00003/mCREAM/experiments/CUB/train_cbm/Standard_CUB/cub_progressive_noise/CREAM_cub_progressive_noise/noise_030/lightning_logs/version_0/intervention_results.csv
cub,30,0.2999979454306377,False,59.0,0.8631342649459839,/home/dani00003/mCREAM/experiments/CUB/train_cbm/Standard_CUB/cub_progressive_noise/CREAM_cub_progressive_noise/noise_030/lightning_logs/version_0/intervention_results.csv
cub,30,0.2999979454306377,False,60.0,0.8686572313308716,/home/dani00003/mCREAM/experiments/CUB/train_cbm/Standard_CUB/cub_progressive_noise/CREAM_cub_progressive_noise/noise_030/lightning_logs/version_0/intervention_results.csv
cub,30,0.2999979454306377,False,61.0,0.8655505776405334,/home/dani00003/mCREAM/experiments/CUB/train_cbm/Standard_CUB/cub_progressive_noise/CREAM_cub_progressive_noise/noise_030/lightning_logs/version_0/intervention_results.csv
cub,30,0.2999979454306377,False,62.0,0.8703831434249878,/home/dani00003/mCREAM/experiments/CUB/train_cbm/Standard_CUB/cub_progressive_noise/CREAM_cub_progressive_noise/noise_030/lightning_logs/version_0/intervention_results.csv
cub,30,0.2999979454306377,False,63.0,0.8710735440254211,/home/dani00003/mCREAM/experiments/CUB/train_cbm/Standard_CUB/cub_progressive_noise/CREAM_cub_progressive_noise/noise_030/lightning_logs/version_0/intervention_results.csv
cub,30,0.2999979454306377,False,64.0,0.869865357875824,/home/dani00003/mCREAM/experiments/CUB/train_cbm/Standard_CUB/cub_progressive_noise/CREAM_cub_progressive_noise/noise_030/lightning_logs/version_0/intervention_results.csv
cub,30,0.2999979454306377,False,65.0,0.8707283139228821,/home/dani00003/mCREAM/experiments/CUB/train_cbm/Standard_CUB/cub_progressive_noise/CREAM_cub_progressive_noise/noise_030/lightning_logs/version_0/intervention_results.csv
cub,30,0.2999979454306377,False,66.0,0.8702105283737183,/home/dani00003/mCREAM/experiments/CUB/train_cbm/Standard_CUB/cub_progressive_noise/CREAM_cub_progressive_noise/noise_030/lightning_logs/version_0/intervention_results.csv
cub,30,0.2999979454306377,False,67.0,0.8727994561195374,/home/dani00003/mCREAM/experiments/CUB/train_cbm/Standard_CUB/cub_progressive_noise/CREAM_cub_progressive_noise/noise_030/lightning_logs/version_0/intervention_results.csv
cub,30,0.2999979454306377,False,68.0,0.8817742466926575,/home/dani00003/mCREAM/experiments/CUB/train_cbm/Standard_CUB/cub_progressive_noise/CREAM_cub_progressive_noise/noise_030/lightning_logs/version_0/intervention_results.csv
cub,30,0.2999979454306377,False,69.0,0.8795305490493774,/home/dani00003/mCREAM/experiments/CUB/train_cbm/Standard_CUB/cub_progressive_noise/CREAM_cub_progressive_noise/noise_030/lightning_logs/version_0/intervention_results.csv
cub,30,0.2999979454306377,False,70.0,0.8746979832649231,/home/dani00003/mCREAM/experiments/CUB/train_cbm/Standard_CUB/cub_progressive_noise/CREAM_cub_progressive_noise/noise_030/lightning_logs/version_0/intervention_results.csv
cub,30,0.2999979454306377,False,71.0,0.8753883242607117,/home/dani00003/mCREAM/experiments/CUB/train_cbm/Standard_CUB/cub_progressive_noise/CREAM_cub_progressive_noise/noise_030/lightning_logs/version_0/intervention_results.csv
cub,30,0.2999979454306377,False,72.0,0.883845329284668,/home/dani00003/mCREAM/experiments/CUB/train_cbm/Standard_CUB/cub_progressive_noise/CREAM_cub_progressive_noise/noise_030/lightning_logs/version_0/intervention_results.csv
cub,30,0.2999979454306377,False,73.0,0.8869520425796509,/home/dani00003/mCREAM/experiments/CUB/train_cbm/Standard_CUB/cub_progressive_noise/CREAM_cub_progressive_noise/noise_030/lightning_logs/version_0/intervention_results.csv
cub,30,0.2999979454306377,False,74.0,0.8850535154342651,/home/dani00003/mCREAM/experiments/CUB/train_cbm/Standard_CUB/cub_progressive_noise/CREAM_cub_progressive_noise/noise_030/lightning_logs/version_0/intervention_results.csv
cub,30,0.2999979454306377,False,75.0,0.8847082853317261,/home/dani00003/mCREAM/experiments/CUB/train_cbm/Standard_CUB/cub_progressive_noise/CREAM_cub_progressive_noise/noise_030/lightning_logs/version_0/intervention_results.csv
cub,30,0.2999979454306377,False,76.0,0.8874697685241699,/home/dani00003/mCREAM/experiments/CUB/train_cbm/Standard_CUB/cub_progressive_noise/CREAM_cub_progressive_noise/noise_030/lightning_logs/version_0/intervention_results.csv
cub,30,0.2999979454306377,False,77.0,0.8891957402229309,/home/dani00003/mCREAM/experiments/CUB/train_cbm/Standard_CUB/cub_progressive_noise/CREAM_cub_progressive_noise/noise_030/lightning_logs/version_0/intervention_results.csv
cub,30,0.2999979454306377,False,78.0,0.8916119933128357,/home/dani00003/mCREAM/experiments/CUB/train_cbm/Standard_CUB/cub_progressive_noise/CREAM_cub_progressive_noise/noise_030/lightning_logs/version_0/intervention_results.csv
cub,30,0.2999979454306377,False,79.0,0.89195716381073,/home/dani00003/mCREAM/experiments/CUB/train_cbm/Standard_CUB/cub_progressive_noise/CREAM_cub_progressive_noise/noise_030/lightning_logs/version_0/intervention_results.csv
cub,30,0.2999979454306377,False,80.0,0.8898860812187195,/home/dani00003/mCREAM/experiments/CUB/train_cbm/Standard_CUB/cub_progressive_noise/CREAM_cub_progressive_noise/noise_030/lightning_logs/version_0/intervention_results.csv
cub,30,0.2999979454306377,False,81.0,0.8916119933128357,/home/dani00003/mCREAM/experiments/CUB/train_cbm/Standard_CUB/cub_progressive_noise/CREAM_cub_progressive_noise/noise_030/lightning_logs/version_0/intervention_results.csv
cub,30,0.2999979454306377,False,82.0,0.8943734765052795,/home/dani00003/mCREAM/experiments/CUB/train_cbm/Standard_CUB/cub_progressive_noise/CREAM_cub_progressive_noise/noise_030/lightning_logs/version_0/intervention_results.csv
cub,30,0.2999979454306377,False,83.0,0.8964446187019348,/home/dani00003/mCREAM/experiments/CUB/train_cbm/Standard_CUB/cub_progressive_noise/CREAM_cub_progressive_noise/noise_030/lightning_logs/version_0/intervention_results.csv
cub,30,0.2999979454306377,False,84.0,0.8938556909561157,/home/dani00003/mCREAM/experiments/CUB/train_cbm/Standard_CUB/cub_progressive_noise/CREAM_cub_progressive_noise/noise_030/lightning_logs/version_0/intervention_results.csv
cub,30,0.2999979454306377,False,85.0,0.899551272392273,/home/dani00003/mCREAM/experiments/CUB/train_cbm/Standard_CUB/cub_progressive_noise/CREAM_cub_progressive_noise/noise_030/lightning_logs/version_0/intervention_results.csv
cub,30,0.2999979454306377,False,86.0,0.9000690579414368,/home/dani00003/mCREAM/experiments/CUB/train_cbm/Standard_CUB/cub_progressive_noise/CREAM_cub_progressive_noise/noise_030/lightning_logs/version_0/intervention_results.csv
cub,30,0.2999979454306377,False,87.0,0.8992060422897339,/home/dani00003/mCREAM/experiments/CUB/train_cbm/Standard_CUB/cub_progressive_noise/CREAM_cub_progressive_noise/noise_030/lightning_logs/version_0/intervention_results.csv
cub,30,0.2999979454306377,False,88.0,0.8988608717918396,/home/dani00003/mCREAM/experiments/CUB/train_cbm/Standard_CUB/cub_progressive_noise/CREAM_cub_progressive_noise/noise_030/lightning_logs/version_0/intervention_results.csv
cub,30,0.2999979454306377,False,89.0,0.9007593989372252,/home/dani00003/mCREAM/experiments/CUB/train_cbm/Standard_CUB/cub_progressive_noise/CREAM_cub_progressive_noise/noise_030/lightning_logs/version_0/intervention_results.csv
cub,30,0.2999979454306377,False,90.0,0.9030030965805054,/home/dani00003/mCREAM/experiments/CUB/train_cbm/Standard_CUB/cub_progressive_noise/CREAM_cub_progressive_noise/noise_030/lightning_logs/version_0/intervention_results.csv
cub,30,0.2999979454306377,False,91.0,0.901449739933014,/home/dani00003/mCREAM/experiments/CUB/train_cbm/Standard_CUB/cub_progressive_noise/CREAM_cub_progressive_noise/noise_030/lightning_logs/version_0/intervention_results.csv
cub,30,0.2999979454306377,False,92.0,0.9000690579414368,/home/dani00003/mCREAM/experiments/CUB/train_cbm/Standard_CUB/cub_progressive_noise/CREAM_cub_progressive_noise/noise_030/lightning_logs/version_0/intervention_results.csv
cub,30,0.2999979454306377,False,93.0,0.901794970035553,/home/dani00003/mCREAM/experiments/CUB/train_cbm/Standard_CUB/cub_progressive_noise/CREAM_cub_progressive_noise/noise_030/lightning_logs/version_0/intervention_results.csv
cub,30,0.2999979454306377,False,94.0,0.9055919647216796,/home/dani00003/mCREAM/experiments/CUB/train_cbm/Standard_CUB/cub_progressive_noise/CREAM_cub_progressive_noise/noise_030/lightning_logs/version_0/intervention_results.csv
cub,30,0.2999979454306377,False,95.0,0.898170530796051,/home/dani00003/mCREAM/experiments/CUB/train_cbm/Standard_CUB/cub_progressive_noise/CREAM_cub_progressive_noise/noise_030/lightning_logs/version_0/intervention_results.csv
cub,30,0.2999979454306377,False,96.0,0.9019675254821776,/home/dani00003/mCREAM/experiments/CUB/train_cbm/Standard_CUB/cub_progressive_noise/CREAM_cub_progressive_noise/noise_030/lightning_logs/version_0/intervention_results.csv
cub,30,0.2999979454306377,False,97.0,0.905074179172516,/home/dani00003/mCREAM/experiments/CUB/train_cbm/Standard_CUB/cub_progressive_noise/CREAM_cub_progressive_noise/noise_030/lightning_logs/version_0/intervention_results.csv
cub,30,0.2999979454306377,False,98.0,0.9061097502708436,/home/dani00003/mCREAM/experiments/CUB/train_cbm/Standard_CUB/cub_progressive_noise/CREAM_cub_progressive_noise/noise_030/lightning_logs/version_0/intervention_results.csv
cub,30,0.2999979454306377,False,99.0,0.9030030965805054,/home/dani00003/mCREAM/experiments/CUB/train_cbm/Standard_CUB/cub_progressive_noise/CREAM_cub_progressive_noise/noise_030/lightning_logs/version_0/intervention_results.csv
cub,30,0.2999979454306377,False,100.0,0.9033482670783995,/home/dani00003/mCREAM/experiments/CUB/train_cbm/Standard_CUB/cub_progressive_noise/CREAM_cub_progressive_noise/noise_030/lightning_logs/version_0/intervention_results.csv
cub,30,0.2999979454306377,False,101.0,0.9035208821296692,/home/dani00003/mCREAM/experiments/CUB/train_cbm/Standard_CUB/cub_progressive_noise/CREAM_cub_progressive_noise/noise_030/lightning_logs/version_0/intervention_results.csv
cub,30,0.2999979454306377,False,102.0,0.9064549207687378,/home/dani00003/mCREAM/experiments/CUB/train_cbm/Standard_CUB/cub_progressive_noise/CREAM_cub_progressive_noise/noise_030/lightning_logs/version_0/intervention_results.csv
cub,30,0.2999979454306377,False,103.0,0.9045564532279968,/home/dani00003/mCREAM/experiments/CUB/train_cbm/Standard_CUB/cub_progressive_noise/CREAM_cub_progressive_noise/noise_030/lightning_logs/version_0/intervention_results.csv
cub,30,0.2999979454306377,False,104.0,0.9033482670783995,/home/dani00003/mCREAM/experiments/CUB/train_cbm/Standard_CUB/cub_progressive_noise/CREAM_cub_progressive_noise/noise_030/lightning_logs/version_0/intervention_results.csv
cub,30,0.2999979454306377,False,105.0,0.9054194092750548,/home/dani00003/mCREAM/experiments/CUB/train_cbm/Standard_CUB/cub_progressive_noise/CREAM_cub_progressive_noise/noise_030/lightning_logs/version_0/intervention_results.csv
cub,30,0.2999979454306377,False,106.0,0.9049016237258912,/home/dani00003/mCREAM/experiments/CUB/train_cbm/Standard_CUB/cub_progressive_noise/CREAM_cub_progressive_noise/noise_030/lightning_logs/version_0/intervention_results.csv
cub,30,0.2999979454306377,False,107.0,0.905074179172516,/home/dani00003/mCREAM/experiments/CUB/train_cbm/Standard_CUB/cub_progressive_noise/CREAM_cub_progressive_noise/noise_030/lightning_logs/version_0/intervention_results.csv
cub,30,0.2999979454306377,False,108.0,0.9069727063179016,/home/dani00003/mCREAM/experiments/CUB/train_cbm/Standard_CUB/cub_progressive_noise/CREAM_cub_progressive_noise/noise_030/lightning_logs/version_0/intervention_results.csv
cub,30,0.2999979454306377,False,109.0,0.9042112231254578,/home/dani00003/mCREAM/experiments/CUB/train_cbm/Standard_CUB/cub_progressive_noise/CREAM_cub_progressive_noise/noise_030/lightning_logs/version_0/intervention_results.csv
cub,30,0.2999979454306377,False,110.0,0.9030030965805054,/home/dani00003/mCREAM/experiments/CUB/train_cbm/Standard_CUB/cub_progressive_noise/CREAM_cub_progressive_noise/noise_030/lightning_logs/version_0/intervention_results.csv
cub,30,0.2999979454306377,False,111.0,0.9036934971809388,/home/dani00003/mCREAM/experiments/CUB/train_cbm/Standard_CUB/cub_progressive_noise/CREAM_cub_progressive_noise/noise_030/lightning_logs/version_0/intervention_results.csv
cub,30,0.2999979454306377,False,112.0,0.9042112231254578,/home/dani00003/mCREAM/experiments/CUB/train_cbm/Standard_CUB/cub_progressive_noise/CREAM_cub_progressive_noise/noise_030/lightning_logs/version_0/intervention_results.csv
cub,30,0.2999979454306377,True,0.0,0.731964111328125,/home/dani00003/mCREAM/experiments/CUB/train_cbm/Standard_CUB/cub_progressive_noise/CREAM_cub_progressive_noise/noise_030/lightning_logs/version_0/intervention_results.csv
cub,30,0.2999979454306377,True,1.0,0.7402485013008118,/home/dani00003/mCREAM/experiments/CUB/train_cbm/Standard_CUB/cub_progressive_noise/CREAM_cub_progressive_noise/noise_030/lightning_logs/version_0/intervention_results.csv
cub,30,0.2999979454306377,True,2.0,0.7530203461647034,/home/dani00003/mCREAM/experiments/CUB/train_cbm/Standard_CUB/cub_progressive_noise/CREAM_cub_progressive_noise/noise_030/lightning_logs/version_0/intervention_results.csv
cub,30,0.2999979454306377,True,3.0,0.7581981420516968,/home/dani00003/mCREAM/experiments/CUB/train_cbm/Standard_CUB/cub_progressive_noise/CREAM_cub_progressive_noise/noise_030/lightning_logs/version_0/intervention_results.csv
cub,30,0.2999979454306377,True,4.0,0.7688988447189331,/home/dani00003/mCREAM/experiments/CUB/train_cbm/Standard_CUB/cub_progressive_noise/CREAM_cub_progressive_noise/noise_030/lightning_logs/version_0/intervention_results.csv
cub,30,0.2999979454306377,True,5.0,0.7747669816017151,/home/dani00003/mCREAM/experiments/CUB/train_cbm/Standard_CUB/cub_progressive_noise/CREAM_cub_progressive_noise/noise_030/lightning_logs/version_0/intervention_results.csv
cub,30,0.2999979454306377,True,6.0,0.7859854698181152,/home/dani00003/mCREAM/experiments/CUB/train_cbm/Standard_CUB/cub_progressive_noise/CREAM_cub_progressive_noise/noise_030/lightning_logs/version_0/intervention_results.csv
cub,30,0.2999979454306377,True,7.0,0.792371392250061,/home/dani00003/mCREAM/experiments/CUB/train_cbm/Standard_CUB/cub_progressive_noise/CREAM_cub_progressive_noise/noise_030/lightning_logs/version_0/intervention_results.csv
cub,30,0.2999979454306377,True,8.0,0.810321033000946,/home/dani00003/mCREAM/experiments/CUB/train_cbm/Standard_CUB/cub_progressive_noise/CREAM_cub_progressive_noise/noise_030/lightning_logs/version_0/intervention_results.csv
cub,30,0.2999979454306377,True,9.0,0.8160165548324585,/home/dani00003/mCREAM/experiments/CUB/train_cbm/Standard_CUB/cub_progressive_noise/CREAM_cub_progressive_noise/noise_030/lightning_logs/version_0/intervention_results.csv
cub,30,0.2999979454306377,True,10.0,0.8255091309547424,/home/dani00003/mCREAM/experiments/CUB/train_cbm/Standard_CUB/cub_progressive_noise/CREAM_cub_progressive_noise/noise_030/lightning_logs/version_0/intervention_results.csv
cub,30,0.2999979454306377,True,11.0,0.8348291516304016,/home/dani00003/mCREAM/experiments/CUB/train_cbm/Standard_CUB/cub_progressive_noise/CREAM_cub_progressive_noise/noise_030/lightning_logs/version_0/intervention_results.csv
cub,30,0.2999979454306377,True,12.0,0.8391439318656921,/home/dani00003/mCREAM/experiments/CUB/train_cbm/Standard_CUB/cub_progressive_noise/CREAM_cub_progressive_noise/noise_030/lightning_logs/version_0/intervention_results.csv
cub,30,0.2999979454306377,True,13.0,0.8469105958938599,/home/dani00003/mCREAM/experiments/CUB/train_cbm/Standard_CUB/cub_progressive_noise/CREAM_cub_progressive_noise/noise_030/lightning_logs/version_0/intervention_results.csv
cub,30,0.2999979454306377,True,14.0,0.8620986938476562,/home/dani00003/mCREAM/experiments/CUB/train_cbm/Standard_CUB/cub_progressive_noise/CREAM_cub_progressive_noise/noise_030/lightning_logs/version_0/intervention_results.csv
cub,30,0.2999979454306377,True,15.0,0.8709009289741516,/home/dani00003/mCREAM/experiments/CUB/train_cbm/Standard_CUB/cub_progressive_noise/CREAM_cub_progressive_noise/noise_030/lightning_logs/version_0/intervention_results.csv
cub,30,0.2999979454306377,True,16.0,0.8731446266174316,/home/dani00003/mCREAM/experiments/CUB/train_cbm/Standard_CUB/cub_progressive_noise/CREAM_cub_progressive_noise/noise_030/lightning_logs/version_0/intervention_results.csv
cub,30,0.2999979454306377,True,17.0,0.8835001587867737,/home/dani00003/mCREAM/experiments/CUB/train_cbm/Standard_CUB/cub_progressive_noise/CREAM_cub_progressive_noise/noise_030/lightning_logs/version_0/intervention_results.csv
cub,30,0.2999979454306377,True,18.0,0.8886779546737671,/home/dani00003/mCREAM/experiments/CUB/train_cbm/Standard_CUB/cub_progressive_noise/CREAM_cub_progressive_noise/noise_030/lightning_logs/version_0/intervention_results.csv
cub,30,0.2999979454306377,True,19.0,0.8888505101203918,/home/dani00003/mCREAM/experiments/CUB/train_cbm/Standard_CUB/cub_progressive_noise/CREAM_cub_progressive_noise/noise_030/lightning_logs/version_0/intervention_results.csv
cub,30,0.2999979454306377,True,20.0,0.8933379054069519,/home/dani00003/mCREAM/experiments/CUB/train_cbm/Standard_CUB/cub_progressive_noise/CREAM_cub_progressive_noise/noise_030/lightning_logs/version_0/intervention_results.csv
cub,30,0.2999979454306377,True,21.0,0.8992060422897339,/home/dani00003/mCREAM/experiments/CUB/train_cbm/Standard_CUB/cub_progressive_noise/CREAM_cub_progressive_noise/noise_030/lightning_logs/version_0/intervention_results.csv
cub,30,0.2999979454306377,True,22.0,0.9035208821296692,/home/dani00003/mCREAM/experiments/CUB/train_cbm/Standard_CUB/cub_progressive_noise/CREAM_cub_progressive_noise/noise_030/lightning_logs/version_0/intervention_results.csv
cub,30,0.2999979454306377,True,23.0,0.9026579260826112,/home/dani00003/mCREAM/experiments/CUB/train_cbm/Standard_CUB/cub_progressive_noise/CREAM_cub_progressive_noise/noise_030/lightning_logs/version_0/intervention_results.csv
cub,30,0.2999979454306377,True,24.0,0.907663106918335,/home/dani00003/mCREAM/experiments/CUB/train_cbm/Standard_CUB/cub_progressive_noise/CREAM_cub_progressive_noise/noise_030/lightning_logs/version_0/intervention_results.csv
cub,30,0.2999979454306377,True,25.0,0.9011045694351196,/home/dani00003/mCREAM/experiments/CUB/train_cbm/Standard_CUB/cub_progressive_noise/CREAM_cub_progressive_noise/noise_030/lightning_logs/version_0/intervention_results.csv
cub,40,0.4000041091387245,False,0.0,0.7304107546806335,/home/dani00003/mCREAM/experiments/CUB/train_cbm/Standard_CUB/cub_progressive_noise/CREAM_cub_progressive_noise/noise_040/lightning_logs/version_0/intervention_results.csv
cub,40,0.4000041091387245,False,1.0,0.7335174083709717,/home/dani00003/mCREAM/experiments/CUB/train_cbm/Standard_CUB/cub_progressive_noise/CREAM_cub_progressive_noise/noise_040/lightning_logs/version_0/intervention_results.csv
cub,40,0.4000041091387245,False,2.0,0.7336900234222412,/home/dani00003/mCREAM/experiments/CUB/train_cbm/Standard_CUB/cub_progressive_noise/CREAM_cub_progressive_noise/noise_040/lightning_logs/version_0/intervention_results.csv
cub,40,0.4000041091387245,False,3.0,0.7338626384735107,/home/dani00003/mCREAM/experiments/CUB/train_cbm/Standard_CUB/cub_progressive_noise/CREAM_cub_progressive_noise/noise_040/lightning_logs/version_0/intervention_results.csv
cub,40,0.4000041091387245,False,4.0,0.7374870777130127,/home/dani00003/mCREAM/experiments/CUB/train_cbm/Standard_CUB/cub_progressive_noise/CREAM_cub_progressive_noise/noise_040/lightning_logs/version_0/intervention_results.csv
cub,40,0.4000041091387245,False,5.0,0.7357611060142517,/home/dani00003/mCREAM/experiments/CUB/train_cbm/Standard_CUB/cub_progressive_noise/CREAM_cub_progressive_noise/noise_040/lightning_logs/version_0/intervention_results.csv
cub,40,0.4000041091387245,False,6.0,0.7352433204650879,/home/dani00003/mCREAM/experiments/CUB/train_cbm/Standard_CUB/cub_progressive_noise/CREAM_cub_progressive_noise/noise_040/lightning_logs/version_0/intervention_results.csv
cub,40,0.4000041091387245,False,7.0,0.7455989122390747,/home/dani00003/mCREAM/experiments/CUB/train_cbm/Standard_CUB/cub_progressive_noise/CREAM_cub_progressive_noise/noise_040/lightning_logs/version_0/intervention_results.csv
cub,40,0.4000041091387245,False,8.0,0.7447359561920166,/home/dani00003/mCREAM/experiments/CUB/train_cbm/Standard_CUB/cub_progressive_noise/CREAM_cub_progressive_noise/noise_040/lightning_logs/version_0/intervention_results.csv
cub,40,0.4000041091387245,False,9.0,0.7445633411407471,/home/dani00003/mCREAM/experiments/CUB/train_cbm/Standard_CUB/cub_progressive_noise/CREAM_cub_progressive_noise/noise_040/lightning_logs/version_0/intervention_results.csv
cub,40,0.4000041091387245,False,10.0,0.7476699948310852,/home/dani00003/mCREAM/experiments/CUB/train_cbm/Standard_CUB/cub_progressive_noise/CREAM_cub_progressive_noise/noise_040/lightning_logs/version_0/intervention_results.csv
cub,40,0.4000041091387245,False,11.0,0.7487055659294128,/home/dani00003/mCREAM/experiments/CUB/train_cbm/Standard_CUB/cub_progressive_noise/CREAM_cub_progressive_noise/noise_040/lightning_logs/version_0/intervention_results.csv
cub,40,0.4000041091387245,False,12.0,0.7528477907180786,/home/dani00003/mCREAM/experiments/CUB/train_cbm/Standard_CUB/cub_progressive_noise/CREAM_cub_progressive_noise/noise_040/lightning_logs/version_0/intervention_results.csv
cub,40,0.4000041091387245,False,13.0,0.7535381317138672,/home/dani00003/mCREAM/experiments/CUB/train_cbm/Standard_CUB/cub_progressive_noise/CREAM_cub_progressive_noise/noise_040/lightning_logs/version_0/intervention_results.csv
cub,40,0.4000041091387245,False,14.0,0.7544010877609253,/home/dani00003/mCREAM/experiments/CUB/train_cbm/Standard_CUB/cub_progressive_noise/CREAM_cub_progressive_noise/noise_040/lightning_logs/version_0/intervention_results.csv
cub,40,0.4000041091387245,False,15.0,0.759924054145813,/home/dani00003/mCREAM/experiments/CUB/train_cbm/Standard_CUB/cub_progressive_noise/CREAM_cub_progressive_noise/noise_040/lightning_logs/version_0/intervention_results.csv
cub,40,0.4000041091387245,False,16.0,0.7600966691970825,/home/dani00003/mCREAM/experiments/CUB/train_cbm/Standard_CUB/cub_progressive_noise/CREAM_cub_progressive_noise/noise_040/lightning_logs/version_0/intervention_results.csv
cub,40,0.4000041091387245,False,17.0,0.7625129222869873,/home/dani00003/mCREAM/experiments/CUB/train_cbm/Standard_CUB/cub_progressive_noise/CREAM_cub_progressive_noise/noise_040/lightning_logs/version_0/intervention_results.csv
cub,40,0.4000041091387245,False,18.0,0.7633758783340454,/home/dani00003/mCREAM/experiments/CUB/train_cbm/Standard_CUB/cub_progressive_noise/CREAM_cub_progressive_noise/noise_040/lightning_logs/version_0/intervention_results.csv
cub,40,0.4000041091387245,False,19.0,0.765792191028595,/home/dani00003/mCREAM/experiments/CUB/train_cbm/Standard_CUB/cub_progressive_noise/CREAM_cub_progressive_noise/noise_040/lightning_logs/version_0/intervention_results.csv
cub,40,0.4000041091387245,False,20.0,0.7706247568130493,/home/dani00003/mCREAM/experiments/CUB/train_cbm/Standard_CUB/cub_progressive_noise/CREAM_cub_progressive_noise/noise_040/lightning_logs/version_0/intervention_results.csv
cub,40,0.4000041091387245,False,21.0,0.7673455476760864,/home/dani00003/mCREAM/experiments/CUB/train_cbm/Standard_CUB/cub_progressive_noise/CREAM_cub_progressive_noise/noise_040/lightning_logs/version_0/intervention_results.csv
cub,40,0.4000041091387245,False,22.0,0.7713151574134827,/home/dani00003/mCREAM/experiments/CUB/train_cbm/Standard_CUB/cub_progressive_noise/CREAM_cub_progressive_noise/noise_040/lightning_logs/version_0/intervention_results.csv
cub,40,0.4000041091387245,False,23.0,0.7759751677513123,/home/dani00003/mCREAM/experiments/CUB/train_cbm/Standard_CUB/cub_progressive_noise/CREAM_cub_progressive_noise/noise_040/lightning_logs/version_0/intervention_results.csv
cub,40,0.4000041091387245,False,24.0,0.7775284647941589,/home/dani00003/mCREAM/experiments/CUB/train_cbm/Standard_CUB/cub_progressive_noise/CREAM_cub_progressive_noise/noise_040/lightning_logs/version_0/intervention_results.csv
cub,40,0.4000041091387245,False,25.0,0.7811529040336609,/home/dani00003/mCREAM/experiments/CUB/train_cbm/Standard_CUB/cub_progressive_noise/CREAM_cub_progressive_noise/noise_040/lightning_logs/version_0/intervention_results.csv
cub,40,0.4000041091387245,False,26.0,0.7801173329353333,/home/dani00003/mCREAM/experiments/CUB/train_cbm/Standard_CUB/cub_progressive_noise/CREAM_cub_progressive_noise/noise_040/lightning_logs/version_0/intervention_results.csv
cub,40,0.4000041091387245,False,27.0,0.779772162437439,/home/dani00003/mCREAM/experiments/CUB/train_cbm/Standard_CUB/cub_progressive_noise/CREAM_cub_progressive_noise/noise_040/lightning_logs/version_0/intervention_results.csv
cub,40,0.4000041091387245,False,28.0,0.7851225137710571,/home/dani00003/mCREAM/experiments/CUB/train_cbm/Standard_CUB/cub_progressive_noise/CREAM_cub_progressive_noise/noise_040/lightning_logs/version_0/intervention_results.csv
cub,40,0.4000041091387245,False,29.0,0.7858129143714905,/home/dani00003/mCREAM/experiments/CUB/train_cbm/Standard_CUB/cub_progressive_noise/CREAM_cub_progressive_noise/noise_040/lightning_logs/version_0/intervention_results.csv
cub,40,0.4000041091387245,False,30.0,0.7866758704185486,/home/dani00003/mCREAM/experiments/CUB/train_cbm/Standard_CUB/cub_progressive_noise/CREAM_cub_progressive_noise/noise_040/lightning_logs/version_0/intervention_results.csv
cub,40,0.4000041091387245,False,31.0,0.78822922706604,/home/dani00003/mCREAM/experiments/CUB/train_cbm/Standard_CUB/cub_progressive_noise/CREAM_cub_progressive_noise/noise_040/lightning_logs/version_0/intervention_results.csv
cub,40,0.4000041091387245,False,32.0,0.7877114415168762,/home/dani00003/mCREAM/experiments/CUB/train_cbm/Standard_CUB/cub_progressive_noise/CREAM_cub_progressive_noise/noise_040/lightning_logs/version_0/intervention_results.csv
cub,40,0.4000041091387245,False,33.0,0.7953054904937744,/home/dani00003/mCREAM/experiments/CUB/train_cbm/Standard_CUB/cub_progressive_noise/CREAM_cub_progressive_noise/noise_040/lightning_logs/version_0/intervention_results.csv
cub,40,0.4000041091387245,False,34.0,0.7980669736862183,/home/dani00003/mCREAM/experiments/CUB/train_cbm/Standard_CUB/cub_progressive_noise/CREAM_cub_progressive_noise/noise_040/lightning_logs/version_0/intervention_results.csv
cub,40,0.4000041091387245,False,35.0,0.7989299297332764,/home/dani00003/mCREAM/experiments/CUB/train_cbm/Standard_CUB/cub_progressive_noise/CREAM_cub_progressive_noise/noise_040/lightning_logs/version_0/intervention_results.csv
cub,40,0.4000041091387245,False,36.0,0.8001380562782288,/home/dani00003/mCREAM/experiments/CUB/train_cbm/Standard_CUB/cub_progressive_noise/CREAM_cub_progressive_noise/noise_040/lightning_logs/version_0/intervention_results.csv
cub,40,0.4000041091387245,False,37.0,0.8025543689727783,/home/dani00003/mCREAM/experiments/CUB/train_cbm/Standard_CUB/cub_progressive_noise/CREAM_cub_progressive_noise/noise_040/lightning_logs/version_0/intervention_results.csv
cub,40,0.4000041091387245,False,38.0,0.8016914129257202,/home/dani00003/mCREAM/experiments/CUB/train_cbm/Standard_CUB/cub_progressive_noise/CREAM_cub_progressive_noise/noise_040/lightning_logs/version_0/intervention_results.csv
cub,40,0.4000041091387245,False,39.0,0.8084225058555603,/home/dani00003/mCREAM/experiments/CUB/train_cbm/Standard_CUB/cub_progressive_noise/CREAM_cub_progressive_noise/noise_040/lightning_logs/version_0/intervention_results.csv
cub,40,0.4000041091387245,False,40.0,0.807732105255127,/home/dani00003/mCREAM/experiments/CUB/train_cbm/Standard_CUB/cub_progressive_noise/CREAM_cub_progressive_noise/noise_040/lightning_logs/version_0/intervention_results.csv
cub,40,0.4000041091387245,False,41.0,0.809975802898407,/home/dani00003/mCREAM/experiments/CUB/train_cbm/Standard_CUB/cub_progressive_noise/CREAM_cub_progressive_noise/noise_040/lightning_logs/version_0/intervention_results.csv
cub,40,0.4000041091387245,False,42.0,0.813945472240448,/home/dani00003/mCREAM/experiments/CUB/train_cbm/Standard_CUB/cub_progressive_noise/CREAM_cub_progressive_noise/noise_040/lightning_logs/version_0/intervention_results.csv
cub,40,0.4000041091387245,False,43.0,0.8182602524757385,/home/dani00003/mCREAM/experiments/CUB/train_cbm/Standard_CUB/cub_progressive_noise/CREAM_cub_progressive_noise/noise_040/lightning_logs/version_0/intervention_results.csv
cub,40,0.4000041091387245,False,44.0,0.8096306324005127,/home/dani00003/mCREAM/experiments/CUB/train_cbm/Standard_CUB/cub_progressive_noise/CREAM_cub_progressive_noise/noise_040/lightning_logs/version_0/intervention_results.csv
cub,40,0.4000041091387245,False,45.0,0.8206765651702881,/home/dani00003/mCREAM/experiments/CUB/train_cbm/Standard_CUB/cub_progressive_noise/CREAM_cub_progressive_noise/noise_040/lightning_logs/version_0/intervention_results.csv
cub,40,0.4000041091387245,False,46.0,0.8142906427383423,/home/dani00003/mCREAM/experiments/CUB/train_cbm/Standard_CUB/cub_progressive_noise/CREAM_cub_progressive_noise/noise_040/lightning_logs/version_0/intervention_results.csv
cub,40,0.4000041091387245,False,47.0,0.8179150819778442,/home/dani00003/mCREAM/experiments/CUB/train_cbm/Standard_CUB/cub_progressive_noise/CREAM_cub_progressive_noise/noise_040/lightning_logs/version_0/intervention_results.csv
cub,40,0.4000041091387245,False,48.0,0.8213669061660767,/home/dani00003/mCREAM/experiments/CUB/train_cbm/Standard_CUB/cub_progressive_noise/CREAM_cub_progressive_noise/noise_040/lightning_logs/version_0/intervention_results.csv
cub,40,0.4000041091387245,False,49.0,0.8237832188606262,/home/dani00003/mCREAM/experiments/CUB/train_cbm/Standard_CUB/cub_progressive_noise/CREAM_cub_progressive_noise/noise_040/lightning_logs/version_0/intervention_results.csv
cub,40,0.4000041091387245,False,50.0,0.8180876970291138,/home/dani00003/mCREAM/experiments/CUB/train_cbm/Standard_CUB/cub_progressive_noise/CREAM_cub_progressive_noise/noise_040/lightning_logs/version_0/intervention_results.csv
cub,40,0.4000041091387245,False,51.0,0.8260269165039062,/home/dani00003/mCREAM/experiments/CUB/train_cbm/Standard_CUB/cub_progressive_noise/CREAM_cub_progressive_noise/noise_040/lightning_logs/version_0/intervention_results.csv
cub,40,0.4000041091387245,False,52.0,0.8289610147476196,/home/dani00003/mCREAM/experiments/CUB/train_cbm/Standard_CUB/cub_progressive_noise/CREAM_cub_progressive_noise/noise_040/lightning_logs/version_0/intervention_results.csv
cub,40,0.4000041091387245,False,53.0,0.827925443649292,/home/dani00003/mCREAM/experiments/CUB/train_cbm/Standard_CUB/cub_progressive_noise/CREAM_cub_progressive_noise/noise_040/lightning_logs/version_0/intervention_results.csv
cub,40,0.4000041091387245,False,54.0,0.8348291516304016,/home/dani00003/mCREAM/experiments/CUB/train_cbm/Standard_CUB/cub_progressive_noise/CREAM_cub_progressive_noise/noise_040/lightning_logs/version_0/intervention_results.csv
cub,40,0.4000041091387245,False,55.0,0.8286157846450806,/home/dani00003/mCREAM/experiments/CUB/train_cbm/Standard_CUB/cub_progressive_noise/CREAM_cub_progressive_noise/noise_040/lightning_logs/version_0/intervention_results.csv
cub,40,0.4000041091387245,False,56.0,0.8381083607673645,/home/dani00003/mCREAM/experiments/CUB/train_cbm/Standard_CUB/cub_progressive_noise/CREAM_cub_progressive_noise/noise_040/lightning_logs/version_0/intervention_results.csv
cub,40,0.4000041091387245,False,57.0,0.8413876295089722,/home/dani00003/mCREAM/experiments/CUB/train_cbm/Standard_CUB/cub_progressive_noise/CREAM_cub_progressive_noise/noise_040/lightning_logs/version_0/intervention_results.csv
cub,40,0.4000041091387245,False,58.0,0.8386261463165283,/home/dani00003/mCREAM/experiments/CUB/train_cbm/Standard_CUB/cub_progressive_noise/CREAM_cub_progressive_noise/noise_040/lightning_logs/version_0/intervention_results.csv
cub,40,0.4000041091387245,False,59.0,0.8384535908699036,/home/dani00003/mCREAM/experiments/CUB/train_cbm/Standard_CUB/cub_progressive_noise/CREAM_cub_progressive_noise/noise_040/lightning_logs/version_0/intervention_results.csv
cub,40,0.4000041091387245,False,60.0,0.8444942831993103,/home/dani00003/mCREAM/experiments/CUB/train_cbm/Standard_CUB/cub_progressive_noise/CREAM_cub_progressive_noise/noise_040/lightning_logs/version_0/intervention_results.csv
cub,40,0.4000041091387245,False,61.0,0.8420780301094055,/home/dani00003/mCREAM/experiments/CUB/train_cbm/Standard_CUB/cub_progressive_noise/CREAM_cub_progressive_noise/noise_040/lightning_logs/version_0/intervention_results.csv
cub,40,0.4000041091387245,False,62.0,0.8467379808425903,/home/dani00003/mCREAM/experiments/CUB/train_cbm/Standard_CUB/cub_progressive_noise/CREAM_cub_progressive_noise/noise_040/lightning_logs/version_0/intervention_results.csv
cub,40,0.4000041091387245,False,63.0,0.8479461669921875,/home/dani00003/mCREAM/experiments/CUB/train_cbm/Standard_CUB/cub_progressive_noise/CREAM_cub_progressive_noise/noise_040/lightning_logs/version_0/intervention_results.csv
cub,40,0.4000041091387245,False,64.0,0.8519157767295837,/home/dani00003/mCREAM/experiments/CUB/train_cbm/Standard_CUB/cub_progressive_noise/CREAM_cub_progressive_noise/noise_040/lightning_logs/version_0/intervention_results.csv
cub,40,0.4000041091387245,False,65.0,0.8455298542976379,/home/dani00003/mCREAM/experiments/CUB/train_cbm/Standard_CUB/cub_progressive_noise/CREAM_cub_progressive_noise/noise_040/lightning_logs/version_0/intervention_results.csv
cub,40,0.4000041091387245,False,66.0,0.8513979911804199,/home/dani00003/mCREAM/experiments/CUB/train_cbm/Standard_CUB/cub_progressive_noise/CREAM_cub_progressive_noise/noise_040/lightning_logs/version_0/intervention_results.csv
cub,40,0.4000041091387245,False,67.0,0.8515706062316895,/home/dani00003/mCREAM/experiments/CUB/train_cbm/Standard_CUB/cub_progressive_noise/CREAM_cub_progressive_noise/noise_040/lightning_logs/version_0/intervention_results.csv
cub,40,0.4000041091387245,False,68.0,0.8576112985610962,/home/dani00003/mCREAM/experiments/CUB/train_cbm/Standard_CUB/cub_progressive_noise/CREAM_cub_progressive_noise/noise_040/lightning_logs/version_0/intervention_results.csv
cub,40,0.4000041091387245,False,69.0,0.8553676009178162,/home/dani00003/mCREAM/experiments/CUB/train_cbm/Standard_CUB/cub_progressive_noise/CREAM_cub_progressive_noise/noise_040/lightning_logs/version_0/intervention_results.csv
cub,40,0.4000041091387245,False,70.0,0.8536416888237,/home/dani00003/mCREAM/experiments/CUB/train_cbm/Standard_CUB/cub_progressive_noise/CREAM_cub_progressive_noise/noise_040/lightning_logs/version_0/intervention_results.csv
cub,40,0.4000041091387245,False,71.0,0.8586468696594238,/home/dani00003/mCREAM/experiments/CUB/train_cbm/Standard_CUB/cub_progressive_noise/CREAM_cub_progressive_noise/noise_040/lightning_logs/version_0/intervention_results.csv
cub,40,0.4000041091387245,False,72.0,0.8541594743728638,/home/dani00003/mCREAM/experiments/CUB/train_cbm/Standard_CUB/cub_progressive_noise/CREAM_cub_progressive_noise/noise_040/lightning_logs/version_0/intervention_results.csv
cub,40,0.4000041091387245,False,73.0,0.8586468696594238,/home/dani00003/mCREAM/experiments/CUB/train_cbm/Standard_CUB/cub_progressive_noise/CREAM_cub_progressive_noise/noise_040/lightning_logs/version_0/intervention_results.csv
cub,40,0.4000041091387245,False,74.0,0.8638246655464172,/home/dani00003/mCREAM/experiments/CUB/train_cbm/Standard_CUB/cub_progressive_noise/CREAM_cub_progressive_noise/noise_040/lightning_logs/version_0/intervention_results.csv
cub,40,0.4000041091387245,False,75.0,0.8624439239501953,/home/dani00003/mCREAM/experiments/CUB/train_cbm/Standard_CUB/cub_progressive_noise/CREAM_cub_progressive_noise/noise_040/lightning_logs/version_0/intervention_results.csv
cub,40,0.4000041091387245,False,76.0,0.8657231330871582,/home/dani00003/mCREAM/experiments/CUB/train_cbm/Standard_CUB/cub_progressive_noise/CREAM_cub_progressive_noise/noise_040/lightning_logs/version_0/intervention_results.csv
cub,40,0.4000041091387245,False,77.0,0.8696928024291992,/home/dani00003/mCREAM/experiments/CUB/train_cbm/Standard_CUB/cub_progressive_noise/CREAM_cub_progressive_noise/noise_040/lightning_logs/version_0/intervention_results.csv
cub,40,0.4000041091387245,False,78.0,0.8657231330871582,/home/dani00003/mCREAM/experiments/CUB/train_cbm/Standard_CUB/cub_progressive_noise/CREAM_cub_progressive_noise/noise_040/lightning_logs/version_0/intervention_results.csv
cub,40,0.4000041091387245,False,79.0,0.8648601770401001,/home/dani00003/mCREAM/experiments/CUB/train_cbm/Standard_CUB/cub_progressive_noise/CREAM_cub_progressive_noise/noise_040/lightning_logs/version_0/intervention_results.csv
cub,40,0.4000041091387245,False,80.0,0.8655505776405334,/home/dani00003/mCREAM/experiments/CUB/train_cbm/Standard_CUB/cub_progressive_noise/CREAM_cub_progressive_noise/noise_040/lightning_logs/version_0/intervention_results.csv
cub,40,0.4000041091387245,False,81.0,0.8691750168800354,/home/dani00003/mCREAM/experiments/CUB/train_cbm/Standard_CUB/cub_progressive_noise/CREAM_cub_progressive_noise/noise_040/lightning_logs/version_0/intervention_results.csv
cub,40,0.4000041091387245,False,82.0,0.8669313192367554,/home/dani00003/mCREAM/experiments/CUB/train_cbm/Standard_CUB/cub_progressive_noise/CREAM_cub_progressive_noise/noise_040/lightning_logs/version_0/intervention_results.csv
cub,40,0.4000041091387245,False,83.0,0.8695201873779297,/home/dani00003/mCREAM/experiments/CUB/train_cbm/Standard_CUB/cub_progressive_noise/CREAM_cub_progressive_noise/noise_040/lightning_logs/version_0/intervention_results.csv
cub,40,0.4000041091387245,False,84.0,0.8657231330871582,/home/dani00003/mCREAM/experiments/CUB/train_cbm/Standard_CUB/cub_progressive_noise/CREAM_cub_progressive_noise/noise_040/lightning_logs/version_0/intervention_results.csv
cub,40,0.4000041091387245,False,85.0,0.8707283139228821,/home/dani00003/mCREAM/experiments/CUB/train_cbm/Standard_CUB/cub_progressive_noise/CREAM_cub_progressive_noise/noise_040/lightning_logs/version_0/intervention_results.csv
cub,40,0.4000041091387245,False,86.0,0.876078724861145,/home/dani00003/mCREAM/experiments/CUB/train_cbm/Standard_CUB/cub_progressive_noise/CREAM_cub_progressive_noise/noise_040/lightning_logs/version_0/intervention_results.csv
cub,40,0.4000041091387245,False,87.0,0.8746979832649231,/home/dani00003/mCREAM/experiments/CUB/train_cbm/Standard_CUB/cub_progressive_noise/CREAM_cub_progressive_noise/noise_040/lightning_logs/version_0/intervention_results.csv
cub,40,0.4000041091387245,False,88.0,0.8688298463821411,/home/dani00003/mCREAM/experiments/CUB/train_cbm/Standard_CUB/cub_progressive_noise/CREAM_cub_progressive_noise/noise_040/lightning_logs/version_0/intervention_results.csv
cub,40,0.4000041091387245,False,89.0,0.8767690658569336,/home/dani00003/mCREAM/experiments/CUB/train_cbm/Standard_CUB/cub_progressive_noise/CREAM_cub_progressive_noise/noise_040/lightning_logs/version_0/intervention_results.csv
cub,40,0.4000041091387245,False,90.0,0.8748705387115479,/home/dani00003/mCREAM/experiments/CUB/train_cbm/Standard_CUB/cub_progressive_noise/CREAM_cub_progressive_noise/noise_040/lightning_logs/version_0/intervention_results.csv
cub,40,0.4000041091387245,False,91.0,0.8772868514060974,/home/dani00003/mCREAM/experiments/CUB/train_cbm/Standard_CUB/cub_progressive_noise/CREAM_cub_progressive_noise/noise_040/lightning_logs/version_0/intervention_results.csv
cub,40,0.4000041091387245,False,92.0,0.8727994561195374,/home/dani00003/mCREAM/experiments/CUB/train_cbm/Standard_CUB/cub_progressive_noise/CREAM_cub_progressive_noise/noise_040/lightning_logs/version_0/intervention_results.csv
cub,40,0.4000041091387245,False,93.0,0.8746979832649231,/home/dani00003/mCREAM/experiments/CUB/train_cbm/Standard_CUB/cub_progressive_noise/CREAM_cub_progressive_noise/noise_040/lightning_logs/version_0/intervention_results.csv
cub,40,0.4000041091387245,False,94.0,0.872109055519104,/home/dani00003/mCREAM/experiments/CUB/train_cbm/Standard_CUB/cub_progressive_noise/CREAM_cub_progressive_noise/noise_040/lightning_logs/version_0/intervention_results.csv
cub,40,0.4000041091387245,False,95.0,0.8788401484489441,/home/dani00003/mCREAM/experiments/CUB/train_cbm/Standard_CUB/cub_progressive_noise/CREAM_cub_progressive_noise/noise_040/lightning_logs/version_0/intervention_results.csv
cub,40,0.4000041091387245,False,96.0,0.8772868514060974,/home/dani00003/mCREAM/experiments/CUB/train_cbm/Standard_CUB/cub_progressive_noise/CREAM_cub_progressive_noise/noise_040/lightning_logs/version_0/intervention_results.csv
cub,40,0.4000041091387245,False,97.0,0.8784949779510498,/home/dani00003/mCREAM/experiments/CUB/train_cbm/Standard_CUB/cub_progressive_noise/CREAM_cub_progressive_noise/noise_040/lightning_logs/version_0/intervention_results.csv
cub,40,0.4000041091387245,False,98.0,0.8784949779510498,/home/dani00003/mCREAM/experiments/CUB/train_cbm/Standard_CUB/cub_progressive_noise/CREAM_cub_progressive_noise/noise_040/lightning_logs/version_0/intervention_results.csv
cub,40,0.4000041091387245,False,99.0,0.8784949779510498,/home/dani00003/mCREAM/experiments/CUB/train_cbm/Standard_CUB/cub_progressive_noise/CREAM_cub_progressive_noise/noise_040/lightning_logs/version_0/intervention_results.csv
cub,40,0.4000041091387245,False,100.0,0.8726268410682678,/home/dani00003/mCREAM/experiments/CUB/train_cbm/Standard_CUB/cub_progressive_noise/CREAM_cub_progressive_noise/noise_040/lightning_logs/version_0/intervention_results.csv
cub,40,0.4000041091387245,False,101.0,0.8753883242607117,/home/dani00003/mCREAM/experiments/CUB/train_cbm/Standard_CUB/cub_progressive_noise/CREAM_cub_progressive_noise/noise_040/lightning_logs/version_0/intervention_results.csv
cub,40,0.4000041091387245,False,102.0,0.8750431537628174,/home/dani00003/mCREAM/experiments/CUB/train_cbm/Standard_CUB/cub_progressive_noise/CREAM_cub_progressive_noise/noise_040/lightning_logs/version_0/intervention_results.csv
cub,40,0.4000041091387245,False,103.0,0.8740075826644897,/home/dani00003/mCREAM/experiments/CUB/train_cbm/Standard_CUB/cub_progressive_noise/CREAM_cub_progressive_noise/noise_040/lightning_logs/version_0/intervention_results.csv
cub,40,0.4000041091387245,False,104.0,0.8778046369552612,/home/dani00003/mCREAM/experiments/CUB/train_cbm/Standard_CUB/cub_progressive_noise/CREAM_cub_progressive_noise/noise_040/lightning_logs/version_0/intervention_results.csv
cub,40,0.4000041091387245,False,105.0,0.8709009289741516,/home/dani00003/mCREAM/experiments/CUB/train_cbm/Standard_CUB/cub_progressive_noise/CREAM_cub_progressive_noise/noise_040/lightning_logs/version_0/intervention_results.csv
cub,40,0.4000041091387245,False,106.0,0.8719365000724792,/home/dani00003/mCREAM/experiments/CUB/train_cbm/Standard_CUB/cub_progressive_noise/CREAM_cub_progressive_noise/noise_040/lightning_logs/version_0/intervention_results.csv
cub,40,0.4000041091387245,False,107.0,0.8734897971153259,/home/dani00003/mCREAM/experiments/CUB/train_cbm/Standard_CUB/cub_progressive_noise/CREAM_cub_progressive_noise/noise_040/lightning_logs/version_0/intervention_results.csv
cub,40,0.4000041091387245,False,108.0,0.8729720115661621,/home/dani00003/mCREAM/experiments/CUB/train_cbm/Standard_CUB/cub_progressive_noise/CREAM_cub_progressive_noise/noise_040/lightning_logs/version_0/intervention_results.csv
cub,40,0.4000041091387245,False,109.0,0.8750431537628174,/home/dani00003/mCREAM/experiments/CUB/train_cbm/Standard_CUB/cub_progressive_noise/CREAM_cub_progressive_noise/noise_040/lightning_logs/version_0/intervention_results.csv
cub,40,0.4000041091387245,False,110.0,0.8738349676132202,/home/dani00003/mCREAM/experiments/CUB/train_cbm/Standard_CUB/cub_progressive_noise/CREAM_cub_progressive_noise/noise_040/lightning_logs/version_0/intervention_results.csv
cub,40,0.4000041091387245,False,111.0,0.8733172416687012,/home/dani00003/mCREAM/experiments/CUB/train_cbm/Standard_CUB/cub_progressive_noise/CREAM_cub_progressive_noise/noise_040/lightning_logs/version_0/intervention_results.csv
cub,40,0.4000041091387245,False,112.0,0.8715912699699402,/home/dani00003/mCREAM/experiments/CUB/train_cbm/Standard_CUB/cub_progressive_noise/CREAM_cub_progressive_noise/noise_040/lightning_logs/version_0/intervention_results.csv
cub,40,0.4000041091387245,True,0.0,0.7304107546806335,/home/dani00003/mCREAM/experiments/CUB/train_cbm/Standard_CUB/cub_progressive_noise/CREAM_cub_progressive_noise/noise_040/lightning_logs/version_0/intervention_results.csv
cub,40,0.4000041091387245,True,1.0,0.7364515066146851,/home/dani00003/mCREAM/experiments/CUB/train_cbm/Standard_CUB/cub_progressive_noise/CREAM_cub_progressive_noise/noise_040/lightning_logs/version_0/intervention_results.csv
cub,40,0.4000041091387245,True,2.0,0.7454262971878052,/home/dani00003/mCREAM/experiments/CUB/train_cbm/Standard_CUB/cub_progressive_noise/CREAM_cub_progressive_noise/noise_040/lightning_logs/version_0/intervention_results.csv
cub,40,0.4000041091387245,True,3.0,0.7535381317138672,/home/dani00003/mCREAM/experiments/CUB/train_cbm/Standard_CUB/cub_progressive_noise/CREAM_cub_progressive_noise/noise_040/lightning_logs/version_0/intervention_results.csv
cub,40,0.4000041091387245,True,4.0,0.7606143951416016,/home/dani00003/mCREAM/experiments/CUB/train_cbm/Standard_CUB/cub_progressive_noise/CREAM_cub_progressive_noise/noise_040/lightning_logs/version_0/intervention_results.csv
cub,40,0.4000041091387245,True,5.0,0.7709699869155884,/home/dani00003/mCREAM/experiments/CUB/train_cbm/Standard_CUB/cub_progressive_noise/CREAM_cub_progressive_noise/noise_040/lightning_logs/version_0/intervention_results.csv
cub,40,0.4000041091387245,True,6.0,0.7763203382492065,/home/dani00003/mCREAM/experiments/CUB/train_cbm/Standard_CUB/cub_progressive_noise/CREAM_cub_progressive_noise/noise_040/lightning_logs/version_0/intervention_results.csv
cub,40,0.4000041091387245,True,7.0,0.7877114415168762,/home/dani00003/mCREAM/experiments/CUB/train_cbm/Standard_CUB/cub_progressive_noise/CREAM_cub_progressive_noise/noise_040/lightning_logs/version_0/intervention_results.csv
cub,40,0.4000041091387245,True,8.0,0.7909906506538391,/home/dani00003/mCREAM/experiments/CUB/train_cbm/Standard_CUB/cub_progressive_noise/CREAM_cub_progressive_noise/noise_040/lightning_logs/version_0/intervention_results.csv
cub,40,0.4000041091387245,True,9.0,0.7985847592353821,/home/dani00003/mCREAM/experiments/CUB/train_cbm/Standard_CUB/cub_progressive_noise/CREAM_cub_progressive_noise/noise_040/lightning_logs/version_0/intervention_results.csv
cub,40,0.4000041091387245,True,10.0,0.8106662034988403,/home/dani00003/mCREAM/experiments/CUB/train_cbm/Standard_CUB/cub_progressive_noise/CREAM_cub_progressive_noise/noise_040/lightning_logs/version_0/intervention_results.csv
cub,40,0.4000041091387245,True,11.0,0.8229202628135681,/home/dani00003/mCREAM/experiments/CUB/train_cbm/Standard_CUB/cub_progressive_noise/CREAM_cub_progressive_noise/noise_040/lightning_logs/version_0/intervention_results.csv
cub,40,0.4000041091387245,True,12.0,0.8248187899589539,/home/dani00003/mCREAM/experiments/CUB/train_cbm/Standard_CUB/cub_progressive_noise/CREAM_cub_progressive_noise/noise_040/lightning_logs/version_0/intervention_results.csv
cub,40,0.4000041091387245,True,13.0,0.8329306244850159,/home/dani00003/mCREAM/experiments/CUB/train_cbm/Standard_CUB/cub_progressive_noise/CREAM_cub_progressive_noise/noise_040/lightning_logs/version_0/intervention_results.csv
cub,40,0.4000041091387245,True,14.0,0.8422505855560303,/home/dani00003/mCREAM/experiments/CUB/train_cbm/Standard_CUB/cub_progressive_noise/CREAM_cub_progressive_noise/noise_040/lightning_logs/version_0/intervention_results.csv
cub,40,0.4000041091387245,True,15.0,0.846392810344696,/home/dani00003/mCREAM/experiments/CUB/train_cbm/Standard_CUB/cub_progressive_noise/CREAM_cub_progressive_noise/noise_040/lightning_logs/version_0/intervention_results.csv
cub,40,0.4000041091387245,True,16.0,0.8508802056312561,/home/dani00003/mCREAM/experiments/CUB/train_cbm/Standard_CUB/cub_progressive_noise/CREAM_cub_progressive_noise/noise_040/lightning_logs/version_0/intervention_results.csv
cub,40,0.4000041091387245,True,17.0,0.8564031720161438,/home/dani00003/mCREAM/experiments/CUB/train_cbm/Standard_CUB/cub_progressive_noise/CREAM_cub_progressive_noise/noise_040/lightning_logs/version_0/intervention_results.csv
cub,40,0.4000041091387245,True,18.0,0.8671038746833801,/home/dani00003/mCREAM/experiments/CUB/train_cbm/Standard_CUB/cub_progressive_noise/CREAM_cub_progressive_noise/noise_040/lightning_logs/version_0/intervention_results.csv
cub,40,0.4000041091387245,True,19.0,0.8629616498947144,/home/dani00003/mCREAM/experiments/CUB/train_cbm/Standard_CUB/cub_progressive_noise/CREAM_cub_progressive_noise/noise_040/lightning_logs/version_0/intervention_results.csv
cub,40,0.4000041091387245,True,20.0,0.8634794354438782,/home/dani00003/mCREAM/experiments/CUB/train_cbm/Standard_CUB/cub_progressive_noise/CREAM_cub_progressive_noise/noise_040/lightning_logs/version_0/intervention_results.csv
cub,40,0.4000041091387245,True,21.0,0.8696928024291992,/home/dani00003/mCREAM/experiments/CUB/train_cbm/Standard_CUB/cub_progressive_noise/CREAM_cub_progressive_noise/noise_040/lightning_logs/version_0/intervention_results.csv
cub,40,0.4000041091387245,True,22.0,0.8748705387115479,/home/dani00003/mCREAM/experiments/CUB/train_cbm/Standard_CUB/cub_progressive_noise/CREAM_cub_progressive_noise/noise_040/lightning_logs/version_0/intervention_results.csv
cub,40,0.4000041091387245,True,23.0,0.8703831434249878,/home/dani00003/mCREAM/experiments/CUB/train_cbm/Standard_CUB/cub_progressive_noise/CREAM_cub_progressive_noise/noise_040/lightning_logs/version_0/intervention_results.csv
cub,40,0.4000041091387245,True,24.0,0.8786675930023193,/home/dani00003/mCREAM/experiments/CUB/train_cbm/Standard_CUB/cub_progressive_noise/CREAM_cub_progressive_noise/noise_040/lightning_logs/version_0/intervention_results.csv
cub,40,0.4000041091387245,True,25.0,0.8774594068527222,/home/dani00003/mCREAM/experiments/CUB/train_cbm/Standard_CUB/cub_progressive_noise/CREAM_cub_progressive_noise/noise_040/lightning_logs/version_0/intervention_results.csv
cub,50,0.5,False,0.0,0.7290300130844116,/home/dani00003/mCREAM/experiments/CUB/train_cbm/Standard_CUB/cub_progressive_noise/CREAM_cub_progressive_noise/noise_050/lightning_logs/version_0/intervention_results.csv
cub,50,0.5,False,1.0,0.7317914962768555,/home/dani00003/mCREAM/experiments/CUB/train_cbm/Standard_CUB/cub_progressive_noise/CREAM_cub_progressive_noise/noise_050/lightning_logs/version_0/intervention_results.csv
cub,50,0.5,False,2.0,0.7348981499671936,/home/dani00003/mCREAM/experiments/CUB/train_cbm/Standard_CUB/cub_progressive_noise/CREAM_cub_progressive_noise/noise_050/lightning_logs/version_0/intervention_results.csv
cub,50,0.5,False,3.0,0.7347255945205688,/home/dani00003/mCREAM/experiments/CUB/train_cbm/Standard_CUB/cub_progressive_noise/CREAM_cub_progressive_noise/noise_050/lightning_logs/version_0/intervention_results.csv
cub,50,0.5,False,4.0,0.7364515066146851,/home/dani00003/mCREAM/experiments/CUB/train_cbm/Standard_CUB/cub_progressive_noise/CREAM_cub_progressive_noise/noise_050/lightning_logs/version_0/intervention_results.csv
cub,50,0.5,False,5.0,0.7404211163520813,/home/dani00003/mCREAM/experiments/CUB/train_cbm/Standard_CUB/cub_progressive_noise/CREAM_cub_progressive_noise/noise_050/lightning_logs/version_0/intervention_results.csv
cub,50,0.5,False,6.0,0.7383500337600708,/home/dani00003/mCREAM/experiments/CUB/train_cbm/Standard_CUB/cub_progressive_noise/CREAM_cub_progressive_noise/noise_050/lightning_logs/version_0/intervention_results.csv
cub,50,0.5,False,7.0,0.7440455555915833,/home/dani00003/mCREAM/experiments/CUB/train_cbm/Standard_CUB/cub_progressive_noise/CREAM_cub_progressive_noise/noise_050/lightning_logs/version_0/intervention_results.csv
cub,50,0.5,False,8.0,0.7411115169525146,/home/dani00003/mCREAM/experiments/CUB/train_cbm/Standard_CUB/cub_progressive_noise/CREAM_cub_progressive_noise/noise_050/lightning_logs/version_0/intervention_results.csv
cub,50,0.5,False,9.0,0.7428374290466309,/home/dani00003/mCREAM/experiments/CUB/train_cbm/Standard_CUB/cub_progressive_noise/CREAM_cub_progressive_noise/noise_050/lightning_logs/version_0/intervention_results.csv
cub,50,0.5,False,10.0,0.750431478023529,/home/dani00003/mCREAM/experiments/CUB/train_cbm/Standard_CUB/cub_progressive_noise/CREAM_cub_progressive_noise/noise_050/lightning_logs/version_0/intervention_results.csv
cub,50,0.5,False,11.0,0.7502588629722595,/home/dani00003/mCREAM/experiments/CUB/train_cbm/Standard_CUB/cub_progressive_noise/CREAM_cub_progressive_noise/noise_050/lightning_logs/version_0/intervention_results.csv
cub,50,0.5,False,12.0,0.7512944340705872,/home/dani00003/mCREAM/experiments/CUB/train_cbm/Standard_CUB/cub_progressive_noise/CREAM_cub_progressive_noise/noise_050/lightning_logs/version_0/intervention_results.csv
cub,50,0.5,False,13.0,0.7564722299575806,/home/dani00003/mCREAM/experiments/CUB/train_cbm/Standard_CUB/cub_progressive_noise/CREAM_cub_progressive_noise/noise_050/lightning_logs/version_0/intervention_results.csv
cub,50,0.5,False,14.0,0.7573351860046387,/home/dani00003/mCREAM/experiments/CUB/train_cbm/Standard_CUB/cub_progressive_noise/CREAM_cub_progressive_noise/noise_050/lightning_logs/version_0/intervention_results.csv
cub,50,0.5,False,15.0,0.7550914883613586,/home/dani00003/mCREAM/experiments/CUB/train_cbm/Standard_CUB/cub_progressive_noise/CREAM_cub_progressive_noise/noise_050/lightning_logs/version_0/intervention_results.csv
cub,50,0.5,False,16.0,0.7564722299575806,/home/dani00003/mCREAM/experiments/CUB/train_cbm/Standard_CUB/cub_progressive_noise/CREAM_cub_progressive_noise/noise_050/lightning_logs/version_0/intervention_results.csv
cub,50,0.5,False,17.0,0.7595788836479187,/home/dani00003/mCREAM/experiments/CUB/train_cbm/Standard_CUB/cub_progressive_noise/CREAM_cub_progressive_noise/noise_050/lightning_logs/version_0/intervention_results.csv
cub,50,0.5,False,18.0,0.757680356502533,/home/dani00003/mCREAM/experiments/CUB/train_cbm/Standard_CUB/cub_progressive_noise/CREAM_cub_progressive_noise/noise_050/lightning_logs/version_0/intervention_results.csv
cub,50,0.5,False,19.0,0.7569899559020996,/home/dani00003/mCREAM/experiments/CUB/train_cbm/Standard_CUB/cub_progressive_noise/CREAM_cub_progressive_noise/noise_050/lightning_logs/version_0/intervention_results.csv
cub,50,0.5,False,20.0,0.764411449432373,/home/dani00003/mCREAM/experiments/CUB/train_cbm/Standard_CUB/cub_progressive_noise/CREAM_cub_progressive_noise/noise_050/lightning_logs/version_0/intervention_results.csv
cub,50,0.5,False,21.0,0.7642388343811035,/home/dani00003/mCREAM/experiments/CUB/train_cbm/Standard_CUB/cub_progressive_noise/CREAM_cub_progressive_noise/noise_050/lightning_logs/version_0/intervention_results.csv
cub,50,0.5,False,22.0,0.7654470205307007,/home/dani00003/mCREAM/experiments/CUB/train_cbm/Standard_CUB/cub_progressive_noise/CREAM_cub_progressive_noise/noise_050/lightning_logs/version_0/intervention_results.csv
cub,50,0.5,False,23.0,0.7694166302680969,/home/dani00003/mCREAM/experiments/CUB/train_cbm/Standard_CUB/cub_progressive_noise/CREAM_cub_progressive_noise/noise_050/lightning_logs/version_0/intervention_results.csv
cub,50,0.5,False,24.0,0.765792191028595,/home/dani00003/mCREAM/experiments/CUB/train_cbm/Standard_CUB/cub_progressive_noise/CREAM_cub_progressive_noise/noise_050/lightning_logs/version_0/intervention_results.csv
cub,50,0.5,False,25.0,0.7723507285118103,/home/dani00003/mCREAM/experiments/CUB/train_cbm/Standard_CUB/cub_progressive_noise/CREAM_cub_progressive_noise/noise_050/lightning_logs/version_0/intervention_results.csv
cub,50,0.5,False,26.0,0.7737314701080322,/home/dani00003/mCREAM/experiments/CUB/train_cbm/Standard_CUB/cub_progressive_noise/CREAM_cub_progressive_noise/noise_050/lightning_logs/version_0/intervention_results.csv
cub,50,0.5,False,27.0,0.7732136845588684,/home/dani00003/mCREAM/experiments/CUB/train_cbm/Standard_CUB/cub_progressive_noise/CREAM_cub_progressive_noise/noise_050/lightning_logs/version_0/intervention_results.csv
cub,50,0.5,False,28.0,0.778391420841217,/home/dani00003/mCREAM/experiments/CUB/train_cbm/Standard_CUB/cub_progressive_noise/CREAM_cub_progressive_noise/noise_050/lightning_logs/version_0/intervention_results.csv
cub,50,0.5,False,29.0,0.776147723197937,/home/dani00003/mCREAM/experiments/CUB/train_cbm/Standard_CUB/cub_progressive_noise/CREAM_cub_progressive_noise/noise_050/lightning_logs/version_0/intervention_results.csv
cub,50,0.5,False,30.0,0.7804625630378723,/home/dani00003/mCREAM/experiments/CUB/train_cbm/Standard_CUB/cub_progressive_noise/CREAM_cub_progressive_noise/noise_050/lightning_logs/version_0/intervention_results.csv
cub,50,0.5,False,31.0,0.7816706895828247,/home/dani00003/mCREAM/experiments/CUB/train_cbm/Standard_CUB/cub_progressive_noise/CREAM_cub_progressive_noise/noise_050/lightning_logs/version_0/intervention_results.csv
cub,50,0.5,False,32.0,0.7844321727752686,/home/dani00003/mCREAM/experiments/CUB/train_cbm/Standard_CUB/cub_progressive_noise/CREAM_cub_progressive_noise/noise_050/lightning_logs/version_0/intervention_results.csv
cub,50,0.5,False,33.0,0.7813255190849304,/home/dani00003/mCREAM/experiments/CUB/train_cbm/Standard_CUB/cub_progressive_noise/CREAM_cub_progressive_noise/noise_050/lightning_logs/version_0/intervention_results.csv
cub,50,0.5,False,34.0,0.7896099090576172,/home/dani00003/mCREAM/experiments/CUB/train_cbm/Standard_CUB/cub_progressive_noise/CREAM_cub_progressive_noise/noise_050/lightning_logs/version_0/intervention_results.csv
cub,50,0.5,False,35.0,0.7884017825126648,/home/dani00003/mCREAM/experiments/CUB/train_cbm/Standard_CUB/cub_progressive_noise/CREAM_cub_progressive_noise/noise_050/lightning_logs/version_0/intervention_results.csv
cub,50,0.5,False,36.0,0.7849499583244324,/home/dani00003/mCREAM/experiments/CUB/train_cbm/Standard_CUB/cub_progressive_noise/CREAM_cub_progressive_noise/noise_050/lightning_logs/version_0/intervention_results.csv
cub,50,0.5,False,37.0,0.7925440073013306,/home/dani00003/mCREAM/experiments/CUB/train_cbm/Standard_CUB/cub_progressive_noise/CREAM_cub_progressive_noise/noise_050/lightning_logs/version_0/intervention_results.csv
cub,50,0.5,False,38.0,0.7949603199958801,/home/dani00003/mCREAM/experiments/CUB/train_cbm/Standard_CUB/cub_progressive_noise/CREAM_cub_progressive_noise/noise_050/lightning_logs/version_0/intervention_results.csv
cub,50,0.5,False,39.0,0.7961684465408325,/home/dani00003/mCREAM/experiments/CUB/train_cbm/Standard_CUB/cub_progressive_noise/CREAM_cub_progressive_noise/noise_050/lightning_logs/version_0/intervention_results.csv
cub,50,0.5,False,40.0,0.796341061592102,/home/dani00003/mCREAM/experiments/CUB/train_cbm/Standard_CUB/cub_progressive_noise/CREAM_cub_progressive_noise/noise_050/lightning_logs/version_0/intervention_results.csv
cub,50,0.5,False,41.0,0.7978943586349487,/home/dani00003/mCREAM/experiments/CUB/train_cbm/Standard_CUB/cub_progressive_noise/CREAM_cub_progressive_noise/noise_050/lightning_logs/version_0/intervention_results.csv
cub,50,0.5,False,42.0,0.7991024851799011,/home/dani00003/mCREAM/experiments/CUB/train_cbm/Standard_CUB/cub_progressive_noise/CREAM_cub_progressive_noise/noise_050/lightning_logs/version_0/intervention_results.csv
cub,50,0.5,False,43.0,0.7984121441841125,/home/dani00003/mCREAM/experiments/CUB/train_cbm/Standard_CUB/cub_progressive_noise/CREAM_cub_progressive_noise/noise_050/lightning_logs/version_0/intervention_results.csv
cub,50,0.5,False,44.0,0.8044528961181641,/home/dani00003/mCREAM/experiments/CUB/train_cbm/Standard_CUB/cub_progressive_noise/CREAM_cub_progressive_noise/noise_050/lightning_logs/version_0/intervention_results.csv
cub,50,0.5,False,45.0,0.7975491881370544,/home/dani00003/mCREAM/experiments/CUB/train_cbm/Standard_CUB/cub_progressive_noise/CREAM_cub_progressive_noise/noise_050/lightning_logs/version_0/intervention_results.csv
cub,50,0.5,False,46.0,0.8051432371139526,/home/dani00003/mCREAM/experiments/CUB/train_cbm/Standard_CUB/cub_progressive_noise/CREAM_cub_progressive_noise/noise_050/lightning_logs/version_0/intervention_results.csv
cub,50,0.5,False,47.0,0.8047980666160583,/home/dani00003/mCREAM/experiments/CUB/train_cbm/Standard_CUB/cub_progressive_noise/CREAM_cub_progressive_noise/noise_050/lightning_logs/version_0/intervention_results.csv
cub,50,0.5,False,48.0,0.8087676763534546,/home/dani00003/mCREAM/experiments/CUB/train_cbm/Standard_CUB/cub_progressive_noise/CREAM_cub_progressive_noise/noise_050/lightning_logs/version_0/intervention_results.csv
cub,50,0.5,False,49.0,0.8001380562782288,/home/dani00003/mCREAM/experiments/CUB/train_cbm/Standard_CUB/cub_progressive_noise/CREAM_cub_progressive_noise/noise_050/lightning_logs/version_0/intervention_results.csv
cub,50,0.5,False,50.0,0.8111839890480042,/home/dani00003/mCREAM/experiments/CUB/train_cbm/Standard_CUB/cub_progressive_noise/CREAM_cub_progressive_noise/noise_050/lightning_logs/version_0/intervention_results.csv
cub,50,0.5,False,51.0,0.8142906427383423,/home/dani00003/mCREAM/experiments/CUB/train_cbm/Standard_CUB/cub_progressive_noise/CREAM_cub_progressive_noise/noise_050/lightning_logs/version_0/intervention_results.csv
cub,50,0.5,False,52.0,0.8158439993858337,/home/dani00003/mCREAM/experiments/CUB/train_cbm/Standard_CUB/cub_progressive_noise/CREAM_cub_progressive_noise/noise_050/lightning_logs/version_0/intervention_results.csv
cub,50,0.5,False,53.0,0.8148084282875061,/home/dani00003/mCREAM/experiments/CUB/train_cbm/Standard_CUB/cub_progressive_noise/CREAM_cub_progressive_noise/noise_050/lightning_logs/version_0/intervention_results.csv
cub,50,0.5,False,54.0,0.8160165548324585,/home/dani00003/mCREAM/experiments/CUB/train_cbm/Standard_CUB/cub_progressive_noise/CREAM_cub_progressive_noise/noise_050/lightning_logs/version_0/intervention_results.csv
cub,50,0.5,False,55.0,0.8149809837341309,/home/dani00003/mCREAM/experiments/CUB/train_cbm/Standard_CUB/cub_progressive_noise/CREAM_cub_progressive_noise/noise_050/lightning_logs/version_0/intervention_results.csv
cub,50,0.5,False,56.0,0.8199861645698547,/home/dani00003/mCREAM/experiments/CUB/train_cbm/Standard_CUB/cub_progressive_noise/CREAM_cub_progressive_noise/noise_050/lightning_logs/version_0/intervention_results.csv
cub,50,0.5,False,57.0,0.8201587796211243,/home/dani00003/mCREAM/experiments/CUB/train_cbm/Standard_CUB/cub_progressive_noise/CREAM_cub_progressive_noise/noise_050/lightning_logs/version_0/intervention_results.csv
cub,50,0.5,False,58.0,0.8217121362686157,/home/dani00003/mCREAM/experiments/CUB/train_cbm/Standard_CUB/cub_progressive_noise/CREAM_cub_progressive_noise/noise_050/lightning_logs/version_0/intervention_results.csv
cub,50,0.5,False,59.0,0.8203313946723938,/home/dani00003/mCREAM/experiments/CUB/train_cbm/Standard_CUB/cub_progressive_noise/CREAM_cub_progressive_noise/noise_050/lightning_logs/version_0/intervention_results.csv
cub,50,0.5,False,60.0,0.8306869268417358,/home/dani00003/mCREAM/experiments/CUB/train_cbm/Standard_CUB/cub_progressive_noise/CREAM_cub_progressive_noise/noise_050/lightning_logs/version_0/intervention_results.csv
cub,50,0.5,False,61.0,0.8280979990959167,/home/dani00003/mCREAM/experiments/CUB/train_cbm/Standard_CUB/cub_progressive_noise/CREAM_cub_progressive_noise/noise_050/lightning_logs/version_0/intervention_results.csv
cub,50,0.5,False,62.0,0.8236106038093567,/home/dani00003/mCREAM/experiments/CUB/train_cbm/Standard_CUB/cub_progressive_noise/CREAM_cub_progressive_noise/noise_050/lightning_logs/version_0/intervention_results.csv
cub,50,0.5,False,63.0,0.8331031799316406,/home/dani00003/mCREAM/experiments/CUB/train_cbm/Standard_CUB/cub_progressive_noise/CREAM_cub_progressive_noise/noise_050/lightning_logs/version_0/intervention_results.csv
cub,50,0.5,False,64.0,0.8246461749076843,/home/dani00003/mCREAM/experiments/CUB/train_cbm/Standard_CUB/cub_progressive_noise/CREAM_cub_progressive_noise/noise_050/lightning_logs/version_0/intervention_results.csv
cub,50,0.5,False,65.0,0.8286157846450806,/home/dani00003/mCREAM/experiments/CUB/train_cbm/Standard_CUB/cub_progressive_noise/CREAM_cub_progressive_noise/noise_050/lightning_logs/version_0/intervention_results.csv
cub,50,0.5,False,66.0,0.832412838935852,/home/dani00003/mCREAM/experiments/CUB/train_cbm/Standard_CUB/cub_progressive_noise/CREAM_cub_progressive_noise/noise_050/lightning_logs/version_0/intervention_results.csv
cub,50,0.5,False,67.0,0.8358646631240845,/home/dani00003/mCREAM/experiments/CUB/train_cbm/Standard_CUB/cub_progressive_noise/CREAM_cub_progressive_noise/noise_050/lightning_logs/version_0/intervention_results.csv
cub,50,0.5,False,68.0,0.830169141292572,/home/dani00003/mCREAM/experiments/CUB/train_cbm/Standard_CUB/cub_progressive_noise/CREAM_cub_progressive_noise/noise_050/lightning_logs/version_0/intervention_results.csv
cub,50,0.5,False,69.0,0.8317224383354187,/home/dani00003/mCREAM/experiments/CUB/train_cbm/Standard_CUB/cub_progressive_noise/CREAM_cub_progressive_noise/noise_050/lightning_logs/version_0/intervention_results.csv
cub,50,0.5,False,70.0,0.8308594822883606,/home/dani00003/mCREAM/experiments/CUB/train_cbm/Standard_CUB/cub_progressive_noise/CREAM_cub_progressive_noise/noise_050/lightning_logs/version_0/intervention_results.csv
cub,50,0.5,False,71.0,0.8296513557434082,/home/dani00003/mCREAM/experiments/CUB/train_cbm/Standard_CUB/cub_progressive_noise/CREAM_cub_progressive_noise/noise_050/lightning_logs/version_0/intervention_results.csv
cub,50,0.5,False,72.0,0.8343113660812378,/home/dani00003/mCREAM/experiments/CUB/train_cbm/Standard_CUB/cub_progressive_noise/CREAM_cub_progressive_noise/noise_050/lightning_logs/version_0/intervention_results.csv
cub,50,0.5,False,73.0,0.8358646631240845,/home/dani00003/mCREAM/experiments/CUB/train_cbm/Standard_CUB/cub_progressive_noise/CREAM_cub_progressive_noise/noise_050/lightning_logs/version_0/intervention_results.csv
cub,50,0.5,False,74.0,0.8369002342224121,/home/dani00003/mCREAM/experiments/CUB/train_cbm/Standard_CUB/cub_progressive_noise/CREAM_cub_progressive_noise/noise_050/lightning_logs/version_0/intervention_results.csv
cub,50,0.5,False,75.0,0.8341387510299683,/home/dani00003/mCREAM/experiments/CUB/train_cbm/Standard_CUB/cub_progressive_noise/CREAM_cub_progressive_noise/noise_050/lightning_logs/version_0/intervention_results.csv
cub,50,0.5,False,76.0,0.8343113660812378,/home/dani00003/mCREAM/experiments/CUB/train_cbm/Standard_CUB/cub_progressive_noise/CREAM_cub_progressive_noise/noise_050/lightning_logs/version_0/intervention_results.csv
cub,50,0.5,False,77.0,0.8331031799316406,/home/dani00003/mCREAM/experiments/CUB/train_cbm/Standard_CUB/cub_progressive_noise/CREAM_cub_progressive_noise/noise_050/lightning_logs/version_0/intervention_results.csv
cub,50,0.5,False,78.0,0.8351743221282959,/home/dani00003/mCREAM/experiments/CUB/train_cbm/Standard_CUB/cub_progressive_noise/CREAM_cub_progressive_noise/noise_050/lightning_logs/version_0/intervention_results.csv
cub,50,0.5,False,79.0,0.8381083607673645,/home/dani00003/mCREAM/experiments/CUB/train_cbm/Standard_CUB/cub_progressive_noise/CREAM_cub_progressive_noise/noise_050/lightning_logs/version_0/intervention_results.csv
cub,50,0.5,False,80.0,0.8422505855560303,/home/dani00003/mCREAM/experiments/CUB/train_cbm/Standard_CUB/cub_progressive_noise/CREAM_cub_progressive_noise/noise_050/lightning_logs/version_0/intervention_results.csv
cub,50,0.5,False,81.0,0.8431135416030884,/home/dani00003/mCREAM/experiments/CUB/train_cbm/Standard_CUB/cub_progressive_noise/CREAM_cub_progressive_noise/noise_050/lightning_logs/version_0/intervention_results.csv
cub,50,0.5,False,82.0,0.8405246734619141,/home/dani00003/mCREAM/experiments/CUB/train_cbm/Standard_CUB/cub_progressive_noise/CREAM_cub_progressive_noise/noise_050/lightning_logs/version_0/intervention_results.csv
cub,50,0.5,False,83.0,0.8403520584106445,/home/dani00003/mCREAM/experiments/CUB/train_cbm/Standard_CUB/cub_progressive_noise/CREAM_cub_progressive_noise/noise_050/lightning_logs/version_0/intervention_results.csv
cub,50,0.5,False,84.0,0.8467379808425903,/home/dani00003/mCREAM/experiments/CUB/train_cbm/Standard_CUB/cub_progressive_noise/CREAM_cub_progressive_noise/noise_050/lightning_logs/version_0/intervention_results.csv
cub,50,0.5,False,85.0,0.8431135416030884,/home/dani00003/mCREAM/experiments/CUB/train_cbm/Standard_CUB/cub_progressive_noise/CREAM_cub_progressive_noise/noise_050/lightning_logs/version_0/intervention_results.csv
cub,50,0.5,False,86.0,0.844149112701416,/home/dani00003/mCREAM/experiments/CUB/train_cbm/Standard_CUB/cub_progressive_noise/CREAM_cub_progressive_noise/noise_050/lightning_logs/version_0/intervention_results.csv
cub,50,0.5,False,87.0,0.8375906348228455,/home/dani00003/mCREAM/experiments/CUB/train_cbm/Standard_CUB/cub_progressive_noise/CREAM_cub_progressive_noise/noise_050/lightning_logs/version_0/intervention_results.csv
cub,50,0.5,False,88.0,0.8415602445602417,/home/dani00003/mCREAM/experiments/CUB/train_cbm/Standard_CUB/cub_progressive_noise/CREAM_cub_progressive_noise/noise_050/lightning_logs/version_0/intervention_results.csv
cub,50,0.5,False,89.0,0.8408698439598083,/home/dani00003/mCREAM/experiments/CUB/train_cbm/Standard_CUB/cub_progressive_noise/CREAM_cub_progressive_noise/noise_050/lightning_logs/version_0/intervention_results.csv
cub,50,0.5,False,90.0,0.839661717414856,/home/dani00003/mCREAM/experiments/CUB/train_cbm/Standard_CUB/cub_progressive_noise/CREAM_cub_progressive_noise/noise_050/lightning_logs/version_0/intervention_results.csv
cub,50,0.5,False,91.0,0.8460476398468018,/home/dani00003/mCREAM/experiments/CUB/train_cbm/Standard_CUB/cub_progressive_noise/CREAM_cub_progressive_noise/noise_050/lightning_logs/version_0/intervention_results.csv
cub,50,0.5,False,92.0,0.8393165469169617,/home/dani00003/mCREAM/experiments/CUB/train_cbm/Standard_CUB/cub_progressive_noise/CREAM_cub_progressive_noise/noise_050/lightning_logs/version_0/intervention_results.csv
cub,50,0.5,False,93.0,0.8431135416030884,/home/dani00003/mCREAM/experiments/CUB/train_cbm/Standard_CUB/cub_progressive_noise/CREAM_cub_progressive_noise/noise_050/lightning_logs/version_0/intervention_results.csv
cub,50,0.5,False,94.0,0.8389713168144226,/home/dani00003/mCREAM/experiments/CUB/train_cbm/Standard_CUB/cub_progressive_noise/CREAM_cub_progressive_noise/noise_050/lightning_logs/version_0/intervention_results.csv
cub,50,0.5,False,95.0,0.8356921076774597,/home/dani00003/mCREAM/experiments/CUB/train_cbm/Standard_CUB/cub_progressive_noise/CREAM_cub_progressive_noise/noise_050/lightning_logs/version_0/intervention_results.csv
cub,50,0.5,False,96.0,0.8374180197715759,/home/dani00003/mCREAM/experiments/CUB/train_cbm/Standard_CUB/cub_progressive_noise/CREAM_cub_progressive_noise/noise_050/lightning_logs/version_0/intervention_results.csv
cub,50,0.5,False,97.0,0.836037278175354,/home/dani00003/mCREAM/experiments/CUB/train_cbm/Standard_CUB/cub_progressive_noise/CREAM_cub_progressive_noise/noise_050/lightning_logs/version_0/intervention_results.csv
cub,50,0.5,False,98.0,0.8401795029640198,/home/dani00003/mCREAM/experiments/CUB/train_cbm/Standard_CUB/cub_progressive_noise/CREAM_cub_progressive_noise/noise_050/lightning_logs/version_0/intervention_results.csv
cub,50,0.5,False,99.0,0.8381083607673645,/home/dani00003/mCREAM/experiments/CUB/train_cbm/Standard_CUB/cub_progressive_noise/CREAM_cub_progressive_noise/noise_050/lightning_logs/version_0/intervention_results.csv
cub,50,0.5,False,100.0,0.8384535908699036,/home/dani00003/mCREAM/experiments/CUB/train_cbm/Standard_CUB/cub_progressive_noise/CREAM_cub_progressive_noise/noise_050/lightning_logs/version_0/intervention_results.csv
cub,50,0.5,False,101.0,0.8424232006072998,/home/dani00003/mCREAM/experiments/CUB/train_cbm/Standard_CUB/cub_progressive_noise/CREAM_cub_progressive_noise/noise_050/lightning_logs/version_0/intervention_results.csv
cub,50,0.5,False,102.0,0.8394891023635864,/home/dani00003/mCREAM/experiments/CUB/train_cbm/Standard_CUB/cub_progressive_noise/CREAM_cub_progressive_noise/noise_050/lightning_logs/version_0/intervention_results.csv
cub,50,0.5,False,103.0,0.8387987613677979,/home/dani00003/mCREAM/experiments/CUB/train_cbm/Standard_CUB/cub_progressive_noise/CREAM_cub_progressive_noise/noise_050/lightning_logs/version_0/intervention_results.csv
cub,50,0.5,False,104.0,0.8306869268417358,/home/dani00003/mCREAM/experiments/CUB/train_cbm/Standard_CUB/cub_progressive_noise/CREAM_cub_progressive_noise/noise_050/lightning_logs/version_0/intervention_results.csv
cub,50,0.5,False,105.0,0.831549882888794,/home/dani00003/mCREAM/experiments/CUB/train_cbm/Standard_CUB/cub_progressive_noise/CREAM_cub_progressive_noise/noise_050/lightning_logs/version_0/intervention_results.csv
cub,50,0.5,False,106.0,0.8280979990959167,/home/dani00003/mCREAM/experiments/CUB/train_cbm/Standard_CUB/cub_progressive_noise/CREAM_cub_progressive_noise/noise_050/lightning_logs/version_0/intervention_results.csv
cub,50,0.5,False,107.0,0.8334484100341797,/home/dani00003/mCREAM/experiments/CUB/train_cbm/Standard_CUB/cub_progressive_noise/CREAM_cub_progressive_noise/noise_050/lightning_logs/version_0/intervention_results.csv
cub,50,0.5,False,108.0,0.8305143117904663,/home/dani00003/mCREAM/experiments/CUB/train_cbm/Standard_CUB/cub_progressive_noise/CREAM_cub_progressive_noise/noise_050/lightning_logs/version_0/intervention_results.csv
cub,50,0.5,False,109.0,0.8267173171043396,/home/dani00003/mCREAM/experiments/CUB/train_cbm/Standard_CUB/cub_progressive_noise/CREAM_cub_progressive_noise/noise_050/lightning_logs/version_0/intervention_results.csv
cub,50,0.5,False,110.0,0.8253365755081177,/home/dani00003/mCREAM/experiments/CUB/train_cbm/Standard_CUB/cub_progressive_noise/CREAM_cub_progressive_noise/noise_050/lightning_logs/version_0/intervention_results.csv
cub,50,0.5,False,111.0,0.82430100440979,/home/dani00003/mCREAM/experiments/CUB/train_cbm/Standard_CUB/cub_progressive_noise/CREAM_cub_progressive_noise/noise_050/lightning_logs/version_0/intervention_results.csv
cub,50,0.5,False,112.0,0.8229202628135681,/home/dani00003/mCREAM/experiments/CUB/train_cbm/Standard_CUB/cub_progressive_noise/CREAM_cub_progressive_noise/noise_050/lightning_logs/version_0/intervention_results.csv
cub,50,0.5,True,0.0,0.7290300130844116,/home/dani00003/mCREAM/experiments/CUB/train_cbm/Standard_CUB/cub_progressive_noise/CREAM_cub_progressive_noise/noise_050/lightning_logs/version_0/intervention_results.csv
cub,50,0.5,True,1.0,0.735588550567627,/home/dani00003/mCREAM/experiments/CUB/train_cbm/Standard_CUB/cub_progressive_noise/CREAM_cub_progressive_noise/noise_050/lightning_logs/version_0/intervention_results.csv
cub,50,0.5,True,2.0,0.7424921989440918,/home/dani00003/mCREAM/experiments/CUB/train_cbm/Standard_CUB/cub_progressive_noise/CREAM_cub_progressive_noise/noise_050/lightning_logs/version_0/intervention_results.csv
cub,50,0.5,True,3.0,0.7525025606155396,/home/dani00003/mCREAM/experiments/CUB/train_cbm/Standard_CUB/cub_progressive_noise/CREAM_cub_progressive_noise/noise_050/lightning_logs/version_0/intervention_results.csv
cub,50,0.5,True,4.0,0.7564722299575806,/home/dani00003/mCREAM/experiments/CUB/train_cbm/Standard_CUB/cub_progressive_noise/CREAM_cub_progressive_noise/noise_050/lightning_logs/version_0/intervention_results.csv
cub,50,0.5,True,5.0,0.765792191028595,/home/dani00003/mCREAM/experiments/CUB/train_cbm/Standard_CUB/cub_progressive_noise/CREAM_cub_progressive_noise/noise_050/lightning_logs/version_0/intervention_results.csv
cub,50,0.5,True,6.0,0.7675181031227112,/home/dani00003/mCREAM/experiments/CUB/train_cbm/Standard_CUB/cub_progressive_noise/CREAM_cub_progressive_noise/noise_050/lightning_logs/version_0/intervention_results.csv
cub,50,0.5,True,7.0,0.7782188653945923,/home/dani00003/mCREAM/experiments/CUB/train_cbm/Standard_CUB/cub_progressive_noise/CREAM_cub_progressive_noise/noise_050/lightning_logs/version_0/intervention_results.csv
cub,50,0.5,True,8.0,0.7868484854698181,/home/dani00003/mCREAM/experiments/CUB/train_cbm/Standard_CUB/cub_progressive_noise/CREAM_cub_progressive_noise/noise_050/lightning_logs/version_0/intervention_results.csv
cub,50,0.5,True,9.0,0.7911632657051086,/home/dani00003/mCREAM/experiments/CUB/train_cbm/Standard_CUB/cub_progressive_noise/CREAM_cub_progressive_noise/noise_050/lightning_logs/version_0/intervention_results.csv
cub,50,0.5,True,10.0,0.7920262217521667,/home/dani00003/mCREAM/experiments/CUB/train_cbm/Standard_CUB/cub_progressive_noise/CREAM_cub_progressive_noise/noise_050/lightning_logs/version_0/intervention_results.csv
cub,50,0.5,True,11.0,0.8028995394706726,/home/dani00003/mCREAM/experiments/CUB/train_cbm/Standard_CUB/cub_progressive_noise/CREAM_cub_progressive_noise/noise_050/lightning_logs/version_0/intervention_results.csv
cub,50,0.5,True,12.0,0.8134276866912842,/home/dani00003/mCREAM/experiments/CUB/train_cbm/Standard_CUB/cub_progressive_noise/CREAM_cub_progressive_noise/noise_050/lightning_logs/version_0/intervention_results.csv
cub,50,0.5,True,13.0,0.8061788082122803,/home/dani00003/mCREAM/experiments/CUB/train_cbm/Standard_CUB/cub_progressive_noise/CREAM_cub_progressive_noise/noise_050/lightning_logs/version_0/intervention_results.csv
cub,50,0.5,True,14.0,0.8237832188606262,/home/dani00003/mCREAM/experiments/CUB/train_cbm/Standard_CUB/cub_progressive_noise/CREAM_cub_progressive_noise/noise_050/lightning_logs/version_0/intervention_results.csv
cub,50,0.5,True,15.0,0.8251639604568481,/home/dani00003/mCREAM/experiments/CUB/train_cbm/Standard_CUB/cub_progressive_noise/CREAM_cub_progressive_noise/noise_050/lightning_logs/version_0/intervention_results.csv
cub,50,0.5,True,16.0,0.8224024772644043,/home/dani00003/mCREAM/experiments/CUB/train_cbm/Standard_CUB/cub_progressive_noise/CREAM_cub_progressive_noise/noise_050/lightning_logs/version_0/intervention_results.csv
cub,50,0.5,True,17.0,0.8386261463165283,/home/dani00003/mCREAM/experiments/CUB/train_cbm/Standard_CUB/cub_progressive_noise/CREAM_cub_progressive_noise/noise_050/lightning_logs/version_0/intervention_results.csv
cub,50,0.5,True,18.0,0.8325854539871216,/home/dani00003/mCREAM/experiments/CUB/train_cbm/Standard_CUB/cub_progressive_noise/CREAM_cub_progressive_noise/noise_050/lightning_logs/version_0/intervention_results.csv
cub,50,0.5,True,19.0,0.8362098932266235,/home/dani00003/mCREAM/experiments/CUB/train_cbm/Standard_CUB/cub_progressive_noise/CREAM_cub_progressive_noise/noise_050/lightning_logs/version_0/intervention_results.csv
cub,50,0.5,True,20.0,0.8356921076774597,/home/dani00003/mCREAM/experiments/CUB/train_cbm/Standard_CUB/cub_progressive_noise/CREAM_cub_progressive_noise/noise_050/lightning_logs/version_0/intervention_results.csv
cub,50,0.5,True,21.0,0.8408698439598083,/home/dani00003/mCREAM/experiments/CUB/train_cbm/Standard_CUB/cub_progressive_noise/CREAM_cub_progressive_noise/noise_050/lightning_logs/version_0/intervention_results.csv
cub,50,0.5,True,22.0,0.844149112701416,/home/dani00003/mCREAM/experiments/CUB/train_cbm/Standard_CUB/cub_progressive_noise/CREAM_cub_progressive_noise/noise_050/lightning_logs/version_0/intervention_results.csv
cub,50,0.5,True,23.0,0.8405246734619141,/home/dani00003/mCREAM/experiments/CUB/train_cbm/Standard_CUB/cub_progressive_noise/CREAM_cub_progressive_noise/noise_050/lightning_logs/version_0/intervention_results.csv
cub,50,0.5,True,24.0,0.8343113660812378,/home/dani00003/mCREAM/experiments/CUB/train_cbm/Standard_CUB/cub_progressive_noise/CREAM_cub_progressive_noise/noise_050/lightning_logs/version_0/intervention_results.csv
cub,50,0.5,True,25.0,0.8312047123908997,/home/dani00003/mCREAM/experiments/CUB/train_cbm/Standard_CUB/cub_progressive_noise/CREAM_cub_progressive_noise/noise_050/lightning_logs/version_0/intervention_results.csv
cub,60,0.5999958908612755,False,0.0,0.729720413684845,/home/dani00003/mCREAM/experiments/CUB/train_cbm/Standard_CUB/cub_progressive_noise/CREAM_cub_progressive_noise/noise_060/lightning_logs/version_0/intervention_results.csv
cub,60,0.5999958908612755,False,1.0,0.7307559251785278,/home/dani00003/mCREAM/experiments/CUB/train_cbm/Standard_CUB/cub_progressive_noise/CREAM_cub_progressive_noise/noise_060/lightning_logs/version_0/intervention_results.csv
cub,60,0.5999958908612755,False,2.0,0.7329996228218079,/home/dani00003/mCREAM/experiments/CUB/train_cbm/Standard_CUB/cub_progressive_noise/CREAM_cub_progressive_noise/noise_060/lightning_logs/version_0/intervention_results.csv
cub,60,0.5999958908612755,False,3.0,0.735588550567627,/home/dani00003/mCREAM/experiments/CUB/train_cbm/Standard_CUB/cub_progressive_noise/CREAM_cub_progressive_noise/noise_060/lightning_logs/version_0/intervention_results.csv
cub,60,0.5999958908612755,False,4.0,0.7331722378730774,/home/dani00003/mCREAM/experiments/CUB/train_cbm/Standard_CUB/cub_progressive_noise/CREAM_cub_progressive_noise/noise_060/lightning_logs/version_0/intervention_results.csv
cub,60,0.5999958908612755,False,5.0,0.7373144626617432,/home/dani00003/mCREAM/experiments/CUB/train_cbm/Standard_CUB/cub_progressive_noise/CREAM_cub_progressive_noise/noise_060/lightning_logs/version_0/intervention_results.csv
cub,60,0.5999958908612755,False,6.0,0.7329996228218079,/home/dani00003/mCREAM/experiments/CUB/train_cbm/Standard_CUB/cub_progressive_noise/CREAM_cub_progressive_noise/noise_060/lightning_logs/version_0/intervention_results.csv
cub,60,0.5999958908612755,False,7.0,0.7374870777130127,/home/dani00003/mCREAM/experiments/CUB/train_cbm/Standard_CUB/cub_progressive_noise/CREAM_cub_progressive_noise/noise_060/lightning_logs/version_0/intervention_results.csv
cub,60,0.5999958908612755,False,8.0,0.7380048036575317,/home/dani00003/mCREAM/experiments/CUB/train_cbm/Standard_CUB/cub_progressive_noise/CREAM_cub_progressive_noise/noise_060/lightning_logs/version_0/intervention_results.csv
cub,60,0.5999958908612755,False,9.0,0.7388677597045898,/home/dani00003/mCREAM/experiments/CUB/train_cbm/Standard_CUB/cub_progressive_noise/CREAM_cub_progressive_noise/noise_060/lightning_logs/version_0/intervention_results.csv
cub,60,0.5999958908612755,False,10.0,0.7390403747558594,/home/dani00003/mCREAM/experiments/CUB/train_cbm/Standard_CUB/cub_progressive_noise/CREAM_cub_progressive_noise/noise_060/lightning_logs/version_0/intervention_results.csv
cub,60,0.5999958908612755,False,11.0,0.7430099844932556,/home/dani00003/mCREAM/experiments/CUB/train_cbm/Standard_CUB/cub_progressive_noise/CREAM_cub_progressive_noise/noise_060/lightning_logs/version_0/intervention_results.csv
cub,60,0.5999958908612755,False,12.0,0.7411115169525146,/home/dani00003/mCREAM/experiments/CUB/train_cbm/Standard_CUB/cub_progressive_noise/CREAM_cub_progressive_noise/noise_060/lightning_logs/version_0/intervention_results.csv
cub,60,0.5999958908612755,False,13.0,0.7452536821365356,/home/dani00003/mCREAM/experiments/CUB/train_cbm/Standard_CUB/cub_progressive_noise/CREAM_cub_progressive_noise/noise_060/lightning_logs/version_0/intervention_results.csv
cub,60,0.5999958908612755,False,14.0,0.7497410774230957,/home/dani00003/mCREAM/experiments/CUB/train_cbm/Standard_CUB/cub_progressive_noise/CREAM_cub_progressive_noise/noise_060/lightning_logs/version_0/intervention_results.csv
cub,60,0.5999958908612755,False,15.0,0.7502588629722595,/home/dani00003/mCREAM/experiments/CUB/train_cbm/Standard_CUB/cub_progressive_noise/CREAM_cub_progressive_noise/noise_060/lightning_logs/version_0/intervention_results.csv
cub,60,0.5999958908612755,False,16.0,0.7480151653289795,/home/dani00003/mCREAM/experiments/CUB/train_cbm/Standard_CUB/cub_progressive_noise/CREAM_cub_progressive_noise/noise_060/lightning_logs/version_0/intervention_results.csv
cub,60,0.5999958908612755,False,17.0,0.7492233514785767,/home/dani00003/mCREAM/experiments/CUB/train_cbm/Standard_CUB/cub_progressive_noise/CREAM_cub_progressive_noise/noise_060/lightning_logs/version_0/intervention_results.csv
cub,60,0.5999958908612755,False,18.0,0.7531929612159729,/home/dani00003/mCREAM/experiments/CUB/train_cbm/Standard_CUB/cub_progressive_noise/CREAM_cub_progressive_noise/noise_060/lightning_logs/version_0/intervention_results.csv
cub,60,0.5999958908612755,False,19.0,0.7499136924743652,/home/dani00003/mCREAM/experiments/CUB/train_cbm/Standard_CUB/cub_progressive_noise/CREAM_cub_progressive_noise/noise_060/lightning_logs/version_0/intervention_results.csv
cub,60,0.5999958908612755,False,20.0,0.754055917263031,/home/dani00003/mCREAM/experiments/CUB/train_cbm/Standard_CUB/cub_progressive_noise/CREAM_cub_progressive_noise/noise_060/lightning_logs/version_0/intervention_results.csv
cub,60,0.5999958908612755,False,21.0,0.7533655166625977,/home/dani00003/mCREAM/experiments/CUB/train_cbm/Standard_CUB/cub_progressive_noise/CREAM_cub_progressive_noise/noise_060/lightning_logs/version_0/intervention_results.csv
cub,60,0.5999958908612755,False,22.0,0.7569899559020996,/home/dani00003/mCREAM/experiments/CUB/train_cbm/Standard_CUB/cub_progressive_noise/CREAM_cub_progressive_noise/noise_060/lightning_logs/version_0/intervention_results.csv
cub,60,0.5999958908612755,False,23.0,0.7566447854042053,/home/dani00003/mCREAM/experiments/CUB/train_cbm/Standard_CUB/cub_progressive_noise/CREAM_cub_progressive_noise/noise_060/lightning_logs/version_0/intervention_results.csv
cub,60,0.5999958908612755,False,24.0,0.7564722299575806,/home/dani00003/mCREAM/experiments/CUB/train_cbm/Standard_CUB/cub_progressive_noise/CREAM_cub_progressive_noise/noise_060/lightning_logs/version_0/intervention_results.csv
cub,60,0.5999958908612755,False,25.0,0.7569899559020996,/home/dani00003/mCREAM/experiments/CUB/train_cbm/Standard_CUB/cub_progressive_noise/CREAM_cub_progressive_noise/noise_060/lightning_logs/version_0/intervention_results.csv
cub,60,0.5999958908612755,False,26.0,0.7602692246437073,/home/dani00003/mCREAM/experiments/CUB/train_cbm/Standard_CUB/cub_progressive_noise/CREAM_cub_progressive_noise/noise_060/lightning_logs/version_0/intervention_results.csv
cub,60,0.5999958908612755,False,27.0,0.7613047957420349,/home/dani00003/mCREAM/experiments/CUB/train_cbm/Standard_CUB/cub_progressive_noise/CREAM_cub_progressive_noise/noise_060/lightning_logs/version_0/intervention_results.csv
cub,60,0.5999958908612755,False,28.0,0.7595788836479187,/home/dani00003/mCREAM/experiments/CUB/train_cbm/Standard_CUB/cub_progressive_noise/CREAM_cub_progressive_noise/noise_060/lightning_logs/version_0/intervention_results.csv
cub,60,0.5999958908612755,False,29.0,0.762167751789093,/home/dani00003/mCREAM/experiments/CUB/train_cbm/Standard_CUB/cub_progressive_noise/CREAM_cub_progressive_noise/noise_060/lightning_logs/version_0/intervention_results.csv
cub,60,0.5999958908612755,False,30.0,0.7671729326248169,/home/dani00003/mCREAM/experiments/CUB/train_cbm/Standard_CUB/cub_progressive_noise/CREAM_cub_progressive_noise/noise_060/lightning_logs/version_0/intervention_results.csv
cub,60,0.5999958908612755,False,31.0,0.7752847671508789,/home/dani00003/mCREAM/experiments/CUB/train_cbm/Standard_CUB/cub_progressive_noise/CREAM_cub_progressive_noise/noise_060/lightning_logs/version_0/intervention_results.csv
cub,60,0.5999958908612755,False,32.0,0.7673455476760864,/home/dani00003/mCREAM/experiments/CUB/train_cbm/Standard_CUB/cub_progressive_noise/CREAM_cub_progressive_noise/noise_060/lightning_logs/version_0/intervention_results.csv
cub,60,0.5999958908612755,False,33.0,0.7675181031227112,/home/dani00003/mCREAM/experiments/CUB/train_cbm/Standard_CUB/cub_progressive_noise/CREAM_cub_progressive_noise/noise_060/lightning_logs/version_0/intervention_results.csv
cub,60,0.5999958908612755,False,34.0,0.7733862400054932,/home/dani00003/mCREAM/experiments/CUB/train_cbm/Standard_CUB/cub_progressive_noise/CREAM_cub_progressive_noise/noise_060/lightning_logs/version_0/intervention_results.csv
cub,60,0.5999958908612755,False,35.0,0.771660327911377,/home/dani00003/mCREAM/experiments/CUB/train_cbm/Standard_CUB/cub_progressive_noise/CREAM_cub_progressive_noise/noise_060/lightning_logs/version_0/intervention_results.csv
cub,60,0.5999958908612755,False,36.0,0.7744218111038208,/home/dani00003/mCREAM/experiments/CUB/train_cbm/Standard_CUB/cub_progressive_noise/CREAM_cub_progressive_noise/noise_060/lightning_logs/version_0/intervention_results.csv
cub,60,0.5999958908612755,False,37.0,0.7744218111038208,/home/dani00003/mCREAM/experiments/CUB/train_cbm/Standard_CUB/cub_progressive_noise/CREAM_cub_progressive_noise/noise_060/lightning_logs/version_0/intervention_results.csv
cub,60,0.5999958908612755,False,38.0,0.7713151574134827,/home/dani00003/mCREAM/experiments/CUB/train_cbm/Standard_CUB/cub_progressive_noise/CREAM_cub_progressive_noise/noise_060/lightning_logs/version_0/intervention_results.csv
cub,60,0.5999958908612755,False,39.0,0.7808077335357666,/home/dani00003/mCREAM/experiments/CUB/train_cbm/Standard_CUB/cub_progressive_noise/CREAM_cub_progressive_noise/noise_060/lightning_logs/version_0/intervention_results.csv
cub,60,0.5999958908612755,False,40.0,0.7770106792449951,/home/dani00003/mCREAM/experiments/CUB/train_cbm/Standard_CUB/cub_progressive_noise/CREAM_cub_progressive_noise/noise_060/lightning_logs/version_0/intervention_results.csv
cub,60,0.5999958908612755,False,41.0,0.7827062606811523,/home/dani00003/mCREAM/experiments/CUB/train_cbm/Standard_CUB/cub_progressive_noise/CREAM_cub_progressive_noise/noise_060/lightning_logs/version_0/intervention_results.csv
cub,60,0.5999958908612755,False,42.0,0.7804625630378723,/home/dani00003/mCREAM/experiments/CUB/train_cbm/Standard_CUB/cub_progressive_noise/CREAM_cub_progressive_noise/noise_060/lightning_logs/version_0/intervention_results.csv
cub,60,0.5999958908612755,False,43.0,0.7880566120147705,/home/dani00003/mCREAM/experiments/CUB/train_cbm/Standard_CUB/cub_progressive_noise/CREAM_cub_progressive_noise/noise_060/lightning_logs/version_0/intervention_results.csv
cub,60,0.5999958908612755,False,44.0,0.7823610305786133,/home/dani00003/mCREAM/experiments/CUB/train_cbm/Standard_CUB/cub_progressive_noise/CREAM_cub_progressive_noise/noise_060/lightning_logs/version_0/intervention_results.csv
cub,60,0.5999958908612755,False,45.0,0.7868484854698181,/home/dani00003/mCREAM/experiments/CUB/train_cbm/Standard_CUB/cub_progressive_noise/CREAM_cub_progressive_noise/noise_060/lightning_logs/version_0/intervention_results.csv
cub,60,0.5999958908612755,False,46.0,0.786503255367279,/home/dani00003/mCREAM/experiments/CUB/train_cbm/Standard_CUB/cub_progressive_noise/CREAM_cub_progressive_noise/noise_060/lightning_logs/version_0/intervention_results.csv
cub,60,0.5999958908612755,False,47.0,0.786503255367279,/home/dani00003/mCREAM/experiments/CUB/train_cbm/Standard_CUB/cub_progressive_noise/CREAM_cub_progressive_noise/noise_060/lightning_logs/version_0/intervention_results.csv
cub,60,0.5999958908612755,False,48.0,0.7851225137710571,/home/dani00003/mCREAM/experiments/CUB/train_cbm/Standard_CUB/cub_progressive_noise/CREAM_cub_progressive_noise/noise_060/lightning_logs/version_0/intervention_results.csv
cub,60,0.5999958908612755,False,49.0,0.7827062606811523,/home/dani00003/mCREAM/experiments/CUB/train_cbm/Standard_CUB/cub_progressive_noise/CREAM_cub_progressive_noise/noise_060/lightning_logs/version_0/intervention_results.csv
cub,60,0.5999958908612755,False,50.0,0.7906454801559448,/home/dani00003/mCREAM/experiments/CUB/train_cbm/Standard_CUB/cub_progressive_noise/CREAM_cub_progressive_noise/noise_060/lightning_logs/version_0/intervention_results.csv
cub,60,0.5999958908612755,False,51.0,0.7918536067008972,/home/dani00003/mCREAM/experiments/CUB/train_cbm/Standard_CUB/cub_progressive_noise/CREAM_cub_progressive_noise/noise_060/lightning_logs/version_0/intervention_results.csv
cub,60,0.5999958908612755,False,52.0,0.7880566120147705,/home/dani00003/mCREAM/experiments/CUB/train_cbm/Standard_CUB/cub_progressive_noise/CREAM_cub_progressive_noise/noise_060/lightning_logs/version_0/intervention_results.csv
cub,60,0.5999958908612755,False,53.0,0.7908180952072144,/home/dani00003/mCREAM/experiments/CUB/train_cbm/Standard_CUB/cub_progressive_noise/CREAM_cub_progressive_noise/noise_060/lightning_logs/version_0/intervention_results.csv
cub,60,0.5999958908612755,False,54.0,0.7987573146820068,/home/dani00003/mCREAM/experiments/CUB/train_cbm/Standard_CUB/cub_progressive_noise/CREAM_cub_progressive_noise/noise_060/lightning_logs/version_0/intervention_results.csv
cub,60,0.5999958908612755,False,55.0,0.7978943586349487,/home/dani00003/mCREAM/experiments/CUB/train_cbm/Standard_CUB/cub_progressive_noise/CREAM_cub_progressive_noise/noise_060/lightning_logs/version_0/intervention_results.csv
cub,60,0.5999958908612755,False,56.0,0.7947877049446106,/home/dani00003/mCREAM/experiments/CUB/train_cbm/Standard_CUB/cub_progressive_noise/CREAM_cub_progressive_noise/noise_060/lightning_logs/version_0/intervention_results.csv
cub,60,0.5999958908612755,False,57.0,0.7980669736862183,/home/dani00003/mCREAM/experiments/CUB/train_cbm/Standard_CUB/cub_progressive_noise/CREAM_cub_progressive_noise/noise_060/lightning_logs/version_0/intervention_results.csv
cub,60,0.5999958908612755,False,58.0,0.7980669736862183,/home/dani00003/mCREAM/experiments/CUB/train_cbm/Standard_CUB/cub_progressive_noise/CREAM_cub_progressive_noise/noise_060/lightning_logs/version_0/intervention_results.csv
cub,60,0.5999958908612755,False,59.0,0.7953054904937744,/home/dani00003/mCREAM/experiments/CUB/train_cbm/Standard_CUB/cub_progressive_noise/CREAM_cub_progressive_noise/noise_060/lightning_logs/version_0/intervention_results.csv
cub,60,0.5999958908612755,False,60.0,0.7992751002311707,/home/dani00003/mCREAM/experiments/CUB/train_cbm/Standard_CUB/cub_progressive_noise/CREAM_cub_progressive_noise/noise_060/lightning_logs/version_0/intervention_results.csv
cub,60,0.5999958908612755,False,61.0,0.8027269244194031,/home/dani00003/mCREAM/experiments/CUB/train_cbm/Standard_CUB/cub_progressive_noise/CREAM_cub_progressive_noise/noise_060/lightning_logs/version_0/intervention_results.csv
cub,60,0.5999958908612755,False,62.0,0.796341061592102,/home/dani00003/mCREAM/experiments/CUB/train_cbm/Standard_CUB/cub_progressive_noise/CREAM_cub_progressive_noise/noise_060/lightning_logs/version_0/intervention_results.csv
cub,60,0.5999958908612755,False,63.0,0.8089402914047241,/home/dani00003/mCREAM/experiments/CUB/train_cbm/Standard_CUB/cub_progressive_noise/CREAM_cub_progressive_noise/noise_060/lightning_logs/version_0/intervention_results.csv
cub,60,0.5999958908612755,False,64.0,0.8056610226631165,/home/dani00003/mCREAM/experiments/CUB/train_cbm/Standard_CUB/cub_progressive_noise/CREAM_cub_progressive_noise/noise_060/lightning_logs/version_0/intervention_results.csv
cub,60,0.5999958908612755,False,65.0,0.8046254515647888,/home/dani00003/mCREAM/experiments/CUB/train_cbm/Standard_CUB/cub_progressive_noise/CREAM_cub_progressive_noise/noise_060/lightning_logs/version_0/intervention_results.csv
cub,60,0.5999958908612755,False,66.0,0.8011736273765564,/home/dani00003/mCREAM/experiments/CUB/train_cbm/Standard_CUB/cub_progressive_noise/CREAM_cub_progressive_noise/noise_060/lightning_logs/version_0/intervention_results.csv
cub,60,0.5999958908612755,False,67.0,0.8039351105690002,/home/dani00003/mCREAM/experiments/CUB/train_cbm/Standard_CUB/cub_progressive_noise/CREAM_cub_progressive_noise/noise_060/lightning_logs/version_0/intervention_results.csv
cub,60,0.5999958908612755,False,68.0,0.8042802810668945,/home/dani00003/mCREAM/experiments/CUB/train_cbm/Standard_CUB/cub_progressive_noise/CREAM_cub_progressive_noise/noise_060/lightning_logs/version_0/intervention_results.csv
cub,60,0.5999958908612755,False,69.0,0.8044528961181641,/home/dani00003/mCREAM/experiments/CUB/train_cbm/Standard_CUB/cub_progressive_noise/CREAM_cub_progressive_noise/noise_060/lightning_logs/version_0/intervention_results.csv
cub,60,0.5999958908612755,False,70.0,0.8032447099685669,/home/dani00003/mCREAM/experiments/CUB/train_cbm/Standard_CUB/cub_progressive_noise/CREAM_cub_progressive_noise/noise_060/lightning_logs/version_0/intervention_results.csv
cub,60,0.5999958908612755,False,71.0,0.8085951209068298,/home/dani00003/mCREAM/experiments/CUB/train_cbm/Standard_CUB/cub_progressive_noise/CREAM_cub_progressive_noise/noise_060/lightning_logs/version_0/intervention_results.csv
cub,60,0.5999958908612755,False,72.0,0.8065239787101746,/home/dani00003/mCREAM/experiments/CUB/train_cbm/Standard_CUB/cub_progressive_noise/CREAM_cub_progressive_noise/noise_060/lightning_logs/version_0/intervention_results.csv
cub,60,0.5999958908612755,False,73.0,0.8056610226631165,/home/dani00003/mCREAM/experiments/CUB/train_cbm/Standard_CUB/cub_progressive_noise/CREAM_cub_progressive_noise/noise_060/lightning_logs/version_0/intervention_results.csv
cub,60,0.5999958908612755,False,74.0,0.8066965937614441,/home/dani00003/mCREAM/experiments/CUB/train_cbm/Standard_CUB/cub_progressive_noise/CREAM_cub_progressive_noise/noise_060/lightning_logs/version_0/intervention_results.csv
cub,60,0.5999958908612755,False,75.0,0.8054884076118469,/home/dani00003/mCREAM/experiments/CUB/train_cbm/Standard_CUB/cub_progressive_noise/CREAM_cub_progressive_noise/noise_060/lightning_logs/version_0/intervention_results.csv
cub,60,0.5999958908612755,False,76.0,0.8118743300437927,/home/dani00003/mCREAM/experiments/CUB/train_cbm/Standard_CUB/cub_progressive_noise/CREAM_cub_progressive_noise/noise_060/lightning_logs/version_0/intervention_results.csv
cub,60,0.5999958908612755,False,77.0,0.8016914129257202,/home/dani00003/mCREAM/experiments/CUB/train_cbm/Standard_CUB/cub_progressive_noise/CREAM_cub_progressive_noise/noise_060/lightning_logs/version_0/intervention_results.csv
cub,60,0.5999958908612755,False,78.0,0.8032447099685669,/home/dani00003/mCREAM/experiments/CUB/train_cbm/Standard_CUB/cub_progressive_noise/CREAM_cub_progressive_noise/noise_060/lightning_logs/version_0/intervention_results.csv
cub,60,0.5999958908612755,False,79.0,0.8106662034988403,/home/dani00003/mCREAM/experiments/CUB/train_cbm/Standard_CUB/cub_progressive_noise/CREAM_cub_progressive_noise/noise_060/lightning_logs/version_0/intervention_results.csv
cub,60,0.5999958908612755,False,80.0,0.807732105255127,/home/dani00003/mCREAM/experiments/CUB/train_cbm/Standard_CUB/cub_progressive_noise/CREAM_cub_progressive_noise/noise_060/lightning_logs/version_0/intervention_results.csv
cub,60,0.5999958908612755,False,81.0,0.8061788082122803,/home/dani00003/mCREAM/experiments/CUB/train_cbm/Standard_CUB/cub_progressive_noise/CREAM_cub_progressive_noise/noise_060/lightning_logs/version_0/intervention_results.csv
cub,60,0.5999958908612755,False,82.0,0.8118743300437927,/home/dani00003/mCREAM/experiments/CUB/train_cbm/Standard_CUB/cub_progressive_noise/CREAM_cub_progressive_noise/noise_060/lightning_logs/version_0/intervention_results.csv
cub,60,0.5999958908612755,False,83.0,0.8085951209068298,/home/dani00003/mCREAM/experiments/CUB/train_cbm/Standard_CUB/cub_progressive_noise/CREAM_cub_progressive_noise/noise_060/lightning_logs/version_0/intervention_results.csv
cub,60,0.5999958908612755,False,84.0,0.8091128468513489,/home/dani00003/mCREAM/experiments/CUB/train_cbm/Standard_CUB/cub_progressive_noise/CREAM_cub_progressive_noise/noise_060/lightning_logs/version_0/intervention_results.csv
cub,60,0.5999958908612755,False,85.0,0.808077335357666,/home/dani00003/mCREAM/experiments/CUB/train_cbm/Standard_CUB/cub_progressive_noise/CREAM_cub_progressive_noise/noise_060/lightning_logs/version_0/intervention_results.csv
cub,60,0.5999958908612755,False,86.0,0.8068691492080688,/home/dani00003/mCREAM/experiments/CUB/train_cbm/Standard_CUB/cub_progressive_noise/CREAM_cub_progressive_noise/noise_060/lightning_logs/version_0/intervention_results.csv
cub,60,0.5999958908612755,False,87.0,0.805833637714386,/home/dani00003/mCREAM/experiments/CUB/train_cbm/Standard_CUB/cub_progressive_noise/CREAM_cub_progressive_noise/noise_060/lightning_logs/version_0/intervention_results.csv
cub,60,0.5999958908612755,False,88.0,0.8049706816673279,/home/dani00003/mCREAM/experiments/CUB/train_cbm/Standard_CUB/cub_progressive_noise/CREAM_cub_progressive_noise/noise_060/lightning_logs/version_0/intervention_results.csv
cub,60,0.5999958908612755,False,89.0,0.8104935884475708,/home/dani00003/mCREAM/experiments/CUB/train_cbm/Standard_CUB/cub_progressive_noise/CREAM_cub_progressive_noise/noise_060/lightning_logs/version_0/intervention_results.csv
cub,60,0.5999958908612755,False,90.0,0.810321033000946,/home/dani00003/mCREAM/experiments/CUB/train_cbm/Standard_CUB/cub_progressive_noise/CREAM_cub_progressive_noise/noise_060/lightning_logs/version_0/intervention_results.csv
cub,60,0.5999958908612755,False,91.0,0.8061788082122803,/home/dani00003/mCREAM/experiments/CUB/train_cbm/Standard_CUB/cub_progressive_noise/CREAM_cub_progressive_noise/noise_060/lightning_logs/version_0/intervention_results.csv
cub,60,0.5999958908612755,False,92.0,0.8108388185501099,/home/dani00003/mCREAM/experiments/CUB/train_cbm/Standard_CUB/cub_progressive_noise/CREAM_cub_progressive_noise/noise_060/lightning_logs/version_0/intervention_results.csv
cub,60,0.5999958908612755,False,93.0,0.805833637714386,/home/dani00003/mCREAM/experiments/CUB/train_cbm/Standard_CUB/cub_progressive_noise/CREAM_cub_progressive_noise/noise_060/lightning_logs/version_0/intervention_results.csv
cub,60,0.5999958908612755,False,94.0,0.804107666015625,/home/dani00003/mCREAM/experiments/CUB/train_cbm/Standard_CUB/cub_progressive_noise/CREAM_cub_progressive_noise/noise_060/lightning_logs/version_0/intervention_results.csv
cub,60,0.5999958908612755,False,95.0,0.8001380562782288,/home/dani00003/mCREAM/experiments/CUB/train_cbm/Standard_CUB/cub_progressive_noise/CREAM_cub_progressive_noise/noise_060/lightning_logs/version_0/intervention_results.csv
cub,60,0.5999958908612755,False,96.0,0.8065239787101746,/home/dani00003/mCREAM/experiments/CUB/train_cbm/Standard_CUB/cub_progressive_noise/CREAM_cub_progressive_noise/noise_060/lightning_logs/version_0/intervention_results.csv
cub,60,0.5999958908612755,False,97.0,0.8023817539215088,/home/dani00003/mCREAM/experiments/CUB/train_cbm/Standard_CUB/cub_progressive_noise/CREAM_cub_progressive_noise/noise_060/lightning_logs/version_0/intervention_results.csv
cub,60,0.5999958908612755,False,98.0,0.8027269244194031,/home/dani00003/mCREAM/experiments/CUB/train_cbm/Standard_CUB/cub_progressive_noise/CREAM_cub_progressive_noise/noise_060/lightning_logs/version_0/intervention_results.csv
cub,60,0.5999958908612755,False,99.0,0.8060061931610107,/home/dani00003/mCREAM/experiments/CUB/train_cbm/Standard_CUB/cub_progressive_noise/CREAM_cub_progressive_noise/noise_060/lightning_logs/version_0/intervention_results.csv
cub,60,0.5999958908612755,False,100.0,0.7994477152824402,/home/dani00003/mCREAM/experiments/CUB/train_cbm/Standard_CUB/cub_progressive_noise/CREAM_cub_progressive_noise/noise_060/lightning_logs/version_0/intervention_results.csv
cub,60,0.5999958908612755,False,101.0,0.801863968372345,/home/dani00003/mCREAM/experiments/CUB/train_cbm/Standard_CUB/cub_progressive_noise/CREAM_cub_progressive_noise/noise_060/lightning_logs/version_0/intervention_results.csv
cub,60,0.5999958908612755,False,102.0,0.8015187978744507,/home/dani00003/mCREAM/experiments/CUB/train_cbm/Standard_CUB/cub_progressive_noise/CREAM_cub_progressive_noise/noise_060/lightning_logs/version_0/intervention_results.csv
cub,60,0.5999958908612755,False,103.0,0.7954780459403992,/home/dani00003/mCREAM/experiments/CUB/train_cbm/Standard_CUB/cub_progressive_noise/CREAM_cub_progressive_noise/noise_060/lightning_logs/version_0/intervention_results.csv
cub,60,0.5999958908612755,False,104.0,0.7985847592353821,/home/dani00003/mCREAM/experiments/CUB/train_cbm/Standard_CUB/cub_progressive_noise/CREAM_cub_progressive_noise/noise_060/lightning_logs/version_0/intervention_results.csv
cub,60,0.5999958908612755,False,105.0,0.797721803188324,/home/dani00003/mCREAM/experiments/CUB/train_cbm/Standard_CUB/cub_progressive_noise/CREAM_cub_progressive_noise/noise_060/lightning_logs/version_0/intervention_results.csv
cub,60,0.5999958908612755,False,106.0,0.798239529132843,/home/dani00003/mCREAM/experiments/CUB/train_cbm/Standard_CUB/cub_progressive_noise/CREAM_cub_progressive_noise/noise_060/lightning_logs/version_0/intervention_results.csv
cub,60,0.5999958908612755,False,107.0,0.7906454801559448,/home/dani00003/mCREAM/experiments/CUB/train_cbm/Standard_CUB/cub_progressive_noise/CREAM_cub_progressive_noise/noise_060/lightning_logs/version_0/intervention_results.csv
cub,60,0.5999958908612755,False,108.0,0.7927166223526001,/home/dani00003/mCREAM/experiments/CUB/train_cbm/Standard_CUB/cub_progressive_noise/CREAM_cub_progressive_noise/noise_060/lightning_logs/version_0/intervention_results.csv
cub,60,0.5999958908612755,False,109.0,0.7911632657051086,/home/dani00003/mCREAM/experiments/CUB/train_cbm/Standard_CUB/cub_progressive_noise/CREAM_cub_progressive_noise/noise_060/lightning_logs/version_0/intervention_results.csv
cub,60,0.5999958908612755,False,110.0,0.7927166223526001,/home/dani00003/mCREAM/experiments/CUB/train_cbm/Standard_CUB/cub_progressive_noise/CREAM_cub_progressive_noise/noise_060/lightning_logs/version_0/intervention_results.csv
cub,60,0.5999958908612755,False,111.0,0.7908180952072144,/home/dani00003/mCREAM/experiments/CUB/train_cbm/Standard_CUB/cub_progressive_noise/CREAM_cub_progressive_noise/noise_060/lightning_logs/version_0/intervention_results.csv
cub,60,0.5999958908612755,False,112.0,0.7889195680618286,/home/dani00003/mCREAM/experiments/CUB/train_cbm/Standard_CUB/cub_progressive_noise/CREAM_cub_progressive_noise/noise_060/lightning_logs/version_0/intervention_results.csv
cub,60,0.5999958908612755,True,0.0,0.729720413684845,/home/dani00003/mCREAM/experiments/CUB/train_cbm/Standard_CUB/cub_progressive_noise/CREAM_cub_progressive_noise/noise_060/lightning_logs/version_0/intervention_results.csv
cub,60,0.5999958908612755,True,1.0,0.7336900234222412,/home/dani00003/mCREAM/experiments/CUB/train_cbm/Standard_CUB/cub_progressive_noise/CREAM_cub_progressive_noise/noise_060/lightning_logs/version_0/intervention_results.csv
cub,60,0.5999958908612755,True,2.0,0.7395581603050232,/home/dani00003/mCREAM/experiments/CUB/train_cbm/Standard_CUB/cub_progressive_noise/CREAM_cub_progressive_noise/noise_060/lightning_logs/version_0/intervention_results.csv
cub,60,0.5999958908612755,True,3.0,0.7424921989440918,/home/dani00003/mCREAM/experiments/CUB/train_cbm/Standard_CUB/cub_progressive_noise/CREAM_cub_progressive_noise/noise_060/lightning_logs/version_0/intervention_results.csv
cub,60,0.5999958908612755,True,4.0,0.7511218190193176,/home/dani00003/mCREAM/experiments/CUB/train_cbm/Standard_CUB/cub_progressive_noise/CREAM_cub_progressive_noise/noise_060/lightning_logs/version_0/intervention_results.csv
cub,60,0.5999958908612755,True,5.0,0.7616499662399292,/home/dani00003/mCREAM/experiments/CUB/train_cbm/Standard_CUB/cub_progressive_noise/CREAM_cub_progressive_noise/noise_060/lightning_logs/version_0/intervention_results.csv
cub,60,0.5999958908612755,True,6.0,0.7628581523895264,/home/dani00003/mCREAM/experiments/CUB/train_cbm/Standard_CUB/cub_progressive_noise/CREAM_cub_progressive_noise/noise_060/lightning_logs/version_0/intervention_results.csv
cub,60,0.5999958908612755,True,7.0,0.7678632736206055,/home/dani00003/mCREAM/experiments/CUB/train_cbm/Standard_CUB/cub_progressive_noise/CREAM_cub_progressive_noise/noise_060/lightning_logs/version_0/intervention_results.csv
cub,60,0.5999958908612755,True,8.0,0.7711425423622131,/home/dani00003/mCREAM/experiments/CUB/train_cbm/Standard_CUB/cub_progressive_noise/CREAM_cub_progressive_noise/noise_060/lightning_logs/version_0/intervention_results.csv
cub,60,0.5999958908612755,True,9.0,0.7778736352920532,/home/dani00003/mCREAM/experiments/CUB/train_cbm/Standard_CUB/cub_progressive_noise/CREAM_cub_progressive_noise/noise_060/lightning_logs/version_0/intervention_results.csv
cub,60,0.5999958908612755,True,10.0,0.7802899479866028,/home/dani00003/mCREAM/experiments/CUB/train_cbm/Standard_CUB/cub_progressive_noise/CREAM_cub_progressive_noise/noise_060/lightning_logs/version_0/intervention_results.csv
cub,60,0.5999958908612755,True,11.0,0.7832240462303162,/home/dani00003/mCREAM/experiments/CUB/train_cbm/Standard_CUB/cub_progressive_noise/CREAM_cub_progressive_noise/noise_060/lightning_logs/version_0/intervention_results.csv
cub,60,0.5999958908612755,True,12.0,0.7827062606811523,/home/dani00003/mCREAM/experiments/CUB/train_cbm/Standard_CUB/cub_progressive_noise/CREAM_cub_progressive_noise/noise_060/lightning_logs/version_0/intervention_results.csv
cub,60,0.5999958908612755,True,13.0,0.792371392250061,/home/dani00003/mCREAM/experiments/CUB/train_cbm/Standard_CUB/cub_progressive_noise/CREAM_cub_progressive_noise/noise_060/lightning_logs/version_0/intervention_results.csv
cub,60,0.5999958908612755,True,14.0,0.802209198474884,/home/dani00003/mCREAM/experiments/CUB/train_cbm/Standard_CUB/cub_progressive_noise/CREAM_cub_progressive_noise/noise_060/lightning_logs/version_0/intervention_results.csv
cub,60,0.5999958908612755,True,15.0,0.7997928857803345,/home/dani00003/mCREAM/experiments/CUB/train_cbm/Standard_CUB/cub_progressive_noise/CREAM_cub_progressive_noise/noise_060/lightning_logs/version_0/intervention_results.csv
cub,60,0.5999958908612755,True,16.0,0.8030721545219421,/home/dani00003/mCREAM/experiments/CUB/train_cbm/Standard_CUB/cub_progressive_noise/CREAM_cub_progressive_noise/noise_060/lightning_logs/version_0/intervention_results.csv
cub,60,0.5999958908612755,True,17.0,0.8098032474517822,/home/dani00003/mCREAM/experiments/CUB/train_cbm/Standard_CUB/cub_progressive_noise/CREAM_cub_progressive_noise/noise_060/lightning_logs/version_0/intervention_results.csv
cub,60,0.5999958908612755,True,18.0,0.8011736273765564,/home/dani00003/mCREAM/experiments/CUB/train_cbm/Standard_CUB/cub_progressive_noise/CREAM_cub_progressive_noise/noise_060/lightning_logs/version_0/intervention_results.csv
cub,60,0.5999958908612755,True,19.0,0.8087676763534546,/home/dani00003/mCREAM/experiments/CUB/train_cbm/Standard_CUB/cub_progressive_noise/CREAM_cub_progressive_noise/noise_060/lightning_logs/version_0/intervention_results.csv
cub,60,0.5999958908612755,True,20.0,0.8042802810668945,/home/dani00003/mCREAM/experiments/CUB/train_cbm/Standard_CUB/cub_progressive_noise/CREAM_cub_progressive_noise/noise_060/lightning_logs/version_0/intervention_results.csv
cub,60,0.5999958908612755,True,21.0,0.8049706816673279,/home/dani00003/mCREAM/experiments/CUB/train_cbm/Standard_CUB/cub_progressive_noise/CREAM_cub_progressive_noise/noise_060/lightning_logs/version_0/intervention_results.csv
cub,60,0.5999958908612755,True,22.0,0.805833637714386,/home/dani00003/mCREAM/experiments/CUB/train_cbm/Standard_CUB/cub_progressive_noise/CREAM_cub_progressive_noise/noise_060/lightning_logs/version_0/intervention_results.csv
cub,60,0.5999958908612755,True,23.0,0.8008284568786621,/home/dani00003/mCREAM/experiments/CUB/train_cbm/Standard_CUB/cub_progressive_noise/CREAM_cub_progressive_noise/noise_060/lightning_logs/version_0/intervention_results.csv
cub,60,0.5999958908612755,True,24.0,0.8016914129257202,/home/dani00003/mCREAM/experiments/CUB/train_cbm/Standard_CUB/cub_progressive_noise/CREAM_cub_progressive_noise/noise_060/lightning_logs/version_0/intervention_results.csv
cub,60,0.5999958908612755,True,25.0,0.799965500831604,/home/dani00003/mCREAM/experiments/CUB/train_cbm/Standard_CUB/cub_progressive_noise/CREAM_cub_progressive_noise/noise_060/lightning_logs/version_0/intervention_results.csv
cub,70,0.7000020545693623,False,0.0,0.7288574576377869,/home/dani00003/mCREAM/experiments/CUB/train_cbm/Standard_CUB/cub_progressive_noise/CREAM_cub_progressive_noise/noise_070/lightning_logs/version_0/intervention_results.csv
cub,70,0.7000020545693623,False,1.0,0.7304107546806335,/home/dani00003/mCREAM/experiments/CUB/train_cbm/Standard_CUB/cub_progressive_noise/CREAM_cub_progressive_noise/noise_070/lightning_logs/version_0/intervention_results.csv
cub,70,0.7000020545693623,False,2.0,0.7328270673751831,/home/dani00003/mCREAM/experiments/CUB/train_cbm/Standard_CUB/cub_progressive_noise/CREAM_cub_progressive_noise/noise_070/lightning_logs/version_0/intervention_results.csv
cub,70,0.7000020545693623,False,3.0,0.7298929691314697,/home/dani00003/mCREAM/experiments/CUB/train_cbm/Standard_CUB/cub_progressive_noise/CREAM_cub_progressive_noise/noise_070/lightning_logs/version_0/intervention_results.csv
cub,70,0.7000020545693623,False,4.0,0.7321366667747498,/home/dani00003/mCREAM/experiments/CUB/train_cbm/Standard_CUB/cub_progressive_noise/CREAM_cub_progressive_noise/noise_070/lightning_logs/version_0/intervention_results.csv
cub,70,0.7000020545693623,False,5.0,0.7335174083709717,/home/dani00003/mCREAM/experiments/CUB/train_cbm/Standard_CUB/cub_progressive_noise/CREAM_cub_progressive_noise/noise_070/lightning_logs/version_0/intervention_results.csv
cub,70,0.7000020545693623,False,6.0,0.734207808971405,/home/dani00003/mCREAM/experiments/CUB/train_cbm/Standard_CUB/cub_progressive_noise/CREAM_cub_progressive_noise/noise_070/lightning_logs/version_0/intervention_results.csv
cub,70,0.7000020545693623,False,7.0,0.7352433204650879,/home/dani00003/mCREAM/experiments/CUB/train_cbm/Standard_CUB/cub_progressive_noise/CREAM_cub_progressive_noise/noise_070/lightning_logs/version_0/intervention_results.csv
cub,70,0.7000020545693623,False,8.0,0.7336900234222412,/home/dani00003/mCREAM/experiments/CUB/train_cbm/Standard_CUB/cub_progressive_noise/CREAM_cub_progressive_noise/noise_070/lightning_logs/version_0/intervention_results.csv
cub,70,0.7000020545693623,False,9.0,0.7347255945205688,/home/dani00003/mCREAM/experiments/CUB/train_cbm/Standard_CUB/cub_progressive_noise/CREAM_cub_progressive_noise/noise_070/lightning_logs/version_0/intervention_results.csv
cub,70,0.7000020545693623,False,10.0,0.7361063361167908,/home/dani00003/mCREAM/experiments/CUB/train_cbm/Standard_CUB/cub_progressive_noise/CREAM_cub_progressive_noise/noise_070/lightning_logs/version_0/intervention_results.csv
cub,70,0.7000020545693623,False,11.0,0.7348981499671936,/home/dani00003/mCREAM/experiments/CUB/train_cbm/Standard_CUB/cub_progressive_noise/CREAM_cub_progressive_noise/noise_070/lightning_logs/version_0/intervention_results.csv
cub,70,0.7000020545693623,False,12.0,0.7361063361167908,/home/dani00003/mCREAM/experiments/CUB/train_cbm/Standard_CUB/cub_progressive_noise/CREAM_cub_progressive_noise/noise_070/lightning_logs/version_0/intervention_results.csv
cub,70,0.7000020545693623,False,13.0,0.7399033308029175,/home/dani00003/mCREAM/experiments/CUB/train_cbm/Standard_CUB/cub_progressive_noise/CREAM_cub_progressive_noise/noise_070/lightning_logs/version_0/intervention_results.csv
cub,70,0.7000020545693623,False,14.0,0.7371418476104736,/home/dani00003/mCREAM/experiments/CUB/train_cbm/Standard_CUB/cub_progressive_noise/CREAM_cub_progressive_noise/noise_070/lightning_logs/version_0/intervention_results.csv
cub,70,0.7000020545693623,False,15.0,0.7388677597045898,/home/dani00003/mCREAM/experiments/CUB/train_cbm/Standard_CUB/cub_progressive_noise/CREAM_cub_progressive_noise/noise_070/lightning_logs/version_0/intervention_results.csv
cub,70,0.7000020545693623,False,16.0,0.7440455555915833,/home/dani00003/mCREAM/experiments/CUB/train_cbm/Standard_CUB/cub_progressive_noise/CREAM_cub_progressive_noise/noise_070/lightning_logs/version_0/intervention_results.csv
cub,70,0.7000020545693623,False,17.0,0.7404211163520813,/home/dani00003/mCREAM/experiments/CUB/train_cbm/Standard_CUB/cub_progressive_noise/CREAM_cub_progressive_noise/noise_070/lightning_logs/version_0/intervention_results.csv
cub,70,0.7000020545693623,False,18.0,0.7438729405403137,/home/dani00003/mCREAM/experiments/CUB/train_cbm/Standard_CUB/cub_progressive_noise/CREAM_cub_progressive_noise/noise_070/lightning_logs/version_0/intervention_results.csv
cub,70,0.7000020545693623,False,19.0,0.7421470284461975,/home/dani00003/mCREAM/experiments/CUB/train_cbm/Standard_CUB/cub_progressive_noise/CREAM_cub_progressive_noise/noise_070/lightning_logs/version_0/intervention_results.csv
cub,70,0.7000020545693623,False,20.0,0.7455989122390747,/home/dani00003/mCREAM/experiments/CUB/train_cbm/Standard_CUB/cub_progressive_noise/CREAM_cub_progressive_noise/noise_070/lightning_logs/version_0/intervention_results.csv
cub,70,0.7000020545693623,False,21.0,0.7480151653289795,/home/dani00003/mCREAM/experiments/CUB/train_cbm/Standard_CUB/cub_progressive_noise/CREAM_cub_progressive_noise/noise_070/lightning_logs/version_0/intervention_results.csv
cub,70,0.7000020545693623,False,22.0,0.7449085116386414,/home/dani00003/mCREAM/experiments/CUB/train_cbm/Standard_CUB/cub_progressive_noise/CREAM_cub_progressive_noise/noise_070/lightning_logs/version_0/intervention_results.csv
cub,70,0.7000020545693623,False,23.0,0.7449085116386414,/home/dani00003/mCREAM/experiments/CUB/train_cbm/Standard_CUB/cub_progressive_noise/CREAM_cub_progressive_noise/noise_070/lightning_logs/version_0/intervention_results.csv
cub,70,0.7000020545693623,False,24.0,0.7447359561920166,/home/dani00003/mCREAM/experiments/CUB/train_cbm/Standard_CUB/cub_progressive_noise/CREAM_cub_progressive_noise/noise_070/lightning_logs/version_0/intervention_results.csv
cub,70,0.7000020545693623,False,25.0,0.7443907260894775,/home/dani00003/mCREAM/experiments/CUB/train_cbm/Standard_CUB/cub_progressive_noise/CREAM_cub_progressive_noise/noise_070/lightning_logs/version_0/intervention_results.csv
cub,70,0.7000020545693623,False,26.0,0.7464618682861328,/home/dani00003/mCREAM/experiments/CUB/train_cbm/Standard_CUB/cub_progressive_noise/CREAM_cub_progressive_noise/noise_070/lightning_logs/version_0/intervention_results.csv
cub,70,0.7000020545693623,False,27.0,0.7405937314033508,/home/dani00003/mCREAM/experiments/CUB/train_cbm/Standard_CUB/cub_progressive_noise/CREAM_cub_progressive_noise/noise_070/lightning_logs/version_0/intervention_results.csv
cub,70,0.7000020545693623,False,28.0,0.7445633411407471,/home/dani00003/mCREAM/experiments/CUB/train_cbm/Standard_CUB/cub_progressive_noise/CREAM_cub_progressive_noise/noise_070/lightning_logs/version_0/intervention_results.csv
cub,70,0.7000020545693623,False,29.0,0.7474973797798157,/home/dani00003/mCREAM/experiments/CUB/train_cbm/Standard_CUB/cub_progressive_noise/CREAM_cub_progressive_noise/noise_070/lightning_logs/version_0/intervention_results.csv
cub,70,0.7000020545693623,False,30.0,0.7487055659294128,/home/dani00003/mCREAM/experiments/CUB/train_cbm/Standard_CUB/cub_progressive_noise/CREAM_cub_progressive_noise/noise_070/lightning_logs/version_0/intervention_results.csv
cub,70,0.7000020545693623,False,31.0,0.7537107467651367,/home/dani00003/mCREAM/experiments/CUB/train_cbm/Standard_CUB/cub_progressive_noise/CREAM_cub_progressive_noise/noise_070/lightning_logs/version_0/intervention_results.csv
cub,70,0.7000020545693623,False,32.0,0.7485329508781433,/home/dani00003/mCREAM/experiments/CUB/train_cbm/Standard_CUB/cub_progressive_noise/CREAM_cub_progressive_noise/noise_070/lightning_logs/version_0/intervention_results.csv
cub,70,0.7000020545693623,False,33.0,0.7519848346710205,/home/dani00003/mCREAM/experiments/CUB/train_cbm/Standard_CUB/cub_progressive_noise/CREAM_cub_progressive_noise/noise_070/lightning_logs/version_0/intervention_results.csv
cub,70,0.7000020545693623,False,34.0,0.7549188733100891,/home/dani00003/mCREAM/experiments/CUB/train_cbm/Standard_CUB/cub_progressive_noise/CREAM_cub_progressive_noise/noise_070/lightning_logs/version_0/intervention_results.csv
cub,70,0.7000020545693623,False,35.0,0.7557818293571472,/home/dani00003/mCREAM/experiments/CUB/train_cbm/Standard_CUB/cub_progressive_noise/CREAM_cub_progressive_noise/noise_070/lightning_logs/version_0/intervention_results.csv
cub,70,0.7000020545693623,False,36.0,0.7564722299575806,/home/dani00003/mCREAM/experiments/CUB/train_cbm/Standard_CUB/cub_progressive_noise/CREAM_cub_progressive_noise/noise_070/lightning_logs/version_0/intervention_results.csv
cub,70,0.7000020545693623,False,37.0,0.759924054145813,/home/dani00003/mCREAM/experiments/CUB/train_cbm/Standard_CUB/cub_progressive_noise/CREAM_cub_progressive_noise/noise_070/lightning_logs/version_0/intervention_results.csv
cub,70,0.7000020545693623,False,38.0,0.7580255270004272,/home/dani00003/mCREAM/experiments/CUB/train_cbm/Standard_CUB/cub_progressive_noise/CREAM_cub_progressive_noise/noise_070/lightning_logs/version_0/intervention_results.csv
cub,70,0.7000020545693623,False,39.0,0.7580255270004272,/home/dani00003/mCREAM/experiments/CUB/train_cbm/Standard_CUB/cub_progressive_noise/CREAM_cub_progressive_noise/noise_070/lightning_logs/version_0/intervention_results.csv
cub,70,0.7000020545693623,False,40.0,0.7604418396949768,/home/dani00003/mCREAM/experiments/CUB/train_cbm/Standard_CUB/cub_progressive_noise/CREAM_cub_progressive_noise/noise_070/lightning_logs/version_0/intervention_results.csv
cub,70,0.7000020545693623,False,41.0,0.7595788836479187,/home/dani00003/mCREAM/experiments/CUB/train_cbm/Standard_CUB/cub_progressive_noise/CREAM_cub_progressive_noise/noise_070/lightning_logs/version_0/intervention_results.csv
cub,70,0.7000020545693623,False,42.0,0.7602692246437073,/home/dani00003/mCREAM/experiments/CUB/train_cbm/Standard_CUB/cub_progressive_noise/CREAM_cub_progressive_noise/noise_070/lightning_logs/version_0/intervention_results.csv
cub,70,0.7000020545693623,False,43.0,0.764411449432373,/home/dani00003/mCREAM/experiments/CUB/train_cbm/Standard_CUB/cub_progressive_noise/CREAM_cub_progressive_noise/noise_070/lightning_logs/version_0/intervention_results.csv
cub,70,0.7000020545693623,False,44.0,0.7611321806907654,/home/dani00003/mCREAM/experiments/CUB/train_cbm/Standard_CUB/cub_progressive_noise/CREAM_cub_progressive_noise/noise_070/lightning_logs/version_0/intervention_results.csv
cub,70,0.7000020545693623,False,45.0,0.7611321806907654,/home/dani00003/mCREAM/experiments/CUB/train_cbm/Standard_CUB/cub_progressive_noise/CREAM_cub_progressive_noise/noise_070/lightning_logs/version_0/intervention_results.csv
cub,70,0.7000020545693623,False,46.0,0.7609596252441406,/home/dani00003/mCREAM/experiments/CUB/train_cbm/Standard_CUB/cub_progressive_noise/CREAM_cub_progressive_noise/noise_070/lightning_logs/version_0/intervention_results.csv
cub,70,0.7000020545693623,False,47.0,0.7602692246437073,/home/dani00003/mCREAM/experiments/CUB/train_cbm/Standard_CUB/cub_progressive_noise/CREAM_cub_progressive_noise/noise_070/lightning_logs/version_0/intervention_results.csv
cub,70,0.7000020545693623,False,48.0,0.7600966691970825,/home/dani00003/mCREAM/experiments/CUB/train_cbm/Standard_CUB/cub_progressive_noise/CREAM_cub_progressive_noise/noise_070/lightning_logs/version_0/intervention_results.csv
cub,70,0.7000020545693623,False,49.0,0.7626855373382568,/home/dani00003/mCREAM/experiments/CUB/train_cbm/Standard_CUB/cub_progressive_noise/CREAM_cub_progressive_noise/noise_070/lightning_logs/version_0/intervention_results.csv
cub,70,0.7000020545693623,False,50.0,0.7673455476760864,/home/dani00003/mCREAM/experiments/CUB/train_cbm/Standard_CUB/cub_progressive_noise/CREAM_cub_progressive_noise/noise_070/lightning_logs/version_0/intervention_results.csv
cub,70,0.7000020545693623,False,51.0,0.7649292349815369,/home/dani00003/mCREAM/experiments/CUB/train_cbm/Standard_CUB/cub_progressive_noise/CREAM_cub_progressive_noise/noise_070/lightning_logs/version_0/intervention_results.csv
cub,70,0.7000020545693623,False,52.0,0.7690714597702026,/home/dani00003/mCREAM/experiments/CUB/train_cbm/Standard_CUB/cub_progressive_noise/CREAM_cub_progressive_noise/noise_070/lightning_logs/version_0/intervention_results.csv
cub,70,0.7000020545693623,False,53.0,0.7628581523895264,/home/dani00003/mCREAM/experiments/CUB/train_cbm/Standard_CUB/cub_progressive_noise/CREAM_cub_progressive_noise/noise_070/lightning_logs/version_0/intervention_results.csv
cub,70,0.7000020545693623,False,54.0,0.7711425423622131,/home/dani00003/mCREAM/experiments/CUB/train_cbm/Standard_CUB/cub_progressive_noise/CREAM_cub_progressive_noise/noise_070/lightning_logs/version_0/intervention_results.csv
cub,70,0.7000020545693623,False,55.0,0.7690714597702026,/home/dani00003/mCREAM/experiments/CUB/train_cbm/Standard_CUB/cub_progressive_noise/CREAM_cub_progressive_noise/noise_070/lightning_logs/version_0/intervention_results.csv
cub,70,0.7000020545693623,False,56.0,0.7678632736206055,/home/dani00003/mCREAM/experiments/CUB/train_cbm/Standard_CUB/cub_progressive_noise/CREAM_cub_progressive_noise/noise_070/lightning_logs/version_0/intervention_results.csv
cub,70,0.7000020545693623,False,57.0,0.7709699869155884,/home/dani00003/mCREAM/experiments/CUB/train_cbm/Standard_CUB/cub_progressive_noise/CREAM_cub_progressive_noise/noise_070/lightning_logs/version_0/intervention_results.csv
cub,70,0.7000020545693623,False,58.0,0.7664825916290283,/home/dani00003/mCREAM/experiments/CUB/train_cbm/Standard_CUB/cub_progressive_noise/CREAM_cub_progressive_noise/noise_070/lightning_logs/version_0/intervention_results.csv
cub,70,0.7000020545693623,False,59.0,0.7713151574134827,/home/dani00003/mCREAM/experiments/CUB/train_cbm/Standard_CUB/cub_progressive_noise/CREAM_cub_progressive_noise/noise_070/lightning_logs/version_0/intervention_results.csv
cub,70,0.7000020545693623,False,60.0,0.7728684544563293,/home/dani00003/mCREAM/experiments/CUB/train_cbm/Standard_CUB/cub_progressive_noise/CREAM_cub_progressive_noise/noise_070/lightning_logs/version_0/intervention_results.csv
cub,70,0.7000020545693623,False,61.0,0.7707973718643188,/home/dani00003/mCREAM/experiments/CUB/train_cbm/Standard_CUB/cub_progressive_noise/CREAM_cub_progressive_noise/noise_070/lightning_logs/version_0/intervention_results.csv
cub,70,0.7000020545693623,False,62.0,0.7664825916290283,/home/dani00003/mCREAM/experiments/CUB/train_cbm/Standard_CUB/cub_progressive_noise/CREAM_cub_progressive_noise/noise_070/lightning_logs/version_0/intervention_results.csv
cub,70,0.7000020545693623,False,63.0,0.7707973718643188,/home/dani00003/mCREAM/experiments/CUB/train_cbm/Standard_CUB/cub_progressive_noise/CREAM_cub_progressive_noise/noise_070/lightning_logs/version_0/intervention_results.csv
cub,70,0.7000020545693623,False,64.0,0.7656195759773254,/home/dani00003/mCREAM/experiments/CUB/train_cbm/Standard_CUB/cub_progressive_noise/CREAM_cub_progressive_noise/noise_070/lightning_logs/version_0/intervention_results.csv
cub,70,0.7000020545693623,False,65.0,0.768035888671875,/home/dani00003/mCREAM/experiments/CUB/train_cbm/Standard_CUB/cub_progressive_noise/CREAM_cub_progressive_noise/noise_070/lightning_logs/version_0/intervention_results.csv
cub,70,0.7000020545693623,False,66.0,0.7699344158172607,/home/dani00003/mCREAM/experiments/CUB/train_cbm/Standard_CUB/cub_progressive_noise/CREAM_cub_progressive_noise/noise_070/lightning_logs/version_0/intervention_results.csv
cub,70,0.7000020545693623,False,67.0,0.7725232839584351,/home/dani00003/mCREAM/experiments/CUB/train_cbm/Standard_CUB/cub_progressive_noise/CREAM_cub_progressive_noise/noise_070/lightning_logs/version_0/intervention_results.csv
cub,70,0.7000020545693623,False,68.0,0.7675181031227112,/home/dani00003/mCREAM/experiments/CUB/train_cbm/Standard_CUB/cub_progressive_noise/CREAM_cub_progressive_noise/noise_070/lightning_logs/version_0/intervention_results.csv
cub,70,0.7000020545693623,False,69.0,0.768035888671875,/home/dani00003/mCREAM/experiments/CUB/train_cbm/Standard_CUB/cub_progressive_noise/CREAM_cub_progressive_noise/noise_070/lightning_logs/version_0/intervention_results.csv
cub,70,0.7000020545693623,False,70.0,0.7697618007659912,/home/dani00003/mCREAM/experiments/CUB/train_cbm/Standard_CUB/cub_progressive_noise/CREAM_cub_progressive_noise/noise_070/lightning_logs/version_0/intervention_results.csv
cub,70,0.7000020545693623,False,71.0,0.7732136845588684,/home/dani00003/mCREAM/experiments/CUB/train_cbm/Standard_CUB/cub_progressive_noise/CREAM_cub_progressive_noise/noise_070/lightning_logs/version_0/intervention_results.csv
cub,70,0.7000020545693623,False,72.0,0.7694166302680969,/home/dani00003/mCREAM/experiments/CUB/train_cbm/Standard_CUB/cub_progressive_noise/CREAM_cub_progressive_noise/noise_070/lightning_logs/version_0/intervention_results.csv
cub,70,0.7000020545693623,False,73.0,0.7707973718643188,/home/dani00003/mCREAM/experiments/CUB/train_cbm/Standard_CUB/cub_progressive_noise/CREAM_cub_progressive_noise/noise_070/lightning_logs/version_0/intervention_results.csv
cub,70,0.7000020545693623,False,74.0,0.7664825916290283,/home/dani00003/mCREAM/experiments/CUB/train_cbm/Standard_CUB/cub_progressive_noise/CREAM_cub_progressive_noise/noise_070/lightning_logs/version_0/intervention_results.csv
cub,70,0.7000020545693623,False,75.0,0.7721781134605408,/home/dani00003/mCREAM/experiments/CUB/train_cbm/Standard_CUB/cub_progressive_noise/CREAM_cub_progressive_noise/noise_070/lightning_logs/version_0/intervention_results.csv
cub,70,0.7000020545693623,False,76.0,0.7647566199302673,/home/dani00003/mCREAM/experiments/CUB/train_cbm/Standard_CUB/cub_progressive_noise/CREAM_cub_progressive_noise/noise_070/lightning_logs/version_0/intervention_results.csv
cub,70,0.7000020545693623,False,77.0,0.7737314701080322,/home/dani00003/mCREAM/experiments/CUB/train_cbm/Standard_CUB/cub_progressive_noise/CREAM_cub_progressive_noise/noise_070/lightning_logs/version_0/intervention_results.csv
cub,70,0.7000020545693623,False,78.0,0.7695892453193665,/home/dani00003/mCREAM/experiments/CUB/train_cbm/Standard_CUB/cub_progressive_noise/CREAM_cub_progressive_noise/noise_070/lightning_logs/version_0/intervention_results.csv
cub,70,0.7000020545693623,False,79.0,0.768035888671875,/home/dani00003/mCREAM/experiments/CUB/train_cbm/Standard_CUB/cub_progressive_noise/CREAM_cub_progressive_noise/noise_070/lightning_logs/version_0/intervention_results.csv
cub,70,0.7000020545693623,False,80.0,0.7747669816017151,/home/dani00003/mCREAM/experiments/CUB/train_cbm/Standard_CUB/cub_progressive_noise/CREAM_cub_progressive_noise/noise_070/lightning_logs/version_0/intervention_results.csv
cub,70,0.7000020545693623,False,81.0,0.7718329429626465,/home/dani00003/mCREAM/experiments/CUB/train_cbm/Standard_CUB/cub_progressive_noise/CREAM_cub_progressive_noise/noise_070/lightning_logs/version_0/intervention_results.csv
cub,70,0.7000020545693623,False,82.0,0.7737314701080322,/home/dani00003/mCREAM/experiments/CUB/train_cbm/Standard_CUB/cub_progressive_noise/CREAM_cub_progressive_noise/noise_070/lightning_logs/version_0/intervention_results.csv
cub,70,0.7000020545693623,False,83.0,0.771660327911377,/home/dani00003/mCREAM/experiments/CUB/train_cbm/Standard_CUB/cub_progressive_noise/CREAM_cub_progressive_noise/noise_070/lightning_logs/version_0/intervention_results.csv
cub,70,0.7000020545693623,False,84.0,0.770279586315155,/home/dani00003/mCREAM/experiments/CUB/train_cbm/Standard_CUB/cub_progressive_noise/CREAM_cub_progressive_noise/noise_070/lightning_logs/version_0/intervention_results.csv
cub,70,0.7000020545693623,False,85.0,0.7671729326248169,/home/dani00003/mCREAM/experiments/CUB/train_cbm/Standard_CUB/cub_progressive_noise/CREAM_cub_progressive_noise/noise_070/lightning_logs/version_0/intervention_results.csv
cub,70,0.7000020545693623,False,86.0,0.7742491960525513,/home/dani00003/mCREAM/experiments/CUB/train_cbm/Standard_CUB/cub_progressive_noise/CREAM_cub_progressive_noise/noise_070/lightning_logs/version_0/intervention_results.csv
cub,70,0.7000020545693623,False,87.0,0.7749395966529846,/home/dani00003/mCREAM/experiments/CUB/train_cbm/Standard_CUB/cub_progressive_noise/CREAM_cub_progressive_noise/noise_070/lightning_logs/version_0/intervention_results.csv
cub,70,0.7000020545693623,False,88.0,0.7699344158172607,/home/dani00003/mCREAM/experiments/CUB/train_cbm/Standard_CUB/cub_progressive_noise/CREAM_cub_progressive_noise/noise_070/lightning_logs/version_0/intervention_results.csv
cub,70,0.7000020545693623,False,89.0,0.7744218111038208,/home/dani00003/mCREAM/experiments/CUB/train_cbm/Standard_CUB/cub_progressive_noise/CREAM_cub_progressive_noise/noise_070/lightning_logs/version_0/intervention_results.csv
cub,70,0.7000020545693623,False,90.0,0.7709699869155884,/home/dani00003/mCREAM/experiments/CUB/train_cbm/Standard_CUB/cub_progressive_noise/CREAM_cub_progressive_noise/noise_070/lightning_logs/version_0/intervention_results.csv
cub,70,0.7000020545693623,False,91.0,0.773904025554657,/home/dani00003/mCREAM/experiments/CUB/train_cbm/Standard_CUB/cub_progressive_noise/CREAM_cub_progressive_noise/noise_070/lightning_logs/version_0/intervention_results.csv
cub,70,0.7000020545693623,False,92.0,0.768035888671875,/home/dani00003/mCREAM/experiments/CUB/train_cbm/Standard_CUB/cub_progressive_noise/CREAM_cub_progressive_noise/noise_070/lightning_logs/version_0/intervention_results.csv
cub,70,0.7000020545693623,False,93.0,0.7706247568130493,/home/dani00003/mCREAM/experiments/CUB/train_cbm/Standard_CUB/cub_progressive_noise/CREAM_cub_progressive_noise/noise_070/lightning_logs/version_0/intervention_results.csv
cub,70,0.7000020545693623,False,94.0,0.7670003175735474,/home/dani00003/mCREAM/experiments/CUB/train_cbm/Standard_CUB/cub_progressive_noise/CREAM_cub_progressive_noise/noise_070/lightning_logs/version_0/intervention_results.csv
cub,70,0.7000020545693623,False,95.0,0.7671729326248169,/home/dani00003/mCREAM/experiments/CUB/train_cbm/Standard_CUB/cub_progressive_noise/CREAM_cub_progressive_noise/noise_070/lightning_logs/version_0/intervention_results.csv
cub,70,0.7000020545693623,False,96.0,0.7683810591697693,/home/dani00003/mCREAM/experiments/CUB/train_cbm/Standard_CUB/cub_progressive_noise/CREAM_cub_progressive_noise/noise_070/lightning_logs/version_0/intervention_results.csv
cub,70,0.7000020545693623,False,97.0,0.7637211084365845,/home/dani00003/mCREAM/experiments/CUB/train_cbm/Standard_CUB/cub_progressive_noise/CREAM_cub_progressive_noise/noise_070/lightning_logs/version_0/intervention_results.csv
cub,70,0.7000020545693623,False,98.0,0.770279586315155,/home/dani00003/mCREAM/experiments/CUB/train_cbm/Standard_CUB/cub_progressive_noise/CREAM_cub_progressive_noise/noise_070/lightning_logs/version_0/intervention_results.csv
cub,70,0.7000020545693623,False,99.0,0.7714877128601074,/home/dani00003/mCREAM/experiments/CUB/train_cbm/Standard_CUB/cub_progressive_noise/CREAM_cub_progressive_noise/noise_070/lightning_logs/version_0/intervention_results.csv
cub,70,0.7000020545693623,False,100.0,0.7595788836479187,/home/dani00003/mCREAM/experiments/CUB/train_cbm/Standard_CUB/cub_progressive_noise/CREAM_cub_progressive_noise/noise_070/lightning_logs/version_0/intervention_results.csv
cub,70,0.7000020545693623,False,101.0,0.7595788836479187,/home/dani00003/mCREAM/experiments/CUB/train_cbm/Standard_CUB/cub_progressive_noise/CREAM_cub_progressive_noise/noise_070/lightning_logs/version_0/intervention_results.csv
cub,70,0.7000020545693623,False,102.0,0.7614774107933044,/home/dani00003/mCREAM/experiments/CUB/train_cbm/Standard_CUB/cub_progressive_noise/CREAM_cub_progressive_noise/noise_070/lightning_logs/version_0/intervention_results.csv
cub,70,0.7000020545693623,False,103.0,0.7651018500328064,/home/dani00003/mCREAM/experiments/CUB/train_cbm/Standard_CUB/cub_progressive_noise/CREAM_cub_progressive_noise/noise_070/lightning_logs/version_0/intervention_results.csv
cub,70,0.7000020545693623,False,104.0,0.7628581523895264,/home/dani00003/mCREAM/experiments/CUB/train_cbm/Standard_CUB/cub_progressive_noise/CREAM_cub_progressive_noise/noise_070/lightning_logs/version_0/intervention_results.csv
cub,70,0.7000020545693623,False,105.0,0.7585433125495911,/home/dani00003/mCREAM/experiments/CUB/train_cbm/Standard_CUB/cub_progressive_noise/CREAM_cub_progressive_noise/noise_070/lightning_logs/version_0/intervention_results.csv
cub,70,0.7000020545693623,False,106.0,0.7564722299575806,/home/dani00003/mCREAM/experiments/CUB/train_cbm/Standard_CUB/cub_progressive_noise/CREAM_cub_progressive_noise/noise_070/lightning_logs/version_0/intervention_results.csv
cub,70,0.7000020545693623,False,107.0,0.7545737028121948,/home/dani00003/mCREAM/experiments/CUB/train_cbm/Standard_CUB/cub_progressive_noise/CREAM_cub_progressive_noise/noise_070/lightning_logs/version_0/intervention_results.csv
cub,70,0.7000020545693623,False,108.0,0.7561269998550415,/home/dani00003/mCREAM/experiments/CUB/train_cbm/Standard_CUB/cub_progressive_noise/CREAM_cub_progressive_noise/noise_070/lightning_logs/version_0/intervention_results.csv
cub,70,0.7000020545693623,False,109.0,0.754055917263031,/home/dani00003/mCREAM/experiments/CUB/train_cbm/Standard_CUB/cub_progressive_noise/CREAM_cub_progressive_noise/noise_070/lightning_logs/version_0/intervention_results.csv
cub,70,0.7000020545693623,False,110.0,0.754055917263031,/home/dani00003/mCREAM/experiments/CUB/train_cbm/Standard_CUB/cub_progressive_noise/CREAM_cub_progressive_noise/noise_070/lightning_logs/version_0/intervention_results.csv
cub,70,0.7000020545693623,False,111.0,0.7549188733100891,/home/dani00003/mCREAM/experiments/CUB/train_cbm/Standard_CUB/cub_progressive_noise/CREAM_cub_progressive_noise/noise_070/lightning_logs/version_0/intervention_results.csv
cub,70,0.7000020545693623,False,112.0,0.7507766485214233,/home/dani00003/mCREAM/experiments/CUB/train_cbm/Standard_CUB/cub_progressive_noise/CREAM_cub_progressive_noise/noise_070/lightning_logs/version_0/intervention_results.csv
cub,70,0.7000020545693623,True,0.0,0.7288574576377869,/home/dani00003/mCREAM/experiments/CUB/train_cbm/Standard_CUB/cub_progressive_noise/CREAM_cub_progressive_noise/noise_070/lightning_logs/version_0/intervention_results.csv
cub,70,0.7000020545693623,True,1.0,0.7311011552810669,/home/dani00003/mCREAM/experiments/CUB/train_cbm/Standard_CUB/cub_progressive_noise/CREAM_cub_progressive_noise/noise_070/lightning_logs/version_0/intervention_results.csv
cub,70,0.7000020545693623,True,2.0,0.7359337210655212,/home/dani00003/mCREAM/experiments/CUB/train_cbm/Standard_CUB/cub_progressive_noise/CREAM_cub_progressive_noise/noise_070/lightning_logs/version_0/intervention_results.csv
cub,70,0.7000020545693623,True,3.0,0.7402485013008118,/home/dani00003/mCREAM/experiments/CUB/train_cbm/Standard_CUB/cub_progressive_noise/CREAM_cub_progressive_noise/noise_070/lightning_logs/version_0/intervention_results.csv
cub,70,0.7000020545693623,True,4.0,0.7412840723991394,/home/dani00003/mCREAM/experiments/CUB/train_cbm/Standard_CUB/cub_progressive_noise/CREAM_cub_progressive_noise/noise_070/lightning_logs/version_0/intervention_results.csv
cub,70,0.7000020545693623,True,5.0,0.7478426098823547,/home/dani00003/mCREAM/experiments/CUB/train_cbm/Standard_CUB/cub_progressive_noise/CREAM_cub_progressive_noise/noise_070/lightning_logs/version_0/intervention_results.csv
cub,70,0.7000020545693623,True,6.0,0.7542285323143005,/home/dani00003/mCREAM/experiments/CUB/train_cbm/Standard_CUB/cub_progressive_noise/CREAM_cub_progressive_noise/noise_070/lightning_logs/version_0/intervention_results.csv
cub,70,0.7000020545693623,True,7.0,0.7490507364273071,/home/dani00003/mCREAM/experiments/CUB/train_cbm/Standard_CUB/cub_progressive_noise/CREAM_cub_progressive_noise/noise_070/lightning_logs/version_0/intervention_results.csv
cub,70,0.7000020545693623,True,8.0,0.7547462582588196,/home/dani00003/mCREAM/experiments/CUB/train_cbm/Standard_CUB/cub_progressive_noise/CREAM_cub_progressive_noise/noise_070/lightning_logs/version_0/intervention_results.csv
cub,70,0.7000020545693623,True,9.0,0.757680356502533,/home/dani00003/mCREAM/experiments/CUB/train_cbm/Standard_CUB/cub_progressive_noise/CREAM_cub_progressive_noise/noise_070/lightning_logs/version_0/intervention_results.csv
cub,70,0.7000020545693623,True,10.0,0.7619951367378235,/home/dani00003/mCREAM/experiments/CUB/train_cbm/Standard_CUB/cub_progressive_noise/CREAM_cub_progressive_noise/noise_070/lightning_logs/version_0/intervention_results.csv
cub,70,0.7000020545693623,True,11.0,0.7566447854042053,/home/dani00003/mCREAM/experiments/CUB/train_cbm/Standard_CUB/cub_progressive_noise/CREAM_cub_progressive_noise/noise_070/lightning_logs/version_0/intervention_results.csv
cub,70,0.7000020545693623,True,12.0,0.7694166302680969,/home/dani00003/mCREAM/experiments/CUB/train_cbm/Standard_CUB/cub_progressive_noise/CREAM_cub_progressive_noise/noise_070/lightning_logs/version_0/intervention_results.csv
cub,70,0.7000020545693623,True,13.0,0.7720054984092712,/home/dani00003/mCREAM/experiments/CUB/train_cbm/Standard_CUB/cub_progressive_noise/CREAM_cub_progressive_noise/noise_070/lightning_logs/version_0/intervention_results.csv
cub,70,0.7000020545693623,True,14.0,0.7726958990097046,/home/dani00003/mCREAM/experiments/CUB/train_cbm/Standard_CUB/cub_progressive_noise/CREAM_cub_progressive_noise/noise_070/lightning_logs/version_0/intervention_results.csv
cub,70,0.7000020545693623,True,15.0,0.7697618007659912,/home/dani00003/mCREAM/experiments/CUB/train_cbm/Standard_CUB/cub_progressive_noise/CREAM_cub_progressive_noise/noise_070/lightning_logs/version_0/intervention_results.csv
cub,70,0.7000020545693623,True,16.0,0.7839143872261047,/home/dani00003/mCREAM/experiments/CUB/train_cbm/Standard_CUB/cub_progressive_noise/CREAM_cub_progressive_noise/noise_070/lightning_logs/version_0/intervention_results.csv
cub,70,0.7000020545693623,True,17.0,0.7709699869155884,/home/dani00003/mCREAM/experiments/CUB/train_cbm/Standard_CUB/cub_progressive_noise/CREAM_cub_progressive_noise/noise_070/lightning_logs/version_0/intervention_results.csv
cub,70,0.7000020545693623,True,18.0,0.7711425423622131,/home/dani00003/mCREAM/experiments/CUB/train_cbm/Standard_CUB/cub_progressive_noise/CREAM_cub_progressive_noise/noise_070/lightning_logs/version_0/intervention_results.csv
cub,70,0.7000020545693623,True,19.0,0.7723507285118103,/home/dani00003/mCREAM/experiments/CUB/train_cbm/Standard_CUB/cub_progressive_noise/CREAM_cub_progressive_noise/noise_070/lightning_logs/version_0/intervention_results.csv
cub,70,0.7000020545693623,True,20.0,0.7699344158172607,/home/dani00003/mCREAM/experiments/CUB/train_cbm/Standard_CUB/cub_progressive_noise/CREAM_cub_progressive_noise/noise_070/lightning_logs/version_0/intervention_results.csv
cub,70,0.7000020545693623,True,21.0,0.7683810591697693,/home/dani00003/mCREAM/experiments/CUB/train_cbm/Standard_CUB/cub_progressive_noise/CREAM_cub_progressive_noise/noise_070/lightning_logs/version_0/intervention_results.csv
cub,70,0.7000020545693623,True,22.0,0.7737314701080322,/home/dani00003/mCREAM/experiments/CUB/train_cbm/Standard_CUB/cub_progressive_noise/CREAM_cub_progressive_noise/noise_070/lightning_logs/version_0/intervention_results.csv
cub,70,0.7000020545693623,True,23.0,0.7618225812911987,/home/dani00003/mCREAM/experiments/CUB/train_cbm/Standard_CUB/cub_progressive_noise/CREAM_cub_progressive_noise/noise_070/lightning_logs/version_0/intervention_results.csv
cub,70,0.7000020545693623,True,24.0,0.7619951367378235,/home/dani00003/mCREAM/experiments/CUB/train_cbm/Standard_CUB/cub_progressive_noise/CREAM_cub_progressive_noise/noise_070/lightning_logs/version_0/intervention_results.csv
cub,70,0.7000020545693623,True,25.0,0.7614774107933044,/home/dani00003/mCREAM/experiments/CUB/train_cbm/Standard_CUB/cub_progressive_noise/CREAM_cub_progressive_noise/noise_070/lightning_logs/version_0/intervention_results.csv
cub,80,0.7999979454306377,False,0.0,0.7105626463890076,/home/dani00003/mCREAM/experiments/CUB/train_cbm/Standard_CUB/cub_progressive_noise/CREAM_cub_progressive_noise/noise_080/lightning_logs/version_0/intervention_results.csv
cub,80,0.7999979454306377,False,1.0,0.7102174758911133,/home/dani00003/mCREAM/experiments/CUB/train_cbm/Standard_CUB/cub_progressive_noise/CREAM_cub_progressive_noise/noise_080/lightning_logs/version_0/intervention_results.csv
cub,80,0.7999979454306377,False,2.0,0.7115982174873352,/home/dani00003/mCREAM/experiments/CUB/train_cbm/Standard_CUB/cub_progressive_noise/CREAM_cub_progressive_noise/noise_080/lightning_logs/version_0/intervention_results.csv
cub,80,0.7999979454306377,False,3.0,0.7119433879852295,/home/dani00003/mCREAM/experiments/CUB/train_cbm/Standard_CUB/cub_progressive_noise/CREAM_cub_progressive_noise/noise_080/lightning_logs/version_0/intervention_results.csv
cub,80,0.7999979454306377,False,4.0,0.7129789590835571,/home/dani00003/mCREAM/experiments/CUB/train_cbm/Standard_CUB/cub_progressive_noise/CREAM_cub_progressive_noise/noise_080/lightning_logs/version_0/intervention_results.csv
cub,80,0.7999979454306377,False,5.0,0.7136693000793457,/home/dani00003/mCREAM/experiments/CUB/train_cbm/Standard_CUB/cub_progressive_noise/CREAM_cub_progressive_noise/noise_080/lightning_logs/version_0/intervention_results.csv
cub,80,0.7999979454306377,False,6.0,0.7159129977226257,/home/dani00003/mCREAM/experiments/CUB/train_cbm/Standard_CUB/cub_progressive_noise/CREAM_cub_progressive_noise/noise_080/lightning_logs/version_0/intervention_results.csv
cub,80,0.7999979454306377,False,7.0,0.7115982174873352,/home/dani00003/mCREAM/experiments/CUB/train_cbm/Standard_CUB/cub_progressive_noise/CREAM_cub_progressive_noise/noise_080/lightning_logs/version_0/intervention_results.csv
cub,80,0.7999979454306377,False,8.0,0.714359700679779,/home/dani00003/mCREAM/experiments/CUB/train_cbm/Standard_CUB/cub_progressive_noise/CREAM_cub_progressive_noise/noise_080/lightning_logs/version_0/intervention_results.csv
cub,80,0.7999979454306377,False,9.0,0.7190196514129639,/home/dani00003/mCREAM/experiments/CUB/train_cbm/Standard_CUB/cub_progressive_noise/CREAM_cub_progressive_noise/noise_080/lightning_logs/version_0/intervention_results.csv
cub,80,0.7999979454306377,False,10.0,0.7183293104171753,/home/dani00003/mCREAM/experiments/CUB/train_cbm/Standard_CUB/cub_progressive_noise/CREAM_cub_progressive_noise/noise_080/lightning_logs/version_0/intervention_results.csv
cub,80,0.7999979454306377,False,11.0,0.7186744809150696,/home/dani00003/mCREAM/experiments/CUB/train_cbm/Standard_CUB/cub_progressive_noise/CREAM_cub_progressive_noise/noise_080/lightning_logs/version_0/intervention_results.csv
cub,80,0.7999979454306377,False,12.0,0.7188470959663391,/home/dani00003/mCREAM/experiments/CUB/train_cbm/Standard_CUB/cub_progressive_noise/CREAM_cub_progressive_noise/noise_080/lightning_logs/version_0/intervention_results.csv
cub,80,0.7999979454306377,False,13.0,0.7150500416755676,/home/dani00003/mCREAM/experiments/CUB/train_cbm/Standard_CUB/cub_progressive_noise/CREAM_cub_progressive_noise/noise_080/lightning_logs/version_0/intervention_results.csv
cub,80,0.7999979454306377,False,14.0,0.7131515145301819,/home/dani00003/mCREAM/experiments/CUB/train_cbm/Standard_CUB/cub_progressive_noise/CREAM_cub_progressive_noise/noise_080/lightning_logs/version_0/intervention_results.csv
cub,80,0.7999979454306377,False,15.0,0.7167759537696838,/home/dani00003/mCREAM/experiments/CUB/train_cbm/Standard_CUB/cub_progressive_noise/CREAM_cub_progressive_noise/noise_080/lightning_logs/version_0/intervention_results.csv
cub,80,0.7999979454306377,False,16.0,0.714359700679779,/home/dani00003/mCREAM/experiments/CUB/train_cbm/Standard_CUB/cub_progressive_noise/CREAM_cub_progressive_noise/noise_080/lightning_logs/version_0/intervention_results.csv
cub,80,0.7999979454306377,False,17.0,0.721608579158783,/home/dani00003/mCREAM/experiments/CUB/train_cbm/Standard_CUB/cub_progressive_noise/CREAM_cub_progressive_noise/noise_080/lightning_logs/version_0/intervention_results.csv
cub,80,0.7999979454306377,False,18.0,0.7178115248680115,/home/dani00003/mCREAM/experiments/CUB/train_cbm/Standard_CUB/cub_progressive_noise/CREAM_cub_progressive_noise/noise_080/lightning_logs/version_0/intervention_results.csv
cub,80,0.7999979454306377,False,19.0,0.7214359641075134,/home/dani00003/mCREAM/experiments/CUB/train_cbm/Standard_CUB/cub_progressive_noise/CREAM_cub_progressive_noise/noise_080/lightning_logs/version_0/intervention_results.csv
cub,80,0.7999979454306377,False,20.0,0.7222989201545715,/home/dani00003/mCREAM/experiments/CUB/train_cbm/Standard_CUB/cub_progressive_noise/CREAM_cub_progressive_noise/noise_080/lightning_logs/version_0/intervention_results.csv
cub,80,0.7999979454306377,False,21.0,0.7229893207550049,/home/dani00003/mCREAM/experiments/CUB/train_cbm/Standard_CUB/cub_progressive_noise/CREAM_cub_progressive_noise/noise_080/lightning_logs/version_0/intervention_results.csv
cub,80,0.7999979454306377,False,22.0,0.721608579158783,/home/dani00003/mCREAM/experiments/CUB/train_cbm/Standard_CUB/cub_progressive_noise/CREAM_cub_progressive_noise/noise_080/lightning_logs/version_0/intervention_results.csv
cub,80,0.7999979454306377,False,23.0,0.7186744809150696,/home/dani00003/mCREAM/experiments/CUB/train_cbm/Standard_CUB/cub_progressive_noise/CREAM_cub_progressive_noise/noise_080/lightning_logs/version_0/intervention_results.csv
cub,80,0.7999979454306377,False,24.0,0.7224715352058411,/home/dani00003/mCREAM/experiments/CUB/train_cbm/Standard_CUB/cub_progressive_noise/CREAM_cub_progressive_noise/noise_080/lightning_logs/version_0/intervention_results.csv
cub,80,0.7999979454306377,False,25.0,0.7212633490562439,/home/dani00003/mCREAM/experiments/CUB/train_cbm/Standard_CUB/cub_progressive_noise/CREAM_cub_progressive_noise/noise_080/lightning_logs/version_0/intervention_results.csv
cub,80,0.7999979454306377,False,26.0,0.7160856127738953,/home/dani00003/mCREAM/experiments/CUB/train_cbm/Standard_CUB/cub_progressive_noise/CREAM_cub_progressive_noise/noise_080/lightning_logs/version_0/intervention_results.csv
cub,80,0.7999979454306377,False,27.0,0.7262685298919678,/home/dani00003/mCREAM/experiments/CUB/train_cbm/Standard_CUB/cub_progressive_noise/CREAM_cub_progressive_noise/noise_080/lightning_logs/version_0/intervention_results.csv
cub,80,0.7999979454306377,False,28.0,0.7214359641075134,/home/dani00003/mCREAM/experiments/CUB/train_cbm/Standard_CUB/cub_progressive_noise/CREAM_cub_progressive_noise/noise_080/lightning_logs/version_0/intervention_results.csv
cub,80,0.7999979454306377,False,29.0,0.717984139919281,/home/dani00003/mCREAM/experiments/CUB/train_cbm/Standard_CUB/cub_progressive_noise/CREAM_cub_progressive_noise/noise_080/lightning_logs/version_0/intervention_results.csv
cub,80,0.7999979454306377,False,30.0,0.717984139919281,/home/dani00003/mCREAM/experiments/CUB/train_cbm/Standard_CUB/cub_progressive_noise/CREAM_cub_progressive_noise/noise_080/lightning_logs/version_0/intervention_results.csv
cub,80,0.7999979454306377,False,31.0,0.7240248322486877,/home/dani00003/mCREAM/experiments/CUB/train_cbm/Standard_CUB/cub_progressive_noise/CREAM_cub_progressive_noise/noise_080/lightning_logs/version_0/intervention_results.csv
cub,80,0.7999979454306377,False,32.0,0.7243700623512268,/home/dani00003/mCREAM/experiments/CUB/train_cbm/Standard_CUB/cub_progressive_noise/CREAM_cub_progressive_noise/noise_080/lightning_logs/version_0/intervention_results.csv
cub,80,0.7999979454306377,False,33.0,0.7250604033470154,/home/dani00003/mCREAM/experiments/CUB/train_cbm/Standard_CUB/cub_progressive_noise/CREAM_cub_progressive_noise/noise_080/lightning_logs/version_0/intervention_results.csv
cub,80,0.7999979454306377,False,34.0,0.7233344912528992,/home/dani00003/mCREAM/experiments/CUB/train_cbm/Standard_CUB/cub_progressive_noise/CREAM_cub_progressive_noise/noise_080/lightning_logs/version_0/intervention_results.csv
cub,80,0.7999979454306377,False,35.0,0.723852276802063,/home/dani00003/mCREAM/experiments/CUB/train_cbm/Standard_CUB/cub_progressive_noise/CREAM_cub_progressive_noise/noise_080/lightning_logs/version_0/intervention_results.csv
cub,80,0.7999979454306377,False,36.0,0.7231618762016296,/home/dani00003/mCREAM/experiments/CUB/train_cbm/Standard_CUB/cub_progressive_noise/CREAM_cub_progressive_noise/noise_080/lightning_logs/version_0/intervention_results.csv
cub,80,0.7999979454306377,False,37.0,0.725750744342804,/home/dani00003/mCREAM/experiments/CUB/train_cbm/Standard_CUB/cub_progressive_noise/CREAM_cub_progressive_noise/noise_080/lightning_logs/version_0/intervention_results.csv
cub,80,0.7999979454306377,False,38.0,0.7248877882957458,/home/dani00003/mCREAM/experiments/CUB/train_cbm/Standard_CUB/cub_progressive_noise/CREAM_cub_progressive_noise/noise_080/lightning_logs/version_0/intervention_results.csv
cub,80,0.7999979454306377,False,39.0,0.7228167057037354,/home/dani00003/mCREAM/experiments/CUB/train_cbm/Standard_CUB/cub_progressive_noise/CREAM_cub_progressive_noise/noise_080/lightning_logs/version_0/intervention_results.csv
cub,80,0.7999979454306377,False,40.0,0.7217811346054077,/home/dani00003/mCREAM/experiments/CUB/train_cbm/Standard_CUB/cub_progressive_noise/CREAM_cub_progressive_noise/noise_080/lightning_logs/version_0/intervention_results.csv
cub,80,0.7999979454306377,False,41.0,0.7235070466995239,/home/dani00003/mCREAM/experiments/CUB/train_cbm/Standard_CUB/cub_progressive_noise/CREAM_cub_progressive_noise/noise_080/lightning_logs/version_0/intervention_results.csv
cub,80,0.7999979454306377,False,42.0,0.7247152328491211,/home/dani00003/mCREAM/experiments/CUB/train_cbm/Standard_CUB/cub_progressive_noise/CREAM_cub_progressive_noise/noise_080/lightning_logs/version_0/intervention_results.csv
cub,80,0.7999979454306377,False,43.0,0.7226440906524658,/home/dani00003/mCREAM/experiments/CUB/train_cbm/Standard_CUB/cub_progressive_noise/CREAM_cub_progressive_noise/noise_080/lightning_logs/version_0/intervention_results.csv
cub,80,0.7999979454306377,False,44.0,0.7235070466995239,/home/dani00003/mCREAM/experiments/CUB/train_cbm/Standard_CUB/cub_progressive_noise/CREAM_cub_progressive_noise/noise_080/lightning_logs/version_0/intervention_results.csv
cub,80,0.7999979454306377,False,45.0,0.7229893207550049,/home/dani00003/mCREAM/experiments/CUB/train_cbm/Standard_CUB/cub_progressive_noise/CREAM_cub_progressive_noise/noise_080/lightning_logs/version_0/intervention_results.csv
cub,80,0.7999979454306377,False,46.0,0.7271314859390259,/home/dani00003/mCREAM/experiments/CUB/train_cbm/Standard_CUB/cub_progressive_noise/CREAM_cub_progressive_noise/noise_080/lightning_logs/version_0/intervention_results.csv
cub,80,0.7999979454306377,False,47.0,0.7245426177978516,/home/dani00003/mCREAM/experiments/CUB/train_cbm/Standard_CUB/cub_progressive_noise/CREAM_cub_progressive_noise/noise_080/lightning_logs/version_0/intervention_results.csv
cub,80,0.7999979454306377,False,48.0,0.7219537496566772,/home/dani00003/mCREAM/experiments/CUB/train_cbm/Standard_CUB/cub_progressive_noise/CREAM_cub_progressive_noise/noise_080/lightning_logs/version_0/intervention_results.csv
cub,80,0.7999979454306377,False,49.0,0.719882607460022,/home/dani00003/mCREAM/experiments/CUB/train_cbm/Standard_CUB/cub_progressive_noise/CREAM_cub_progressive_noise/noise_080/lightning_logs/version_0/intervention_results.csv
cub,80,0.7999979454306377,False,50.0,0.7169485688209534,/home/dani00003/mCREAM/experiments/CUB/train_cbm/Standard_CUB/cub_progressive_noise/CREAM_cub_progressive_noise/noise_080/lightning_logs/version_0/intervention_results.csv
cub,80,0.7999979454306377,False,51.0,0.719882607460022,/home/dani00003/mCREAM/experiments/CUB/train_cbm/Standard_CUB/cub_progressive_noise/CREAM_cub_progressive_noise/noise_080/lightning_logs/version_0/intervention_results.csv
cub,80,0.7999979454306377,False,52.0,0.7174663543701172,/home/dani00003/mCREAM/experiments/CUB/train_cbm/Standard_CUB/cub_progressive_noise/CREAM_cub_progressive_noise/noise_080/lightning_logs/version_0/intervention_results.csv
cub,80,0.7999979454306377,False,53.0,0.7200552225112915,/home/dani00003/mCREAM/experiments/CUB/train_cbm/Standard_CUB/cub_progressive_noise/CREAM_cub_progressive_noise/noise_080/lightning_logs/version_0/intervention_results.csv
cub,80,0.7999979454306377,False,54.0,0.7169485688209534,/home/dani00003/mCREAM/experiments/CUB/train_cbm/Standard_CUB/cub_progressive_noise/CREAM_cub_progressive_noise/noise_080/lightning_logs/version_0/intervention_results.csv
cub,80,0.7999979454306377,False,55.0,0.720227837562561,/home/dani00003/mCREAM/experiments/CUB/train_cbm/Standard_CUB/cub_progressive_noise/CREAM_cub_progressive_noise/noise_080/lightning_logs/version_0/intervention_results.csv
cub,80,0.7999979454306377,False,56.0,0.7176389098167419,/home/dani00003/mCREAM/experiments/CUB/train_cbm/Standard_CUB/cub_progressive_noise/CREAM_cub_progressive_noise/noise_080/lightning_logs/version_0/intervention_results.csv
cub,80,0.7999979454306377,False,57.0,0.7250604033470154,/home/dani00003/mCREAM/experiments/CUB/train_cbm/Standard_CUB/cub_progressive_noise/CREAM_cub_progressive_noise/noise_080/lightning_logs/version_0/intervention_results.csv
cub,80,0.7999979454306377,False,58.0,0.715740442276001,/home/dani00003/mCREAM/experiments/CUB/train_cbm/Standard_CUB/cub_progressive_noise/CREAM_cub_progressive_noise/noise_080/lightning_logs/version_0/intervention_results.csv
cub,80,0.7999979454306377,False,59.0,0.7224715352058411,/home/dani00003/mCREAM/experiments/CUB/train_cbm/Standard_CUB/cub_progressive_noise/CREAM_cub_progressive_noise/noise_080/lightning_logs/version_0/intervention_results.csv
cub,80,0.7999979454306377,False,60.0,0.7193648815155029,/home/dani00003/mCREAM/experiments/CUB/train_cbm/Standard_CUB/cub_progressive_noise/CREAM_cub_progressive_noise/noise_080/lightning_logs/version_0/intervention_results.csv
cub,80,0.7999979454306377,False,61.0,0.7195374369621277,/home/dani00003/mCREAM/experiments/CUB/train_cbm/Standard_CUB/cub_progressive_noise/CREAM_cub_progressive_noise/noise_080/lightning_logs/version_0/intervention_results.csv
cub,80,0.7999979454306377,False,62.0,0.7217811346054077,/home/dani00003/mCREAM/experiments/CUB/train_cbm/Standard_CUB/cub_progressive_noise/CREAM_cub_progressive_noise/noise_080/lightning_logs/version_0/intervention_results.csv
cub,80,0.7999979454306377,False,63.0,0.7171211838722229,/home/dani00003/mCREAM/experiments/CUB/train_cbm/Standard_CUB/cub_progressive_noise/CREAM_cub_progressive_noise/noise_080/lightning_logs/version_0/intervention_results.csv
cub,80,0.7999979454306377,False,64.0,0.7186744809150696,/home/dani00003/mCREAM/experiments/CUB/train_cbm/Standard_CUB/cub_progressive_noise/CREAM_cub_progressive_noise/noise_080/lightning_logs/version_0/intervention_results.csv
cub,80,0.7999979454306377,False,65.0,0.7136693000793457,/home/dani00003/mCREAM/experiments/CUB/train_cbm/Standard_CUB/cub_progressive_noise/CREAM_cub_progressive_noise/noise_080/lightning_logs/version_0/intervention_results.csv
cub,80,0.7999979454306377,False,66.0,0.7205730080604553,/home/dani00003/mCREAM/experiments/CUB/train_cbm/Standard_CUB/cub_progressive_noise/CREAM_cub_progressive_noise/noise_080/lightning_logs/version_0/intervention_results.csv
cub,80,0.7999979454306377,False,67.0,0.7152226567268372,/home/dani00003/mCREAM/experiments/CUB/train_cbm/Standard_CUB/cub_progressive_noise/CREAM_cub_progressive_noise/noise_080/lightning_logs/version_0/intervention_results.csv
cub,80,0.7999979454306377,False,68.0,0.7241974472999573,/home/dani00003/mCREAM/experiments/CUB/train_cbm/Standard_CUB/cub_progressive_noise/CREAM_cub_progressive_noise/noise_080/lightning_logs/version_0/intervention_results.csv
cub,80,0.7999979454306377,False,69.0,0.7172937393188477,/home/dani00003/mCREAM/experiments/CUB/train_cbm/Standard_CUB/cub_progressive_noise/CREAM_cub_progressive_noise/noise_080/lightning_logs/version_0/intervention_results.csv
cub,80,0.7999979454306377,False,70.0,0.71625816822052,/home/dani00003/mCREAM/experiments/CUB/train_cbm/Standard_CUB/cub_progressive_noise/CREAM_cub_progressive_noise/noise_080/lightning_logs/version_0/intervention_results.csv
cub,80,0.7999979454306377,False,71.0,0.7133241295814514,/home/dani00003/mCREAM/experiments/CUB/train_cbm/Standard_CUB/cub_progressive_noise/CREAM_cub_progressive_noise/noise_080/lightning_logs/version_0/intervention_results.csv
cub,80,0.7999979454306377,False,72.0,0.7122885584831238,/home/dani00003/mCREAM/experiments/CUB/train_cbm/Standard_CUB/cub_progressive_noise/CREAM_cub_progressive_noise/noise_080/lightning_logs/version_0/intervention_results.csv
cub,80,0.7999979454306377,False,73.0,0.7136693000793457,/home/dani00003/mCREAM/experiments/CUB/train_cbm/Standard_CUB/cub_progressive_noise/CREAM_cub_progressive_noise/noise_080/lightning_logs/version_0/intervention_results.csv
cub,80,0.7999979454306377,False,74.0,0.7172937393188477,/home/dani00003/mCREAM/experiments/CUB/train_cbm/Standard_CUB/cub_progressive_noise/CREAM_cub_progressive_noise/noise_080/lightning_logs/version_0/intervention_results.csv
cub,80,0.7999979454306377,False,75.0,0.7160856127738953,/home/dani00003/mCREAM/experiments/CUB/train_cbm/Standard_CUB/cub_progressive_noise/CREAM_cub_progressive_noise/noise_080/lightning_logs/version_0/intervention_results.csv
cub,80,0.7999979454306377,False,76.0,0.7141870856285095,/home/dani00003/mCREAM/experiments/CUB/train_cbm/Standard_CUB/cub_progressive_noise/CREAM_cub_progressive_noise/noise_080/lightning_logs/version_0/intervention_results.csv
cub,80,0.7999979454306377,False,77.0,0.7128063440322876,/home/dani00003/mCREAM/experiments/CUB/train_cbm/Standard_CUB/cub_progressive_noise/CREAM_cub_progressive_noise/noise_080/lightning_logs/version_0/intervention_results.csv
cub,80,0.7999979454306377,False,78.0,0.71401447057724,/home/dani00003/mCREAM/experiments/CUB/train_cbm/Standard_CUB/cub_progressive_noise/CREAM_cub_progressive_noise/noise_080/lightning_logs/version_0/intervention_results.csv
cub,80,0.7999979454306377,False,79.0,0.7107352614402771,/home/dani00003/mCREAM/experiments/CUB/train_cbm/Standard_CUB/cub_progressive_noise/CREAM_cub_progressive_noise/noise_080/lightning_logs/version_0/intervention_results.csv
cub,80,0.7999979454306377,False,80.0,0.710390031337738,/home/dani00003/mCREAM/experiments/CUB/train_cbm/Standard_CUB/cub_progressive_noise/CREAM_cub_progressive_noise/noise_080/lightning_logs/version_0/intervention_results.csv
cub,80,0.7999979454306377,False,81.0,0.709872305393219,/home/dani00003/mCREAM/experiments/CUB/train_cbm/Standard_CUB/cub_progressive_noise/CREAM_cub_progressive_noise/noise_080/lightning_logs/version_0/intervention_results.csv
cub,80,0.7999979454306377,False,82.0,0.7126337289810181,/home/dani00003/mCREAM/experiments/CUB/train_cbm/Standard_CUB/cub_progressive_noise/CREAM_cub_progressive_noise/noise_080/lightning_logs/version_0/intervention_results.csv
cub,80,0.7999979454306377,False,83.0,0.7122885584831238,/home/dani00003/mCREAM/experiments/CUB/train_cbm/Standard_CUB/cub_progressive_noise/CREAM_cub_progressive_noise/noise_080/lightning_logs/version_0/intervention_results.csv
cub,80,0.7999979454306377,False,84.0,0.7074559926986694,/home/dani00003/mCREAM/experiments/CUB/train_cbm/Standard_CUB/cub_progressive_noise/CREAM_cub_progressive_noise/noise_080/lightning_logs/version_0/intervention_results.csv
cub,80,0.7999979454306377,False,85.0,0.7084915637969971,/home/dani00003/mCREAM/experiments/CUB/train_cbm/Standard_CUB/cub_progressive_noise/CREAM_cub_progressive_noise/noise_080/lightning_logs/version_0/intervention_results.csv
cub,80,0.7999979454306377,False,86.0,0.6993441581726074,/home/dani00003/mCREAM/experiments/CUB/train_cbm/Standard_CUB/cub_progressive_noise/CREAM_cub_progressive_noise/noise_080/lightning_logs/version_0/intervention_results.csv
cub,80,0.7999979454306377,False,87.0,0.7012426853179932,/home/dani00003/mCREAM/experiments/CUB/train_cbm/Standard_CUB/cub_progressive_noise/CREAM_cub_progressive_noise/noise_080/lightning_logs/version_0/intervention_results.csv
cub,80,0.7999979454306377,False,88.0,0.7033137679100037,/home/dani00003/mCREAM/experiments/CUB/train_cbm/Standard_CUB/cub_progressive_noise/CREAM_cub_progressive_noise/noise_080/lightning_logs/version_0/intervention_results.csv
cub,80,0.7999979454306377,False,89.0,0.7038315534591675,/home/dani00003/mCREAM/experiments/CUB/train_cbm/Standard_CUB/cub_progressive_noise/CREAM_cub_progressive_noise/noise_080/lightning_logs/version_0/intervention_results.csv
cub,80,0.7999979454306377,False,90.0,0.7078011631965637,/home/dani00003/mCREAM/experiments/CUB/train_cbm/Standard_CUB/cub_progressive_noise/CREAM_cub_progressive_noise/noise_080/lightning_logs/version_0/intervention_results.csv
cub,80,0.7999979454306377,False,91.0,0.7024508118629456,/home/dani00003/mCREAM/experiments/CUB/train_cbm/Standard_CUB/cub_progressive_noise/CREAM_cub_progressive_noise/noise_080/lightning_logs/version_0/intervention_results.csv
cub,80,0.7999979454306377,False,92.0,0.7015878558158875,/home/dani00003/mCREAM/experiments/CUB/train_cbm/Standard_CUB/cub_progressive_noise/CREAM_cub_progressive_noise/noise_080/lightning_logs/version_0/intervention_results.csv
cub,80,0.7999979454306377,False,93.0,0.7005522847175598,/home/dani00003/mCREAM/experiments/CUB/train_cbm/Standard_CUB/cub_progressive_noise/CREAM_cub_progressive_noise/noise_080/lightning_logs/version_0/intervention_results.csv
cub,80,0.7999979454306377,False,94.0,0.700034499168396,/home/dani00003/mCREAM/experiments/CUB/train_cbm/Standard_CUB/cub_progressive_noise/CREAM_cub_progressive_noise/noise_080/lightning_logs/version_0/intervention_results.csv
cub,80,0.7999979454306377,False,95.0,0.6981359720230103,/home/dani00003/mCREAM/experiments/CUB/train_cbm/Standard_CUB/cub_progressive_noise/CREAM_cub_progressive_noise/noise_080/lightning_logs/version_0/intervention_results.csv
cub,80,0.7999979454306377,False,96.0,0.7017604112625122,/home/dani00003/mCREAM/experiments/CUB/train_cbm/Standard_CUB/cub_progressive_noise/CREAM_cub_progressive_noise/noise_080/lightning_logs/version_0/intervention_results.csv
cub,80,0.7999979454306377,False,97.0,0.6939938068389893,/home/dani00003/mCREAM/experiments/CUB/train_cbm/Standard_CUB/cub_progressive_noise/CREAM_cub_progressive_noise/noise_080/lightning_logs/version_0/intervention_results.csv
cub,80,0.7999979454306377,False,98.0,0.6965826749801636,/home/dani00003/mCREAM/experiments/CUB/train_cbm/Standard_CUB/cub_progressive_noise/CREAM_cub_progressive_noise/noise_080/lightning_logs/version_0/intervention_results.csv
cub,80,0.7999979454306377,False,99.0,0.6910597085952759,/home/dani00003/mCREAM/experiments/CUB/train_cbm/Standard_CUB/cub_progressive_noise/CREAM_cub_progressive_noise/noise_080/lightning_logs/version_0/intervention_results.csv
cub,80,0.7999979454306377,False,100.0,0.6915774941444397,/home/dani00003/mCREAM/experiments/CUB/train_cbm/Standard_CUB/cub_progressive_noise/CREAM_cub_progressive_noise/noise_080/lightning_logs/version_0/intervention_results.csv
cub,80,0.7999979454306377,False,101.0,0.6912323236465454,/home/dani00003/mCREAM/experiments/CUB/train_cbm/Standard_CUB/cub_progressive_noise/CREAM_cub_progressive_noise/noise_080/lightning_logs/version_0/intervention_results.csv
cub,80,0.7999979454306377,False,102.0,0.6901967525482178,/home/dani00003/mCREAM/experiments/CUB/train_cbm/Standard_CUB/cub_progressive_noise/CREAM_cub_progressive_noise/noise_080/lightning_logs/version_0/intervention_results.csv
cub,80,0.7999979454306377,False,103.0,0.6858819127082825,/home/dani00003/mCREAM/experiments/CUB/train_cbm/Standard_CUB/cub_progressive_noise/CREAM_cub_progressive_noise/noise_080/lightning_logs/version_0/intervention_results.csv
cub,80,0.7999979454306377,False,104.0,0.6886433959007263,/home/dani00003/mCREAM/experiments/CUB/train_cbm/Standard_CUB/cub_progressive_noise/CREAM_cub_progressive_noise/noise_080/lightning_logs/version_0/intervention_results.csv
cub,80,0.7999979454306377,False,105.0,0.6839834451675415,/home/dani00003/mCREAM/experiments/CUB/train_cbm/Standard_CUB/cub_progressive_noise/CREAM_cub_progressive_noise/noise_080/lightning_logs/version_0/intervention_results.csv
cub,80,0.7999979454306377,False,106.0,0.6863996982574463,/home/dani00003/mCREAM/experiments/CUB/train_cbm/Standard_CUB/cub_progressive_noise/CREAM_cub_progressive_noise/noise_080/lightning_logs/version_0/intervention_results.csv
cub,80,0.7999979454306377,False,107.0,0.6831204891204834,/home/dani00003/mCREAM/experiments/CUB/train_cbm/Standard_CUB/cub_progressive_noise/CREAM_cub_progressive_noise/noise_080/lightning_logs/version_0/intervention_results.csv
cub,80,0.7999979454306377,False,108.0,0.6843286156654358,/home/dani00003/mCREAM/experiments/CUB/train_cbm/Standard_CUB/cub_progressive_noise/CREAM_cub_progressive_noise/noise_080/lightning_logs/version_0/intervention_results.csv
cub,80,0.7999979454306377,False,109.0,0.6820849180221558,/home/dani00003/mCREAM/experiments/CUB/train_cbm/Standard_CUB/cub_progressive_noise/CREAM_cub_progressive_noise/noise_080/lightning_logs/version_0/intervention_results.csv
cub,80,0.7999979454306377,False,110.0,0.68018639087677,/home/dani00003/mCREAM/experiments/CUB/train_cbm/Standard_CUB/cub_progressive_noise/CREAM_cub_progressive_noise/noise_080/lightning_logs/version_0/intervention_results.csv
cub,80,0.7999979454306377,False,111.0,0.6786330938339233,/home/dani00003/mCREAM/experiments/CUB/train_cbm/Standard_CUB/cub_progressive_noise/CREAM_cub_progressive_noise/noise_080/lightning_logs/version_0/intervention_results.csv
cub,80,0.7999979454306377,False,112.0,0.6774249076843262,/home/dani00003/mCREAM/experiments/CUB/train_cbm/Standard_CUB/cub_progressive_noise/CREAM_cub_progressive_noise/noise_080/lightning_logs/version_0/intervention_results.csv
cub,80,0.7999979454306377,True,0.0,0.7105626463890076,/home/dani00003/mCREAM/experiments/CUB/train_cbm/Standard_CUB/cub_progressive_noise/CREAM_cub_progressive_noise/noise_080/lightning_logs/version_0/intervention_results.csv
cub,80,0.7999979454306377,True,1.0,0.7126337289810181,/home/dani00003/mCREAM/experiments/CUB/train_cbm/Standard_CUB/cub_progressive_noise/CREAM_cub_progressive_noise/noise_080/lightning_logs/version_0/intervention_results.csv
cub,80,0.7999979454306377,True,2.0,0.7141870856285095,/home/dani00003/mCREAM/experiments/CUB/train_cbm/Standard_CUB/cub_progressive_noise/CREAM_cub_progressive_noise/noise_080/lightning_logs/version_0/intervention_results.csv
cub,80,0.7999979454306377,True,3.0,0.714359700679779,/home/dani00003/mCREAM/experiments/CUB/train_cbm/Standard_CUB/cub_progressive_noise/CREAM_cub_progressive_noise/noise_080/lightning_logs/version_0/intervention_results.csv
cub,80,0.7999979454306377,True,4.0,0.7176389098167419,/home/dani00003/mCREAM/experiments/CUB/train_cbm/Standard_CUB/cub_progressive_noise/CREAM_cub_progressive_noise/noise_080/lightning_logs/version_0/intervention_results.csv
cub,80,0.7999979454306377,True,5.0,0.7231618762016296,/home/dani00003/mCREAM/experiments/CUB/train_cbm/Standard_CUB/cub_progressive_noise/CREAM_cub_progressive_noise/noise_080/lightning_logs/version_0/intervention_results.csv
cub,80,0.7999979454306377,True,6.0,0.721608579158783,/home/dani00003/mCREAM/experiments/CUB/train_cbm/Standard_CUB/cub_progressive_noise/CREAM_cub_progressive_noise/noise_080/lightning_logs/version_0/intervention_results.csv
cub,80,0.7999979454306377,True,7.0,0.7169485688209534,/home/dani00003/mCREAM/experiments/CUB/train_cbm/Standard_CUB/cub_progressive_noise/CREAM_cub_progressive_noise/noise_080/lightning_logs/version_0/intervention_results.csv
cub,80,0.7999979454306377,True,8.0,0.7245426177978516,/home/dani00003/mCREAM/experiments/CUB/train_cbm/Standard_CUB/cub_progressive_noise/CREAM_cub_progressive_noise/noise_080/lightning_logs/version_0/intervention_results.csv
cub,80,0.7999979454306377,True,9.0,0.7231618762016296,/home/dani00003/mCREAM/experiments/CUB/train_cbm/Standard_CUB/cub_progressive_noise/CREAM_cub_progressive_noise/noise_080/lightning_logs/version_0/intervention_results.csv
cub,80,0.7999979454306377,True,10.0,0.7274767160415649,/home/dani00003/mCREAM/experiments/CUB/train_cbm/Standard_CUB/cub_progressive_noise/CREAM_cub_progressive_noise/noise_080/lightning_logs/version_0/intervention_results.csv
cub,80,0.7999979454306377,True,11.0,0.7243700623512268,/home/dani00003/mCREAM/experiments/CUB/train_cbm/Standard_CUB/cub_progressive_noise/CREAM_cub_progressive_noise/noise_080/lightning_logs/version_0/intervention_results.csv
cub,80,0.7999979454306377,True,12.0,0.719882607460022,/home/dani00003/mCREAM/experiments/CUB/train_cbm/Standard_CUB/cub_progressive_noise/CREAM_cub_progressive_noise/noise_080/lightning_logs/version_0/intervention_results.csv
cub,80,0.7999979454306377,True,13.0,0.7200552225112915,/home/dani00003/mCREAM/experiments/CUB/train_cbm/Standard_CUB/cub_progressive_noise/CREAM_cub_progressive_noise/noise_080/lightning_logs/version_0/intervention_results.csv
cub,80,0.7999979454306377,True,14.0,0.7217811346054077,/home/dani00003/mCREAM/experiments/CUB/train_cbm/Standard_CUB/cub_progressive_noise/CREAM_cub_progressive_noise/noise_080/lightning_logs/version_0/intervention_results.csv
cub,80,0.7999979454306377,True,15.0,0.7209181785583496,/home/dani00003/mCREAM/experiments/CUB/train_cbm/Standard_CUB/cub_progressive_noise/CREAM_cub_progressive_noise/noise_080/lightning_logs/version_0/intervention_results.csv
cub,80,0.7999979454306377,True,16.0,0.7185018658638,/home/dani00003/mCREAM/experiments/CUB/train_cbm/Standard_CUB/cub_progressive_noise/CREAM_cub_progressive_noise/noise_080/lightning_logs/version_0/intervention_results.csv
cub,80,0.7999979454306377,True,17.0,0.7167759537696838,/home/dani00003/mCREAM/experiments/CUB/train_cbm/Standard_CUB/cub_progressive_noise/CREAM_cub_progressive_noise/noise_080/lightning_logs/version_0/intervention_results.csv
cub,80,0.7999979454306377,True,18.0,0.7119433879852295,/home/dani00003/mCREAM/experiments/CUB/train_cbm/Standard_CUB/cub_progressive_noise/CREAM_cub_progressive_noise/noise_080/lightning_logs/version_0/intervention_results.csv
cub,80,0.7999979454306377,True,19.0,0.7153952121734619,/home/dani00003/mCREAM/experiments/CUB/train_cbm/Standard_CUB/cub_progressive_noise/CREAM_cub_progressive_noise/noise_080/lightning_logs/version_0/intervention_results.csv
cub,80,0.7999979454306377,True,20.0,0.7072833776473999,/home/dani00003/mCREAM/experiments/CUB/train_cbm/Standard_CUB/cub_progressive_noise/CREAM_cub_progressive_noise/noise_080/lightning_logs/version_0/intervention_results.csv
cub,80,0.7999979454306377,True,21.0,0.7050396800041199,/home/dani00003/mCREAM/experiments/CUB/train_cbm/Standard_CUB/cub_progressive_noise/CREAM_cub_progressive_noise/noise_080/lightning_logs/version_0/intervention_results.csv
cub,80,0.7999979454306377,True,22.0,0.7128063440322876,/home/dani00003/mCREAM/experiments/CUB/train_cbm/Standard_CUB/cub_progressive_noise/CREAM_cub_progressive_noise/noise_080/lightning_logs/version_0/intervention_results.csv
cub,80,0.7999979454306377,True,23.0,0.696410059928894,/home/dani00003/mCREAM/experiments/CUB/train_cbm/Standard_CUB/cub_progressive_noise/CREAM_cub_progressive_noise/noise_080/lightning_logs/version_0/intervention_results.csv
cub,80,0.7999979454306377,True,24.0,0.6907145380973816,/home/dani00003/mCREAM/experiments/CUB/train_cbm/Standard_CUB/cub_progressive_noise/CREAM_cub_progressive_noise/noise_080/lightning_logs/version_0/intervention_results.csv
cub,80,0.7999979454306377,True,25.0,0.6895063519477844,/home/dani00003/mCREAM/experiments/CUB/train_cbm/Standard_CUB/cub_progressive_noise/CREAM_cub_progressive_noise/noise_080/lightning_logs/version_0/intervention_results.csv
cub,90,0.9000041091387245,False,0.0,0.696410059928894,/home/dani00003/mCREAM/experiments/CUB/train_cbm/Standard_CUB/cub_progressive_noise/CREAM_cub_progressive_noise/noise_090/lightning_logs/version_0/intervention_results.csv
cub,90,0.9000041091387245,False,1.0,0.6960648894309998,/home/dani00003/mCREAM/experiments/CUB/train_cbm/Standard_CUB/cub_progressive_noise/CREAM_cub_progressive_noise/noise_090/lightning_logs/version_0/intervention_results.csv
cub,90,0.9000041091387245,False,2.0,0.6993441581726074,/home/dani00003/mCREAM/experiments/CUB/train_cbm/Standard_CUB/cub_progressive_noise/CREAM_cub_progressive_noise/noise_090/lightning_logs/version_0/intervention_results.csv
cub,90,0.9000041091387245,False,3.0,0.6958922743797302,/home/dani00003/mCREAM/experiments/CUB/train_cbm/Standard_CUB/cub_progressive_noise/CREAM_cub_progressive_noise/noise_090/lightning_logs/version_0/intervention_results.csv
cub,90,0.9000041091387245,False,4.0,0.6943389773368835,/home/dani00003/mCREAM/experiments/CUB/train_cbm/Standard_CUB/cub_progressive_noise/CREAM_cub_progressive_noise/noise_090/lightning_logs/version_0/intervention_results.csv
cub,90,0.9000041091387245,False,5.0,0.6962375044822693,/home/dani00003/mCREAM/experiments/CUB/train_cbm/Standard_CUB/cub_progressive_noise/CREAM_cub_progressive_noise/noise_090/lightning_logs/version_0/intervention_results.csv
cub,90,0.9000041091387245,False,6.0,0.6969278454780579,/home/dani00003/mCREAM/experiments/CUB/train_cbm/Standard_CUB/cub_progressive_noise/CREAM_cub_progressive_noise/noise_090/lightning_logs/version_0/intervention_results.csv
cub,90,0.9000041091387245,False,7.0,0.6950293183326721,/home/dani00003/mCREAM/experiments/CUB/train_cbm/Standard_CUB/cub_progressive_noise/CREAM_cub_progressive_noise/noise_090/lightning_logs/version_0/intervention_results.csv
cub,90,0.9000041091387245,False,8.0,0.6958922743797302,/home/dani00003/mCREAM/experiments/CUB/train_cbm/Standard_CUB/cub_progressive_noise/CREAM_cub_progressive_noise/noise_090/lightning_logs/version_0/intervention_results.csv
cub,90,0.9000041091387245,False,9.0,0.6952019333839417,/home/dani00003/mCREAM/experiments/CUB/train_cbm/Standard_CUB/cub_progressive_noise/CREAM_cub_progressive_noise/noise_090/lightning_logs/version_0/intervention_results.csv
cub,90,0.9000041091387245,False,10.0,0.6962375044822693,/home/dani00003/mCREAM/experiments/CUB/train_cbm/Standard_CUB/cub_progressive_noise/CREAM_cub_progressive_noise/noise_090/lightning_logs/version_0/intervention_results.csv
cub,90,0.9000041091387245,False,11.0,0.6962375044822693,/home/dani00003/mCREAM/experiments/CUB/train_cbm/Standard_CUB/cub_progressive_noise/CREAM_cub_progressive_noise/noise_090/lightning_logs/version_0/intervention_results.csv
cub,90,0.9000041091387245,False,12.0,0.6938211917877197,/home/dani00003/mCREAM/experiments/CUB/train_cbm/Standard_CUB/cub_progressive_noise/CREAM_cub_progressive_noise/noise_090/lightning_logs/version_0/intervention_results.csv
cub,90,0.9000041091387245,False,13.0,0.6979634165763855,/home/dani00003/mCREAM/experiments/CUB/train_cbm/Standard_CUB/cub_progressive_noise/CREAM_cub_progressive_noise/noise_090/lightning_logs/version_0/intervention_results.csv
cub,90,0.9000041091387245,False,14.0,0.6984812021255493,/home/dani00003/mCREAM/experiments/CUB/train_cbm/Standard_CUB/cub_progressive_noise/CREAM_cub_progressive_noise/noise_090/lightning_logs/version_0/intervention_results.csv
cub,90,0.9000041091387245,False,15.0,0.6917501091957092,/home/dani00003/mCREAM/experiments/CUB/train_cbm/Standard_CUB/cub_progressive_noise/CREAM_cub_progressive_noise/noise_090/lightning_logs/version_0/intervention_results.csv
cub,90,0.9000041091387245,False,16.0,0.6996893286705017,/home/dani00003/mCREAM/experiments/CUB/train_cbm/Standard_CUB/cub_progressive_noise/CREAM_cub_progressive_noise/noise_090/lightning_logs/version_0/intervention_results.csv
cub,90,0.9000041091387245,False,17.0,0.700034499168396,/home/dani00003/mCREAM/experiments/CUB/train_cbm/Standard_CUB/cub_progressive_noise/CREAM_cub_progressive_noise/noise_090/lightning_logs/version_0/intervention_results.csv
cub,90,0.9000041091387245,False,18.0,0.6962375044822693,/home/dani00003/mCREAM/experiments/CUB/train_cbm/Standard_CUB/cub_progressive_noise/CREAM_cub_progressive_noise/noise_090/lightning_logs/version_0/intervention_results.csv
cub,90,0.9000041091387245,False,19.0,0.696410059928894,/home/dani00003/mCREAM/experiments/CUB/train_cbm/Standard_CUB/cub_progressive_noise/CREAM_cub_progressive_noise/noise_090/lightning_logs/version_0/intervention_results.csv
cub,90,0.9000041091387245,False,20.0,0.6962375044822693,/home/dani00003/mCREAM/experiments/CUB/train_cbm/Standard_CUB/cub_progressive_noise/CREAM_cub_progressive_noise/noise_090/lightning_logs/version_0/intervention_results.csv
cub,90,0.9000041091387245,False,21.0,0.6976182460784912,/home/dani00003/mCREAM/experiments/CUB/train_cbm/Standard_CUB/cub_progressive_noise/CREAM_cub_progressive_noise/noise_090/lightning_logs/version_0/intervention_results.csv
cub,90,0.9000041091387245,False,22.0,0.697790801525116,/home/dani00003/mCREAM/experiments/CUB/train_cbm/Standard_CUB/cub_progressive_noise/CREAM_cub_progressive_noise/noise_090/lightning_logs/version_0/intervention_results.csv
cub,90,0.9000041091387245,False,23.0,0.6957197189331055,/home/dani00003/mCREAM/experiments/CUB/train_cbm/Standard_CUB/cub_progressive_noise/CREAM_cub_progressive_noise/noise_090/lightning_logs/version_0/intervention_results.csv
cub,90,0.9000041091387245,False,24.0,0.6953745484352112,/home/dani00003/mCREAM/experiments/CUB/train_cbm/Standard_CUB/cub_progressive_noise/CREAM_cub_progressive_noise/noise_090/lightning_logs/version_0/intervention_results.csv
cub,90,0.9000041091387245,False,25.0,0.697790801525116,/home/dani00003/mCREAM/experiments/CUB/train_cbm/Standard_CUB/cub_progressive_noise/CREAM_cub_progressive_noise/noise_090/lightning_logs/version_0/intervention_results.csv
cub,90,0.9000041091387245,False,26.0,0.6952019333839417,/home/dani00003/mCREAM/experiments/CUB/train_cbm/Standard_CUB/cub_progressive_noise/CREAM_cub_progressive_noise/noise_090/lightning_logs/version_0/intervention_results.csv
cub,90,0.9000041091387245,False,27.0,0.6938211917877197,/home/dani00003/mCREAM/experiments/CUB/train_cbm/Standard_CUB/cub_progressive_noise/CREAM_cub_progressive_noise/noise_090/lightning_logs/version_0/intervention_results.csv
cub,90,0.9000041091387245,False,28.0,0.6971004605293274,/home/dani00003/mCREAM/experiments/CUB/train_cbm/Standard_CUB/cub_progressive_noise/CREAM_cub_progressive_noise/noise_090/lightning_logs/version_0/intervention_results.csv
cub,90,0.9000041091387245,False,29.0,0.6955471038818359,/home/dani00003/mCREAM/experiments/CUB/train_cbm/Standard_CUB/cub_progressive_noise/CREAM_cub_progressive_noise/noise_090/lightning_logs/version_0/intervention_results.csv
cub,90,0.9000041091387245,False,30.0,0.6981359720230103,/home/dani00003/mCREAM/experiments/CUB/train_cbm/Standard_CUB/cub_progressive_noise/CREAM_cub_progressive_noise/noise_090/lightning_logs/version_0/intervention_results.csv
cub,90,0.9000041091387245,False,31.0,0.6936485767364502,/home/dani00003/mCREAM/experiments/CUB/train_cbm/Standard_CUB/cub_progressive_noise/CREAM_cub_progressive_noise/noise_090/lightning_logs/version_0/intervention_results.csv
cub,90,0.9000041091387245,False,32.0,0.6967552304267883,/home/dani00003/mCREAM/experiments/CUB/train_cbm/Standard_CUB/cub_progressive_noise/CREAM_cub_progressive_noise/noise_090/lightning_logs/version_0/intervention_results.csv
cub,90,0.9000041091387245,False,33.0,0.6914048790931702,/home/dani00003/mCREAM/experiments/CUB/train_cbm/Standard_CUB/cub_progressive_noise/CREAM_cub_progressive_noise/noise_090/lightning_logs/version_0/intervention_results.csv
cub,90,0.9000041091387245,False,34.0,0.7005522847175598,/home/dani00003/mCREAM/experiments/CUB/train_cbm/Standard_CUB/cub_progressive_noise/CREAM_cub_progressive_noise/noise_090/lightning_logs/version_0/intervention_results.csv
cub,90,0.9000041091387245,False,35.0,0.6953745484352112,/home/dani00003/mCREAM/experiments/CUB/train_cbm/Standard_CUB/cub_progressive_noise/CREAM_cub_progressive_noise/noise_090/lightning_logs/version_0/intervention_results.csv
cub,90,0.9000041091387245,False,36.0,0.6931307911872864,/home/dani00003/mCREAM/experiments/CUB/train_cbm/Standard_CUB/cub_progressive_noise/CREAM_cub_progressive_noise/noise_090/lightning_logs/version_0/intervention_results.csv
cub,90,0.9000041091387245,False,37.0,0.6910597085952759,/home/dani00003/mCREAM/experiments/CUB/train_cbm/Standard_CUB/cub_progressive_noise/CREAM_cub_progressive_noise/noise_090/lightning_logs/version_0/intervention_results.csv
cub,90,0.9000041091387245,False,38.0,0.6943389773368835,/home/dani00003/mCREAM/experiments/CUB/train_cbm/Standard_CUB/cub_progressive_noise/CREAM_cub_progressive_noise/noise_090/lightning_logs/version_0/intervention_results.csv
cub,90,0.9000041091387245,False,39.0,0.6924404501914978,/home/dani00003/mCREAM/experiments/CUB/train_cbm/Standard_CUB/cub_progressive_noise/CREAM_cub_progressive_noise/noise_090/lightning_logs/version_0/intervention_results.csv
cub,90,0.9000041091387245,False,40.0,0.6931307911872864,/home/dani00003/mCREAM/experiments/CUB/train_cbm/Standard_CUB/cub_progressive_noise/CREAM_cub_progressive_noise/noise_090/lightning_logs/version_0/intervention_results.csv
cub,90,0.9000041091387245,False,41.0,0.6989989876747131,/home/dani00003/mCREAM/experiments/CUB/train_cbm/Standard_CUB/cub_progressive_noise/CREAM_cub_progressive_noise/noise_090/lightning_logs/version_0/intervention_results.csv
cub,90,0.9000041091387245,False,42.0,0.6943389773368835,/home/dani00003/mCREAM/experiments/CUB/train_cbm/Standard_CUB/cub_progressive_noise/CREAM_cub_progressive_noise/noise_090/lightning_logs/version_0/intervention_results.csv
cub,90,0.9000041091387245,False,43.0,0.6948567628860474,/home/dani00003/mCREAM/experiments/CUB/train_cbm/Standard_CUB/cub_progressive_noise/CREAM_cub_progressive_noise/noise_090/lightning_logs/version_0/intervention_results.csv
cub,90,0.9000041091387245,False,44.0,0.6926130652427673,/home/dani00003/mCREAM/experiments/CUB/train_cbm/Standard_CUB/cub_progressive_noise/CREAM_cub_progressive_noise/noise_090/lightning_logs/version_0/intervention_results.csv
cub,90,0.9000041091387245,False,45.0,0.6917501091957092,/home/dani00003/mCREAM/experiments/CUB/train_cbm/Standard_CUB/cub_progressive_noise/CREAM_cub_progressive_noise/noise_090/lightning_logs/version_0/intervention_results.csv
cub,90,0.9000041091387245,False,46.0,0.6943389773368835,/home/dani00003/mCREAM/experiments/CUB/train_cbm/Standard_CUB/cub_progressive_noise/CREAM_cub_progressive_noise/noise_090/lightning_logs/version_0/intervention_results.csv
cub,90,0.9000041091387245,False,47.0,0.6908870935440063,/home/dani00003/mCREAM/experiments/CUB/train_cbm/Standard_CUB/cub_progressive_noise/CREAM_cub_progressive_noise/noise_090/lightning_logs/version_0/intervention_results.csv
cub,90,0.9000041091387245,False,48.0,0.6907145380973816,/home/dani00003/mCREAM/experiments/CUB/train_cbm/Standard_CUB/cub_progressive_noise/CREAM_cub_progressive_noise/noise_090/lightning_logs/version_0/intervention_results.csv
cub,90,0.9000041091387245,False,49.0,0.6926130652427673,/home/dani00003/mCREAM/experiments/CUB/train_cbm/Standard_CUB/cub_progressive_noise/CREAM_cub_progressive_noise/noise_090/lightning_logs/version_0/intervention_results.csv
cub,90,0.9000041091387245,False,50.0,0.6910597085952759,/home/dani00003/mCREAM/experiments/CUB/train_cbm/Standard_CUB/cub_progressive_noise/CREAM_cub_progressive_noise/noise_090/lightning_logs/version_0/intervention_results.csv
cub,90,0.9000041091387245,False,51.0,0.6962375044822693,/home/dani00003/mCREAM/experiments/CUB/train_cbm/Standard_CUB/cub_progressive_noise/CREAM_cub_progressive_noise/noise_090/lightning_logs/version_0/intervention_results.csv
cub,90,0.9000041091387245,False,52.0,0.6927856206893921,/home/dani00003/mCREAM/experiments/CUB/train_cbm/Standard_CUB/cub_progressive_noise/CREAM_cub_progressive_noise/noise_090/lightning_logs/version_0/intervention_results.csv
cub,90,0.9000041091387245,False,53.0,0.6962375044822693,/home/dani00003/mCREAM/experiments/CUB/train_cbm/Standard_CUB/cub_progressive_noise/CREAM_cub_progressive_noise/noise_090/lightning_logs/version_0/intervention_results.csv
cub,90,0.9000041091387245,False,54.0,0.6929582357406616,/home/dani00003/mCREAM/experiments/CUB/train_cbm/Standard_CUB/cub_progressive_noise/CREAM_cub_progressive_noise/noise_090/lightning_logs/version_0/intervention_results.csv
cub,90,0.9000041091387245,False,55.0,0.694166362285614,/home/dani00003/mCREAM/experiments/CUB/train_cbm/Standard_CUB/cub_progressive_noise/CREAM_cub_progressive_noise/noise_090/lightning_logs/version_0/intervention_results.csv
cub,90,0.9000041091387245,False,56.0,0.6955471038818359,/home/dani00003/mCREAM/experiments/CUB/train_cbm/Standard_CUB/cub_progressive_noise/CREAM_cub_progressive_noise/noise_090/lightning_logs/version_0/intervention_results.csv
cub,90,0.9000041091387245,False,57.0,0.6893337965011597,/home/dani00003/mCREAM/experiments/CUB/train_cbm/Standard_CUB/cub_progressive_noise/CREAM_cub_progressive_noise/noise_090/lightning_logs/version_0/intervention_results.csv
cub,90,0.9000041091387245,False,58.0,0.688298225402832,/home/dani00003/mCREAM/experiments/CUB/train_cbm/Standard_CUB/cub_progressive_noise/CREAM_cub_progressive_noise/noise_090/lightning_logs/version_0/intervention_results.csv
cub,90,0.9000041091387245,False,59.0,0.6971004605293274,/home/dani00003/mCREAM/experiments/CUB/train_cbm/Standard_CUB/cub_progressive_noise/CREAM_cub_progressive_noise/noise_090/lightning_logs/version_0/intervention_results.csv
cub,90,0.9000041091387245,False,60.0,0.6827752590179443,/home/dani00003/mCREAM/experiments/CUB/train_cbm/Standard_CUB/cub_progressive_noise/CREAM_cub_progressive_noise/noise_090/lightning_logs/version_0/intervention_results.csv
cub,90,0.9000041091387245,False,61.0,0.6912323236465454,/home/dani00003/mCREAM/experiments/CUB/train_cbm/Standard_CUB/cub_progressive_noise/CREAM_cub_progressive_noise/noise_090/lightning_logs/version_0/intervention_results.csv
cub,90,0.9000041091387245,False,62.0,0.6869174838066101,/home/dani00003/mCREAM/experiments/CUB/train_cbm/Standard_CUB/cub_progressive_noise/CREAM_cub_progressive_noise/noise_090/lightning_logs/version_0/intervention_results.csv
cub,90,0.9000041091387245,False,63.0,0.691922664642334,/home/dani00003/mCREAM/experiments/CUB/train_cbm/Standard_CUB/cub_progressive_noise/CREAM_cub_progressive_noise/noise_090/lightning_logs/version_0/intervention_results.csv
cub,90,0.9000041091387245,False,64.0,0.6874352693557739,/home/dani00003/mCREAM/experiments/CUB/train_cbm/Standard_CUB/cub_progressive_noise/CREAM_cub_progressive_noise/noise_090/lightning_logs/version_0/intervention_results.csv
cub,90,0.9000041091387245,False,65.0,0.6841560006141663,/home/dani00003/mCREAM/experiments/CUB/train_cbm/Standard_CUB/cub_progressive_noise/CREAM_cub_progressive_noise/noise_090/lightning_logs/version_0/intervention_results.csv
cub,90,0.9000041091387245,False,66.0,0.6945115327835083,/home/dani00003/mCREAM/experiments/CUB/train_cbm/Standard_CUB/cub_progressive_noise/CREAM_cub_progressive_noise/noise_090/lightning_logs/version_0/intervention_results.csv
cub,90,0.9000041091387245,False,67.0,0.6879530549049377,/home/dani00003/mCREAM/experiments/CUB/train_cbm/Standard_CUB/cub_progressive_noise/CREAM_cub_progressive_noise/noise_090/lightning_logs/version_0/intervention_results.csv
cub,90,0.9000041091387245,False,68.0,0.6862271428108215,/home/dani00003/mCREAM/experiments/CUB/train_cbm/Standard_CUB/cub_progressive_noise/CREAM_cub_progressive_noise/noise_090/lightning_logs/version_0/intervention_results.csv
cub,90,0.9000041091387245,False,69.0,0.6884708404541016,/home/dani00003/mCREAM/experiments/CUB/train_cbm/Standard_CUB/cub_progressive_noise/CREAM_cub_progressive_noise/noise_090/lightning_logs/version_0/intervention_results.csv
cub,90,0.9000041091387245,False,70.0,0.6915774941444397,/home/dani00003/mCREAM/experiments/CUB/train_cbm/Standard_CUB/cub_progressive_noise/CREAM_cub_progressive_noise/noise_090/lightning_logs/version_0/intervention_results.csv
cub,90,0.9000041091387245,False,71.0,0.6900241374969482,/home/dani00003/mCREAM/experiments/CUB/train_cbm/Standard_CUB/cub_progressive_noise/CREAM_cub_progressive_noise/noise_090/lightning_logs/version_0/intervention_results.csv
cub,90,0.9000041091387245,False,72.0,0.6893337965011597,/home/dani00003/mCREAM/experiments/CUB/train_cbm/Standard_CUB/cub_progressive_noise/CREAM_cub_progressive_noise/noise_090/lightning_logs/version_0/intervention_results.csv
cub,90,0.9000041091387245,False,73.0,0.6855367422103882,/home/dani00003/mCREAM/experiments/CUB/train_cbm/Standard_CUB/cub_progressive_noise/CREAM_cub_progressive_noise/noise_090/lightning_logs/version_0/intervention_results.csv
cub,90,0.9000041091387245,False,74.0,0.6851915717124939,/home/dani00003/mCREAM/experiments/CUB/train_cbm/Standard_CUB/cub_progressive_noise/CREAM_cub_progressive_noise/noise_090/lightning_logs/version_0/intervention_results.csv
cub,90,0.9000041091387245,False,75.0,0.6877804398536682,/home/dani00003/mCREAM/experiments/CUB/train_cbm/Standard_CUB/cub_progressive_noise/CREAM_cub_progressive_noise/noise_090/lightning_logs/version_0/intervention_results.csv
cub,90,0.9000041091387245,False,76.0,0.6848464012145996,/home/dani00003/mCREAM/experiments/CUB/train_cbm/Standard_CUB/cub_progressive_noise/CREAM_cub_progressive_noise/noise_090/lightning_logs/version_0/intervention_results.csv
cub,90,0.9000041091387245,False,77.0,0.691922664642334,/home/dani00003/mCREAM/experiments/CUB/train_cbm/Standard_CUB/cub_progressive_noise/CREAM_cub_progressive_noise/noise_090/lightning_logs/version_0/intervention_results.csv
cub,90,0.9000041091387245,False,78.0,0.6817397475242615,/home/dani00003/mCREAM/experiments/CUB/train_cbm/Standard_CUB/cub_progressive_noise/CREAM_cub_progressive_noise/noise_090/lightning_logs/version_0/intervention_results.csv
cub,90,0.9000041091387245,False,79.0,0.6831204891204834,/home/dani00003/mCREAM/experiments/CUB/train_cbm/Standard_CUB/cub_progressive_noise/CREAM_cub_progressive_noise/noise_090/lightning_logs/version_0/intervention_results.csv
cub,90,0.9000041091387245,False,80.0,0.6886433959007263,/home/dani00003/mCREAM/experiments/CUB/train_cbm/Standard_CUB/cub_progressive_noise/CREAM_cub_progressive_noise/noise_090/lightning_logs/version_0/intervention_results.csv
cub,90,0.9000041091387245,False,81.0,0.6834656596183777,/home/dani00003/mCREAM/experiments/CUB/train_cbm/Standard_CUB/cub_progressive_noise/CREAM_cub_progressive_noise/noise_090/lightning_logs/version_0/intervention_results.csv
cub,90,0.9000041091387245,False,82.0,0.686054527759552,/home/dani00003/mCREAM/experiments/CUB/train_cbm/Standard_CUB/cub_progressive_noise/CREAM_cub_progressive_noise/noise_090/lightning_logs/version_0/intervention_results.csv
cub,90,0.9000041091387245,False,83.0,0.6901967525482178,/home/dani00003/mCREAM/experiments/CUB/train_cbm/Standard_CUB/cub_progressive_noise/CREAM_cub_progressive_noise/noise_090/lightning_logs/version_0/intervention_results.csv
cub,90,0.9000041091387245,False,84.0,0.6874352693557739,/home/dani00003/mCREAM/experiments/CUB/train_cbm/Standard_CUB/cub_progressive_noise/CREAM_cub_progressive_noise/noise_090/lightning_logs/version_0/intervention_results.csv
cub,90,0.9000041091387245,False,85.0,0.6813945174217224,/home/dani00003/mCREAM/experiments/CUB/train_cbm/Standard_CUB/cub_progressive_noise/CREAM_cub_progressive_noise/noise_090/lightning_logs/version_0/intervention_results.csv
cub,90,0.9000041091387245,False,86.0,0.6853641867637634,/home/dani00003/mCREAM/experiments/CUB/train_cbm/Standard_CUB/cub_progressive_noise/CREAM_cub_progressive_noise/noise_090/lightning_logs/version_0/intervention_results.csv
cub,90,0.9000041091387245,False,87.0,0.683810830116272,/home/dani00003/mCREAM/experiments/CUB/train_cbm/Standard_CUB/cub_progressive_noise/CREAM_cub_progressive_noise/noise_090/lightning_logs/version_0/intervention_results.csv
cub,90,0.9000041091387245,False,88.0,0.68018639087677,/home/dani00003/mCREAM/experiments/CUB/train_cbm/Standard_CUB/cub_progressive_noise/CREAM_cub_progressive_noise/noise_090/lightning_logs/version_0/intervention_results.csv
cub,90,0.9000041091387245,False,89.0,0.68243008852005,/home/dani00003/mCREAM/experiments/CUB/train_cbm/Standard_CUB/cub_progressive_noise/CREAM_cub_progressive_noise/noise_090/lightning_logs/version_0/intervention_results.csv
cub,90,0.9000041091387245,False,90.0,0.6812219619750977,/home/dani00003/mCREAM/experiments/CUB/train_cbm/Standard_CUB/cub_progressive_noise/CREAM_cub_progressive_noise/noise_090/lightning_logs/version_0/intervention_results.csv
cub,90,0.9000041091387245,False,91.0,0.67794269323349,/home/dani00003/mCREAM/experiments/CUB/train_cbm/Standard_CUB/cub_progressive_noise/CREAM_cub_progressive_noise/noise_090/lightning_logs/version_0/intervention_results.csv
cub,90,0.9000041091387245,False,92.0,0.6807041764259338,/home/dani00003/mCREAM/experiments/CUB/train_cbm/Standard_CUB/cub_progressive_noise/CREAM_cub_progressive_noise/noise_090/lightning_logs/version_0/intervention_results.csv
cub,90,0.9000041091387245,False,93.0,0.6772523522377014,/home/dani00003/mCREAM/experiments/CUB/train_cbm/Standard_CUB/cub_progressive_noise/CREAM_cub_progressive_noise/noise_090/lightning_logs/version_0/intervention_results.csv
cub,90,0.9000041091387245,False,94.0,0.6793234348297119,/home/dani00003/mCREAM/experiments/CUB/train_cbm/Standard_CUB/cub_progressive_noise/CREAM_cub_progressive_noise/noise_090/lightning_logs/version_0/intervention_results.csv
cub,90,0.9000041091387245,False,95.0,0.67794269323349,/home/dani00003/mCREAM/experiments/CUB/train_cbm/Standard_CUB/cub_progressive_noise/CREAM_cub_progressive_noise/noise_090/lightning_logs/version_0/intervention_results.csv
cub,90,0.9000041091387245,False,96.0,0.6758716106414795,/home/dani00003/mCREAM/experiments/CUB/train_cbm/Standard_CUB/cub_progressive_noise/CREAM_cub_progressive_noise/noise_090/lightning_logs/version_0/intervention_results.csv
cub,90,0.9000041091387245,False,97.0,0.6810493469238281,/home/dani00003/mCREAM/experiments/CUB/train_cbm/Standard_CUB/cub_progressive_noise/CREAM_cub_progressive_noise/noise_090/lightning_logs/version_0/intervention_results.csv
cub,90,0.9000041091387245,False,98.0,0.6786330938339233,/home/dani00003/mCREAM/experiments/CUB/train_cbm/Standard_CUB/cub_progressive_noise/CREAM_cub_progressive_noise/noise_090/lightning_logs/version_0/intervention_results.csv
cub,90,0.9000041091387245,False,99.0,0.6719019412994385,/home/dani00003/mCREAM/experiments/CUB/train_cbm/Standard_CUB/cub_progressive_noise/CREAM_cub_progressive_noise/noise_090/lightning_logs/version_0/intervention_results.csv
cub,90,0.9000041091387245,False,100.0,0.6770797371864319,/home/dani00003/mCREAM/experiments/CUB/train_cbm/Standard_CUB/cub_progressive_noise/CREAM_cub_progressive_noise/noise_090/lightning_logs/version_0/intervention_results.csv
cub,90,0.9000041091387245,False,101.0,0.67794269323349,/home/dani00003/mCREAM/experiments/CUB/train_cbm/Standard_CUB/cub_progressive_noise/CREAM_cub_progressive_noise/noise_090/lightning_logs/version_0/intervention_results.csv
cub,90,0.9000041091387245,False,102.0,0.6831204891204834,/home/dani00003/mCREAM/experiments/CUB/train_cbm/Standard_CUB/cub_progressive_noise/CREAM_cub_progressive_noise/noise_090/lightning_logs/version_0/intervention_results.csv
cub,90,0.9000041091387245,False,103.0,0.6739730834960938,/home/dani00003/mCREAM/experiments/CUB/train_cbm/Standard_CUB/cub_progressive_noise/CREAM_cub_progressive_noise/noise_090/lightning_logs/version_0/intervention_results.csv
cub,90,0.9000041091387245,False,104.0,0.6763893365859985,/home/dani00003/mCREAM/experiments/CUB/train_cbm/Standard_CUB/cub_progressive_noise/CREAM_cub_progressive_noise/noise_090/lightning_logs/version_0/intervention_results.csv
cub,90,0.9000041091387245,False,105.0,0.6755263805389404,/home/dani00003/mCREAM/experiments/CUB/train_cbm/Standard_CUB/cub_progressive_noise/CREAM_cub_progressive_noise/noise_090/lightning_logs/version_0/intervention_results.csv
cub,90,0.9000041091387245,False,106.0,0.6713842153549194,/home/dani00003/mCREAM/experiments/CUB/train_cbm/Standard_CUB/cub_progressive_noise/CREAM_cub_progressive_noise/noise_090/lightning_logs/version_0/intervention_results.csv
cub,90,0.9000041091387245,False,107.0,0.6744908690452576,/home/dani00003/mCREAM/experiments/CUB/train_cbm/Standard_CUB/cub_progressive_noise/CREAM_cub_progressive_noise/noise_090/lightning_logs/version_0/intervention_results.csv
cub,90,0.9000041091387245,False,108.0,0.6741456389427185,/home/dani00003/mCREAM/experiments/CUB/train_cbm/Standard_CUB/cub_progressive_noise/CREAM_cub_progressive_noise/noise_090/lightning_logs/version_0/intervention_results.csv
cub,90,0.9000041091387245,False,109.0,0.6739730834960938,/home/dani00003/mCREAM/experiments/CUB/train_cbm/Standard_CUB/cub_progressive_noise/CREAM_cub_progressive_noise/noise_090/lightning_logs/version_0/intervention_results.csv
cub,90,0.9000041091387245,False,110.0,0.6717293858528137,/home/dani00003/mCREAM/experiments/CUB/train_cbm/Standard_CUB/cub_progressive_noise/CREAM_cub_progressive_noise/noise_090/lightning_logs/version_0/intervention_results.csv
cub,90,0.9000041091387245,False,111.0,0.6717293858528137,/home/dani00003/mCREAM/experiments/CUB/train_cbm/Standard_CUB/cub_progressive_noise/CREAM_cub_progressive_noise/noise_090/lightning_logs/version_0/intervention_results.csv
cub,90,0.9000041091387245,False,112.0,0.672074556350708,/home/dani00003/mCREAM/experiments/CUB/train_cbm/Standard_CUB/cub_progressive_noise/CREAM_cub_progressive_noise/noise_090/lightning_logs/version_0/intervention_results.csv
cub,90,0.9000041091387245,True,0.0,0.696410059928894,/home/dani00003/mCREAM/experiments/CUB/train_cbm/Standard_CUB/cub_progressive_noise/CREAM_cub_progressive_noise/noise_090/lightning_logs/version_0/intervention_results.csv
cub,90,0.9000041091387245,True,1.0,0.6986537575721741,/home/dani00003/mCREAM/experiments/CUB/train_cbm/Standard_CUB/cub_progressive_noise/CREAM_cub_progressive_noise/noise_090/lightning_logs/version_0/intervention_results.csv
cub,90,0.9000041091387245,True,2.0,0.6983085870742798,/home/dani00003/mCREAM/experiments/CUB/train_cbm/Standard_CUB/cub_progressive_noise/CREAM_cub_progressive_noise/noise_090/lightning_logs/version_0/intervention_results.csv
cub,90,0.9000041091387245,True,3.0,0.6957197189331055,/home/dani00003/mCREAM/experiments/CUB/train_cbm/Standard_CUB/cub_progressive_noise/CREAM_cub_progressive_noise/noise_090/lightning_logs/version_0/intervention_results.csv
cub,90,0.9000041091387245,True,4.0,0.6926130652427673,/home/dani00003/mCREAM/experiments/CUB/train_cbm/Standard_CUB/cub_progressive_noise/CREAM_cub_progressive_noise/noise_090/lightning_logs/version_0/intervention_results.csv
cub,90,0.9000041091387245,True,5.0,0.6979634165763855,/home/dani00003/mCREAM/experiments/CUB/train_cbm/Standard_CUB/cub_progressive_noise/CREAM_cub_progressive_noise/noise_090/lightning_logs/version_0/intervention_results.csv
cub,90,0.9000041091387245,True,6.0,0.7026234269142151,/home/dani00003/mCREAM/experiments/CUB/train_cbm/Standard_CUB/cub_progressive_noise/CREAM_cub_progressive_noise/noise_090/lightning_logs/version_0/intervention_results.csv
cub,90,0.9000041091387245,True,7.0,0.6910597085952759,/home/dani00003/mCREAM/experiments/CUB/train_cbm/Standard_CUB/cub_progressive_noise/CREAM_cub_progressive_noise/noise_090/lightning_logs/version_0/intervention_results.csv
cub,90,0.9000041091387245,True,8.0,0.7050396800041199,/home/dani00003/mCREAM/experiments/CUB/train_cbm/Standard_CUB/cub_progressive_noise/CREAM_cub_progressive_noise/noise_090/lightning_logs/version_0/intervention_results.csv
cub,90,0.9000041091387245,True,9.0,0.6915774941444397,/home/dani00003/mCREAM/experiments/CUB/train_cbm/Standard_CUB/cub_progressive_noise/CREAM_cub_progressive_noise/noise_090/lightning_logs/version_0/intervention_results.csv
cub,90,0.9000041091387245,True,10.0,0.6976182460784912,/home/dani00003/mCREAM/experiments/CUB/train_cbm/Standard_CUB/cub_progressive_noise/CREAM_cub_progressive_noise/noise_090/lightning_logs/version_0/intervention_results.csv
cub,90,0.9000041091387245,True,11.0,0.6927856206893921,/home/dani00003/mCREAM/experiments/CUB/train_cbm/Standard_CUB/cub_progressive_noise/CREAM_cub_progressive_noise/noise_090/lightning_logs/version_0/intervention_results.csv
cub,90,0.9000041091387245,True,12.0,0.6960648894309998,/home/dani00003/mCREAM/experiments/CUB/train_cbm/Standard_CUB/cub_progressive_noise/CREAM_cub_progressive_noise/noise_090/lightning_logs/version_0/intervention_results.csv
cub,90,0.9000041091387245,True,13.0,0.6893337965011597,/home/dani00003/mCREAM/experiments/CUB/train_cbm/Standard_CUB/cub_progressive_noise/CREAM_cub_progressive_noise/noise_090/lightning_logs/version_0/intervention_results.csv
cub,90,0.9000041091387245,True,14.0,0.6938211917877197,/home/dani00003/mCREAM/experiments/CUB/train_cbm/Standard_CUB/cub_progressive_noise/CREAM_cub_progressive_noise/noise_090/lightning_logs/version_0/intervention_results.csv
cub,90,0.9000041091387245,True,15.0,0.6955471038818359,/home/dani00003/mCREAM/experiments/CUB/train_cbm/Standard_CUB/cub_progressive_noise/CREAM_cub_progressive_noise/noise_090/lightning_logs/version_0/intervention_results.csv
cub,90,0.9000041091387245,True,16.0,0.6924404501914978,/home/dani00003/mCREAM/experiments/CUB/train_cbm/Standard_CUB/cub_progressive_noise/CREAM_cub_progressive_noise/noise_090/lightning_logs/version_0/intervention_results.csv
cub,90,0.9000041091387245,True,17.0,0.6900241374969482,/home/dani00003/mCREAM/experiments/CUB/train_cbm/Standard_CUB/cub_progressive_noise/CREAM_cub_progressive_noise/noise_090/lightning_logs/version_0/intervention_results.csv
cub,90,0.9000041091387245,True,18.0,0.6865723133087158,/home/dani00003/mCREAM/experiments/CUB/train_cbm/Standard_CUB/cub_progressive_noise/CREAM_cub_progressive_noise/noise_090/lightning_logs/version_0/intervention_results.csv
cub,90,0.9000041091387245,True,19.0,0.6827752590179443,/home/dani00003/mCREAM/experiments/CUB/train_cbm/Standard_CUB/cub_progressive_noise/CREAM_cub_progressive_noise/noise_090/lightning_logs/version_0/intervention_results.csv
cub,90,0.9000041091387245,True,20.0,0.6845012307167053,/home/dani00003/mCREAM/experiments/CUB/train_cbm/Standard_CUB/cub_progressive_noise/CREAM_cub_progressive_noise/noise_090/lightning_logs/version_0/intervention_results.csv
cub,90,0.9000041091387245,True,21.0,0.6839834451675415,/home/dani00003/mCREAM/experiments/CUB/train_cbm/Standard_CUB/cub_progressive_noise/CREAM_cub_progressive_noise/noise_090/lightning_logs/version_0/intervention_results.csv
cub,90,0.9000041091387245,True,22.0,0.6800137758255005,/home/dani00003/mCREAM/experiments/CUB/train_cbm/Standard_CUB/cub_progressive_noise/CREAM_cub_progressive_noise/noise_090/lightning_logs/version_0/intervention_results.csv
cub,90,0.9000041091387245,True,23.0,0.6793234348297119,/home/dani00003/mCREAM/experiments/CUB/train_cbm/Standard_CUB/cub_progressive_noise/CREAM_cub_progressive_noise/noise_090/lightning_logs/version_0/intervention_results.csv
cub,90,0.9000041091387245,True,24.0,0.6781153082847595,/home/dani00003/mCREAM/experiments/CUB/train_cbm/Standard_CUB/cub_progressive_noise/CREAM_cub_progressive_noise/noise_090/lightning_logs/version_0/intervention_results.csv
cub,90,0.9000041091387245,True,25.0,0.6736279129981995,/home/dani00003/mCREAM/experiments/CUB/train_cbm/Standard_CUB/cub_progressive_noise/CREAM_cub_progressive_noise/noise_090/lightning_logs/version_0/intervention_results.csv
cub,100,1.0,False,0.0,0.7176389098167419,/home/dani00003/mCREAM/experiments/CUB/train_cbm/Standard_CUB/cub_progressive_noise/CREAM_cub_progressive_noise/noise_100/lightning_logs/version_0/intervention_results.csv
cub,100,1.0,False,1.0,0.7176389098167419,/home/dani00003/mCREAM/experiments/CUB/train_cbm/Standard_CUB/cub_progressive_noise/CREAM_cub_progressive_noise/noise_100/lightning_logs/version_0/intervention_results.csv
cub,100,1.0,False,2.0,0.7176389098167419,/home/dani00003/mCREAM/experiments/CUB/train_cbm/Standard_CUB/cub_progressive_noise/CREAM_cub_progressive_noise/noise_100/lightning_logs/version_0/intervention_results.csv
cub,100,1.0,False,3.0,0.7176389098167419,/home/dani00003/mCREAM/experiments/CUB/train_cbm/Standard_CUB/cub_progressive_noise/CREAM_cub_progressive_noise/noise_100/lightning_logs/version_0/intervention_results.csv
cub,100,1.0,False,4.0,0.7176389098167419,/home/dani00003/mCREAM/experiments/CUB/train_cbm/Standard_CUB/cub_progressive_noise/CREAM_cub_progressive_noise/noise_100/lightning_logs/version_0/intervention_results.csv
cub,100,1.0,False,5.0,0.7176389098167419,/home/dani00003/mCREAM/experiments/CUB/train_cbm/Standard_CUB/cub_progressive_noise/CREAM_cub_progressive_noise/noise_100/lightning_logs/version_0/intervention_results.csv
cub,100,1.0,False,6.0,0.7176389098167419,/home/dani00003/mCREAM/experiments/CUB/train_cbm/Standard_CUB/cub_progressive_noise/CREAM_cub_progressive_noise/noise_100/lightning_logs/version_0/intervention_results.csv
cub,100,1.0,False,7.0,0.7176389098167419,/home/dani00003/mCREAM/experiments/CUB/train_cbm/Standard_CUB/cub_progressive_noise/CREAM_cub_progressive_noise/noise_100/lightning_logs/version_0/intervention_results.csv
cub,100,1.0,False,8.0,0.7176389098167419,/home/dani00003/mCREAM/experiments/CUB/train_cbm/Standard_CUB/cub_progressive_noise/CREAM_cub_progressive_noise/noise_100/lightning_logs/version_0/intervention_results.csv
cub,100,1.0,False,9.0,0.7176389098167419,/home/dani00003/mCREAM/experiments/CUB/train_cbm/Standard_CUB/cub_progressive_noise/CREAM_cub_progressive_noise/noise_100/lightning_logs/version_0/intervention_results.csv
cub,100,1.0,False,10.0,0.7176389098167419,/home/dani00003/mCREAM/experiments/CUB/train_cbm/Standard_CUB/cub_progressive_noise/CREAM_cub_progressive_noise/noise_100/lightning_logs/version_0/intervention_results.csv
cub,100,1.0,False,11.0,0.7176389098167419,/home/dani00003/mCREAM/experiments/CUB/train_cbm/Standard_CUB/cub_progressive_noise/CREAM_cub_progressive_noise/noise_100/lightning_logs/version_0/intervention_results.csv
cub,100,1.0,False,12.0,0.7176389098167419,/home/dani00003/mCREAM/experiments/CUB/train_cbm/Standard_CUB/cub_progressive_noise/CREAM_cub_progressive_noise/noise_100/lightning_logs/version_0/intervention_results.csv
cub,100,1.0,False,13.0,0.7176389098167419,/home/dani00003/mCREAM/experiments/CUB/train_cbm/Standard_CUB/cub_progressive_noise/CREAM_cub_progressive_noise/noise_100/lightning_logs/version_0/intervention_results.csv
cub,100,1.0,False,14.0,0.7176389098167419,/home/dani00003/mCREAM/experiments/CUB/train_cbm/Standard_CUB/cub_progressive_noise/CREAM_cub_progressive_noise/noise_100/lightning_logs/version_0/intervention_results.csv
cub,100,1.0,False,15.0,0.7176389098167419,/home/dani00003/mCREAM/experiments/CUB/train_cbm/Standard_CUB/cub_progressive_noise/CREAM_cub_progressive_noise/noise_100/lightning_logs/version_0/intervention_results.csv
cub,100,1.0,False,16.0,0.7176389098167419,/home/dani00003/mCREAM/experiments/CUB/train_cbm/Standard_CUB/cub_progressive_noise/CREAM_cub_progressive_noise/noise_100/lightning_logs/version_0/intervention_results.csv
cub,100,1.0,False,17.0,0.7176389098167419,/home/dani00003/mCREAM/experiments/CUB/train_cbm/Standard_CUB/cub_progressive_noise/CREAM_cub_progressive_noise/noise_100/lightning_logs/version_0/intervention_results.csv
cub,100,1.0,False,18.0,0.7176389098167419,/home/dani00003/mCREAM/experiments/CUB/train_cbm/Standard_CUB/cub_progressive_noise/CREAM_cub_progressive_noise/noise_100/lightning_logs/version_0/intervention_results.csv
cub,100,1.0,False,19.0,0.7176389098167419,/home/dani00003/mCREAM/experiments/CUB/train_cbm/Standard_CUB/cub_progressive_noise/CREAM_cub_progressive_noise/noise_100/lightning_logs/version_0/intervention_results.csv
cub,100,1.0,False,20.0,0.7176389098167419,/home/dani00003/mCREAM/experiments/CUB/train_cbm/Standard_CUB/cub_progressive_noise/CREAM_cub_progressive_noise/noise_100/lightning_logs/version_0/intervention_results.csv
cub,100,1.0,False,21.0,0.7176389098167419,/home/dani00003/mCREAM/experiments/CUB/train_cbm/Standard_CUB/cub_progressive_noise/CREAM_cub_progressive_noise/noise_100/lightning_logs/version_0/intervention_results.csv
cub,100,1.0,False,22.0,0.7176389098167419,/home/dani00003/mCREAM/experiments/CUB/train_cbm/Standard_CUB/cub_progressive_noise/CREAM_cub_progressive_noise/noise_100/lightning_logs/version_0/intervention_results.csv
cub,100,1.0,False,23.0,0.7176389098167419,/home/dani00003/mCREAM/experiments/CUB/train_cbm/Standard_CUB/cub_progressive_noise/CREAM_cub_progressive_noise/noise_100/lightning_logs/version_0/intervention_results.csv
cub,100,1.0,False,24.0,0.7176389098167419,/home/dani00003/mCREAM/experiments/CUB/train_cbm/Standard_CUB/cub_progressive_noise/CREAM_cub_progressive_noise/noise_100/lightning_logs/version_0/intervention_results.csv
cub,100,1.0,False,25.0,0.7176389098167419,/home/dani00003/mCREAM/experiments/CUB/train_cbm/Standard_CUB/cub_progressive_noise/CREAM_cub_progressive_noise/noise_100/lightning_logs/version_0/intervention_results.csv
cub,100,1.0,False,26.0,0.7176389098167419,/home/dani00003/mCREAM/experiments/CUB/train_cbm/Standard_CUB/cub_progressive_noise/CREAM_cub_progressive_noise/noise_100/lightning_logs/version_0/intervention_results.csv
cub,100,1.0,False,27.0,0.7176389098167419,/home/dani00003/mCREAM/experiments/CUB/train_cbm/Standard_CUB/cub_progressive_noise/CREAM_cub_progressive_noise/noise_100/lightning_logs/version_0/intervention_results.csv
cub,100,1.0,False,28.0,0.7176389098167419,/home/dani00003/mCREAM/experiments/CUB/train_cbm/Standard_CUB/cub_progressive_noise/CREAM_cub_progressive_noise/noise_100/lightning_logs/version_0/intervention_results.csv
cub,100,1.0,False,29.0,0.7176389098167419,/home/dani00003/mCREAM/experiments/CUB/train_cbm/Standard_CUB/cub_progressive_noise/CREAM_cub_progressive_noise/noise_100/lightning_logs/version_0/intervention_results.csv
cub,100,1.0,False,30.0,0.7176389098167419,/home/dani00003/mCREAM/experiments/CUB/train_cbm/Standard_CUB/cub_progressive_noise/CREAM_cub_progressive_noise/noise_100/lightning_logs/version_0/intervention_results.csv
cub,100,1.0,False,31.0,0.7176389098167419,/home/dani00003/mCREAM/experiments/CUB/train_cbm/Standard_CUB/cub_progressive_noise/CREAM_cub_progressive_noise/noise_100/lightning_logs/version_0/intervention_results.csv
cub,100,1.0,False,32.0,0.7176389098167419,/home/dani00003/mCREAM/experiments/CUB/train_cbm/Standard_CUB/cub_progressive_noise/CREAM_cub_progressive_noise/noise_100/lightning_logs/version_0/intervention_results.csv
cub,100,1.0,False,33.0,0.7176389098167419,/home/dani00003/mCREAM/experiments/CUB/train_cbm/Standard_CUB/cub_progressive_noise/CREAM_cub_progressive_noise/noise_100/lightning_logs/version_0/intervention_results.csv
cub,100,1.0,False,34.0,0.7176389098167419,/home/dani00003/mCREAM/experiments/CUB/train_cbm/Standard_CUB/cub_progressive_noise/CREAM_cub_progressive_noise/noise_100/lightning_logs/version_0/intervention_results.csv
cub,100,1.0,False,35.0,0.7176389098167419,/home/dani00003/mCREAM/experiments/CUB/train_cbm/Standard_CUB/cub_progressive_noise/CREAM_cub_progressive_noise/noise_100/lightning_logs/version_0/intervention_results.csv
cub,100,1.0,False,36.0,0.7176389098167419,/home/dani00003/mCREAM/experiments/CUB/train_cbm/Standard_CUB/cub_progressive_noise/CREAM_cub_progressive_noise/noise_100/lightning_logs/version_0/intervention_results.csv
cub,100,1.0,False,37.0,0.7176389098167419,/home/dani00003/mCREAM/experiments/CUB/train_cbm/Standard_CUB/cub_progressive_noise/CREAM_cub_progressive_noise/noise_100/lightning_logs/version_0/intervention_results.csv
cub,100,1.0,False,38.0,0.7176389098167419,/home/dani00003/mCREAM/experiments/CUB/train_cbm/Standard_CUB/cub_progressive_noise/CREAM_cub_progressive_noise/noise_100/lightning_logs/version_0/intervention_results.csv
cub,100,1.0,False,39.0,0.7176389098167419,/home/dani00003/mCREAM/experiments/CUB/train_cbm/Standard_CUB/cub_progressive_noise/CREAM_cub_progressive_noise/noise_100/lightning_logs/version_0/intervention_results.csv
cub,100,1.0,False,40.0,0.7176389098167419,/home/dani00003/mCREAM/experiments/CUB/train_cbm/Standard_CUB/cub_progressive_noise/CREAM_cub_progressive_noise/noise_100/lightning_logs/version_0/intervention_results.csv
cub,100,1.0,False,41.0,0.7176389098167419,/home/dani00003/mCREAM/experiments/CUB/train_cbm/Standard_CUB/cub_progressive_noise/CREAM_cub_progressive_noise/noise_100/lightning_logs/version_0/intervention_results.csv
cub,100,1.0,False,42.0,0.7176389098167419,/home/dani00003/mCREAM/experiments/CUB/train_cbm/Standard_CUB/cub_progressive_noise/CREAM_cub_progressive_noise/noise_100/lightning_logs/version_0/intervention_results.csv
cub,100,1.0,False,43.0,0.7176389098167419,/home/dani00003/mCREAM/experiments/CUB/train_cbm/Standard_CUB/cub_progressive_noise/CREAM_cub_progressive_noise/noise_100/lightning_logs/version_0/intervention_results.csv
cub,100,1.0,False,44.0,0.7176389098167419,/home/dani00003/mCREAM/experiments/CUB/train_cbm/Standard_CUB/cub_progressive_noise/CREAM_cub_progressive_noise/noise_100/lightning_logs/version_0/intervention_results.csv
cub,100,1.0,False,45.0,0.7176389098167419,/home/dani00003/mCREAM/experiments/CUB/train_cbm/Standard_CUB/cub_progressive_noise/CREAM_cub_progressive_noise/noise_100/lightning_logs/version_0/intervention_results.csv
cub,100,1.0,False,46.0,0.7176389098167419,/home/dani00003/mCREAM/experiments/CUB/train_cbm/Standard_CUB/cub_progressive_noise/CREAM_cub_progressive_noise/noise_100/lightning_logs/version_0/intervention_results.csv
cub,100,1.0,False,47.0,0.7176389098167419,/home/dani00003/mCREAM/experiments/CUB/train_cbm/Standard_CUB/cub_progressive_noise/CREAM_cub_progressive_noise/noise_100/lightning_logs/version_0/intervention_results.csv
cub,100,1.0,False,48.0,0.7176389098167419,/home/dani00003/mCREAM/experiments/CUB/train_cbm/Standard_CUB/cub_progressive_noise/CREAM_cub_progressive_noise/noise_100/lightning_logs/version_0/intervention_results.csv
cub,100,1.0,False,49.0,0.7176389098167419,/home/dani00003/mCREAM/experiments/CUB/train_cbm/Standard_CUB/cub_progressive_noise/CREAM_cub_progressive_noise/noise_100/lightning_logs/version_0/intervention_results.csv
cub,100,1.0,False,50.0,0.7176389098167419,/home/dani00003/mCREAM/experiments/CUB/train_cbm/Standard_CUB/cub_progressive_noise/CREAM_cub_progressive_noise/noise_100/lightning_logs/version_0/intervention_results.csv
cub,100,1.0,False,51.0,0.7176389098167419,/home/dani00003/mCREAM/experiments/CUB/train_cbm/Standard_CUB/cub_progressive_noise/CREAM_cub_progressive_noise/noise_100/lightning_logs/version_0/intervention_results.csv
cub,100,1.0,False,52.0,0.7176389098167419,/home/dani00003/mCREAM/experiments/CUB/train_cbm/Standard_CUB/cub_progressive_noise/CREAM_cub_progressive_noise/noise_100/lightning_logs/version_0/intervention_results.csv
cub,100,1.0,False,53.0,0.7176389098167419,/home/dani00003/mCREAM/experiments/CUB/train_cbm/Standard_CUB/cub_progressive_noise/CREAM_cub_progressive_noise/noise_100/lightning_logs/version_0/intervention_results.csv
cub,100,1.0,False,54.0,0.7176389098167419,/home/dani00003/mCREAM/experiments/CUB/train_cbm/Standard_CUB/cub_progressive_noise/CREAM_cub_progressive_noise/noise_100/lightning_logs/version_0/intervention_results.csv
cub,100,1.0,False,55.0,0.7176389098167419,/home/dani00003/mCREAM/experiments/CUB/train_cbm/Standard_CUB/cub_progressive_noise/CREAM_cub_progressive_noise/noise_100/lightning_logs/version_0/intervention_results.csv
cub,100,1.0,False,56.0,0.7176389098167419,/home/dani00003/mCREAM/experiments/CUB/train_cbm/Standard_CUB/cub_progressive_noise/CREAM_cub_progressive_noise/noise_100/lightning_logs/version_0/intervention_results.csv
cub,100,1.0,False,57.0,0.7176389098167419,/home/dani00003/mCREAM/experiments/CUB/train_cbm/Standard_CUB/cub_progressive_noise/CREAM_cub_progressive_noise/noise_100/lightning_logs/version_0/intervention_results.csv
cub,100,1.0,False,58.0,0.7176389098167419,/home/dani00003/mCREAM/experiments/CUB/train_cbm/Standard_CUB/cub_progressive_noise/CREAM_cub_progressive_noise/noise_100/lightning_logs/version_0/intervention_results.csv
cub,100,1.0,False,59.0,0.7176389098167419,/home/dani00003/mCREAM/experiments/CUB/train_cbm/Standard_CUB/cub_progressive_noise/CREAM_cub_progressive_noise/noise_100/lightning_logs/version_0/intervention_results.csv
cub,100,1.0,False,60.0,0.7176389098167419,/home/dani00003/mCREAM/experiments/CUB/train_cbm/Standard_CUB/cub_progressive_noise/CREAM_cub_progressive_noise/noise_100/lightning_logs/version_0/intervention_results.csv
cub,100,1.0,False,61.0,0.7176389098167419,/home/dani00003/mCREAM/experiments/CUB/train_cbm/Standard_CUB/cub_progressive_noise/CREAM_cub_progressive_noise/noise_100/lightning_logs/version_0/intervention_results.csv
cub,100,1.0,False,62.0,0.7176389098167419,/home/dani00003/mCREAM/experiments/CUB/train_cbm/Standard_CUB/cub_progressive_noise/CREAM_cub_progressive_noise/noise_100/lightning_logs/version_0/intervention_results.csv
cub,100,1.0,False,63.0,0.7176389098167419,/home/dani00003/mCREAM/experiments/CUB/train_cbm/Standard_CUB/cub_progressive_noise/CREAM_cub_progressive_noise/noise_100/lightning_logs/version_0/intervention_results.csv
cub,100,1.0,False,64.0,0.7176389098167419,/home/dani00003/mCREAM/experiments/CUB/train_cbm/Standard_CUB/cub_progressive_noise/CREAM_cub_progressive_noise/noise_100/lightning_logs/version_0/intervention_results.csv
cub,100,1.0,False,65.0,0.7176389098167419,/home/dani00003/mCREAM/experiments/CUB/train_cbm/Standard_CUB/cub_progressive_noise/CREAM_cub_progressive_noise/noise_100/lightning_logs/version_0/intervention_results.csv
cub,100,1.0,False,66.0,0.7176389098167419,/home/dani00003/mCREAM/experiments/CUB/train_cbm/Standard_CUB/cub_progressive_noise/CREAM_cub_progressive_noise/noise_100/lightning_logs/version_0/intervention_results.csv
cub,100,1.0,False,67.0,0.7176389098167419,/home/dani00003/mCREAM/experiments/CUB/train_cbm/Standard_CUB/cub_progressive_noise/CREAM_cub_progressive_noise/noise_100/lightning_logs/version_0/intervention_results.csv
cub,100,1.0,False,68.0,0.7176389098167419,/home/dani00003/mCREAM/experiments/CUB/train_cbm/Standard_CUB/cub_progressive_noise/CREAM_cub_progressive_noise/noise_100/lightning_logs/version_0/intervention_results.csv
cub,100,1.0,False,69.0,0.7176389098167419,/home/dani00003/mCREAM/experiments/CUB/train_cbm/Standard_CUB/cub_progressive_noise/CREAM_cub_progressive_noise/noise_100/lightning_logs/version_0/intervention_results.csv
cub,100,1.0,False,70.0,0.7176389098167419,/home/dani00003/mCREAM/experiments/CUB/train_cbm/Standard_CUB/cub_progressive_noise/CREAM_cub_progressive_noise/noise_100/lightning_logs/version_0/intervention_results.csv
cub,100,1.0,False,71.0,0.7176389098167419,/home/dani00003/mCREAM/experiments/CUB/train_cbm/Standard_CUB/cub_progressive_noise/CREAM_cub_progressive_noise/noise_100/lightning_logs/version_0/intervention_results.csv
cub,100,1.0,False,72.0,0.7176389098167419,/home/dani00003/mCREAM/experiments/CUB/train_cbm/Standard_CUB/cub_progressive_noise/CREAM_cub_progressive_noise/noise_100/lightning_logs/version_0/intervention_results.csv
cub,100,1.0,False,73.0,0.7176389098167419,/home/dani00003/mCREAM/experiments/CUB/train_cbm/Standard_CUB/cub_progressive_noise/CREAM_cub_progressive_noise/noise_100/lightning_logs/version_0/intervention_results.csv
cub,100,1.0,False,74.0,0.7176389098167419,/home/dani00003/mCREAM/experiments/CUB/train_cbm/Standard_CUB/cub_progressive_noise/CREAM_cub_progressive_noise/noise_100/lightning_logs/version_0/intervention_results.csv
cub,100,1.0,False,75.0,0.7176389098167419,/home/dani00003/mCREAM/experiments/CUB/train_cbm/Standard_CUB/cub_progressive_noise/CREAM_cub_progressive_noise/noise_100/lightning_logs/version_0/intervention_results.csv
cub,100,1.0,False,76.0,0.7176389098167419,/home/dani00003/mCREAM/experiments/CUB/train_cbm/Standard_CUB/cub_progressive_noise/CREAM_cub_progressive_noise/noise_100/lightning_logs/version_0/intervention_results.csv
cub,100,1.0,False,77.0,0.7176389098167419,/home/dani00003/mCREAM/experiments/CUB/train_cbm/Standard_CUB/cub_progressive_noise/CREAM_cub_progressive_noise/noise_100/lightning_logs/version_0/intervention_results.csv
cub,100,1.0,False,78.0,0.7176389098167419,/home/dani00003/mCREAM/experiments/CUB/train_cbm/Standard_CUB/cub_progressive_noise/CREAM_cub_progressive_noise/noise_100/lightning_logs/version_0/intervention_results.csv
cub,100,1.0,False,79.0,0.7176389098167419,/home/dani00003/mCREAM/experiments/CUB/train_cbm/Standard_CUB/cub_progressive_noise/CREAM_cub_progressive_noise/noise_100/lightning_logs/version_0/intervention_results.csv
cub,100,1.0,False,80.0,0.7176389098167419,/home/dani00003/mCREAM/experiments/CUB/train_cbm/Standard_CUB/cub_progressive_noise/CREAM_cub_progressive_noise/noise_100/lightning_logs/version_0/intervention_results.csv
cub,100,1.0,False,81.0,0.7176389098167419,/home/dani00003/mCREAM/experiments/CUB/train_cbm/Standard_CUB/cub_progressive_noise/CREAM_cub_progressive_noise/noise_100/lightning_logs/version_0/intervention_results.csv
cub,100,1.0,False,82.0,0.7176389098167419,/home/dani00003/mCREAM/experiments/CUB/train_cbm/Standard_CUB/cub_progressive_noise/CREAM_cub_progressive_noise/noise_100/lightning_logs/version_0/intervention_results.csv
cub,100,1.0,False,83.0,0.7176389098167419,/home/dani00003/mCREAM/experiments/CUB/train_cbm/Standard_CUB/cub_progressive_noise/CREAM_cub_progressive_noise/noise_100/lightning_logs/version_0/intervention_results.csv
cub,100,1.0,False,84.0,0.7176389098167419,/home/dani00003/mCREAM/experiments/CUB/train_cbm/Standard_CUB/cub_progressive_noise/CREAM_cub_progressive_noise/noise_100/lightning_logs/version_0/intervention_results.csv
cub,100,1.0,False,85.0,0.7176389098167419,/home/dani00003/mCREAM/experiments/CUB/train_cbm/Standard_CUB/cub_progressive_noise/CREAM_cub_progressive_noise/noise_100/lightning_logs/version_0/intervention_results.csv
cub,100,1.0,False,86.0,0.7176389098167419,/home/dani00003/mCREAM/experiments/CUB/train_cbm/Standard_CUB/cub_progressive_noise/CREAM_cub_progressive_noise/noise_100/lightning_logs/version_0/intervention_results.csv
cub,100,1.0,False,87.0,0.7176389098167419,/home/dani00003/mCREAM/experiments/CUB/train_cbm/Standard_CUB/cub_progressive_noise/CREAM_cub_progressive_noise/noise_100/lightning_logs/version_0/intervention_results.csv
cub,100,1.0,False,88.0,0.7176389098167419,/home/dani00003/mCREAM/experiments/CUB/train_cbm/Standard_CUB/cub_progressive_noise/CREAM_cub_progressive_noise/noise_100/lightning_logs/version_0/intervention_results.csv
cub,100,1.0,False,89.0,0.7176389098167419,/home/dani00003/mCREAM/experiments/CUB/train_cbm/Standard_CUB/cub_progressive_noise/CREAM_cub_progressive_noise/noise_100/lightning_logs/version_0/intervention_results.csv
cub,100,1.0,False,90.0,0.7176389098167419,/home/dani00003/mCREAM/experiments/CUB/train_cbm/Standard_CUB/cub_progressive_noise/CREAM_cub_progressive_noise/noise_100/lightning_logs/version_0/intervention_results.csv
cub,100,1.0,False,91.0,0.7176389098167419,/home/dani00003/mCREAM/experiments/CUB/train_cbm/Standard_CUB/cub_progressive_noise/CREAM_cub_progressive_noise/noise_100/lightning_logs/version_0/intervention_results.csv
cub,100,1.0,False,92.0,0.7176389098167419,/home/dani00003/mCREAM/experiments/CUB/train_cbm/Standard_CUB/cub_progressive_noise/CREAM_cub_progressive_noise/noise_100/lightning_logs/version_0/intervention_results.csv
cub,100,1.0,False,93.0,0.7176389098167419,/home/dani00003/mCREAM/experiments/CUB/train_cbm/Standard_CUB/cub_progressive_noise/CREAM_cub_progressive_noise/noise_100/lightning_logs/version_0/intervention_results.csv
cub,100,1.0,False,94.0,0.7176389098167419,/home/dani00003/mCREAM/experiments/CUB/train_cbm/Standard_CUB/cub_progressive_noise/CREAM_cub_progressive_noise/noise_100/lightning_logs/version_0/intervention_results.csv
cub,100,1.0,False,95.0,0.7176389098167419,/home/dani00003/mCREAM/experiments/CUB/train_cbm/Standard_CUB/cub_progressive_noise/CREAM_cub_progressive_noise/noise_100/lightning_logs/version_0/intervention_results.csv
cub,100,1.0,False,96.0,0.7176389098167419,/home/dani00003/mCREAM/experiments/CUB/train_cbm/Standard_CUB/cub_progressive_noise/CREAM_cub_progressive_noise/noise_100/lightning_logs/version_0/intervention_results.csv
cub,100,1.0,False,97.0,0.7176389098167419,/home/dani00003/mCREAM/experiments/CUB/train_cbm/Standard_CUB/cub_progressive_noise/CREAM_cub_progressive_noise/noise_100/lightning_logs/version_0/intervention_results.csv
cub,100,1.0,False,98.0,0.7176389098167419,/home/dani00003/mCREAM/experiments/CUB/train_cbm/Standard_CUB/cub_progressive_noise/CREAM_cub_progressive_noise/noise_100/lightning_logs/version_0/intervention_results.csv
cub,100,1.0,False,99.0,0.7176389098167419,/home/dani00003/mCREAM/experiments/CUB/train_cbm/Standard_CUB/cub_progressive_noise/CREAM_cub_progressive_noise/noise_100/lightning_logs/version_0/intervention_results.csv
cub,100,1.0,False,100.0,0.7176389098167419,/home/dani00003/mCREAM/experiments/CUB/train_cbm/Standard_CUB/cub_progressive_noise/CREAM_cub_progressive_noise/noise_100/lightning_logs/version_0/intervention_results.csv
cub,100,1.0,False,101.0,0.7176389098167419,/home/dani00003/mCREAM/experiments/CUB/train_cbm/Standard_CUB/cub_progressive_noise/CREAM_cub_progressive_noise/noise_100/lightning_logs/version_0/intervention_results.csv
cub,100,1.0,False,102.0,0.7176389098167419,/home/dani00003/mCREAM/experiments/CUB/train_cbm/Standard_CUB/cub_progressive_noise/CREAM_cub_progressive_noise/noise_100/lightning_logs/version_0/intervention_results.csv
cub,100,1.0,False,103.0,0.7176389098167419,/home/dani00003/mCREAM/experiments/CUB/train_cbm/Standard_CUB/cub_progressive_noise/CREAM_cub_progressive_noise/noise_100/lightning_logs/version_0/intervention_results.csv
cub,100,1.0,False,104.0,0.7176389098167419,/home/dani00003/mCREAM/experiments/CUB/train_cbm/Standard_CUB/cub_progressive_noise/CREAM_cub_progressive_noise/noise_100/lightning_logs/version_0/intervention_results.csv
cub,100,1.0,False,105.0,0.7176389098167419,/home/dani00003/mCREAM/experiments/CUB/train_cbm/Standard_CUB/cub_progressive_noise/CREAM_cub_progressive_noise/noise_100/lightning_logs/version_0/intervention_results.csv
cub,100,1.0,False,106.0,0.7176389098167419,/home/dani00003/mCREAM/experiments/CUB/train_cbm/Standard_CUB/cub_progressive_noise/CREAM_cub_progressive_noise/noise_100/lightning_logs/version_0/intervention_results.csv
cub,100,1.0,False,107.0,0.7176389098167419,/home/dani00003/mCREAM/experiments/CUB/train_cbm/Standard_CUB/cub_progressive_noise/CREAM_cub_progressive_noise/noise_100/lightning_logs/version_0/intervention_results.csv
cub,100,1.0,False,108.0,0.7176389098167419,/home/dani00003/mCREAM/experiments/CUB/train_cbm/Standard_CUB/cub_progressive_noise/CREAM_cub_progressive_noise/noise_100/lightning_logs/version_0/intervention_results.csv
cub,100,1.0,False,109.0,0.7176389098167419,/home/dani00003/mCREAM/experiments/CUB/train_cbm/Standard_CUB/cub_progressive_noise/CREAM_cub_progressive_noise/noise_100/lightning_logs/version_0/intervention_results.csv
cub,100,1.0,False,110.0,0.7176389098167419,/home/dani00003/mCREAM/experiments/CUB/train_cbm/Standard_CUB/cub_progressive_noise/CREAM_cub_progressive_noise/noise_100/lightning_logs/version_0/intervention_results.csv
cub,100,1.0,False,111.0,0.7176389098167419,/home/dani00003/mCREAM/experiments/CUB/train_cbm/Standard_CUB/cub_progressive_noise/CREAM_cub_progressive_noise/noise_100/lightning_logs/version_0/intervention_results.csv
cub,100,1.0,False,112.0,0.7176389098167419,/home/dani00003/mCREAM/experiments/CUB/train_cbm/Standard_CUB/cub_progressive_noise/CREAM_cub_progressive_noise/noise_100/lightning_logs/version_0/intervention_results.csv
cub,100,1.0,True,0.0,0.7176389098167419,/home/dani00003/mCREAM/experiments/CUB/train_cbm/Standard_CUB/cub_progressive_noise/CREAM_cub_progressive_noise/noise_100/lightning_logs/version_0/intervention_results.csv
cub,100,1.0,True,1.0,0.7176389098167419,/home/dani00003/mCREAM/experiments/CUB/train_cbm/Standard_CUB/cub_progressive_noise/CREAM_cub_progressive_noise/noise_100/lightning_logs/version_0/intervention_results.csv
cub,100,1.0,True,2.0,0.7176389098167419,/home/dani00003/mCREAM/experiments/CUB/train_cbm/Standard_CUB/cub_progressive_noise/CREAM_cub_progressive_noise/noise_100/lightning_logs/version_0/intervention_results.csv
cub,100,1.0,True,3.0,0.7176389098167419,/home/dani00003/mCREAM/experiments/CUB/train_cbm/Standard_CUB/cub_progressive_noise/CREAM_cub_progressive_noise/noise_100/lightning_logs/version_0/intervention_results.csv
cub,100,1.0,True,4.0,0.7176389098167419,/home/dani00003/mCREAM/experiments/CUB/train_cbm/Standard_CUB/cub_progressive_noise/CREAM_cub_progressive_noise/noise_100/lightning_logs/version_0/intervention_results.csv
cub,100,1.0,True,5.0,0.7176389098167419,/home/dani00003/mCREAM/experiments/CUB/train_cbm/Standard_CUB/cub_progressive_noise/CREAM_cub_progressive_noise/noise_100/lightning_logs/version_0/intervention_results.csv
cub,100,1.0,True,6.0,0.7176389098167419,/home/dani00003/mCREAM/experiments/CUB/train_cbm/Standard_CUB/cub_progressive_noise/CREAM_cub_progressive_noise/noise_100/lightning_logs/version_0/intervention_results.csv
cub,100,1.0,True,7.0,0.7176389098167419,/home/dani00003/mCREAM/experiments/CUB/train_cbm/Standard_CUB/cub_progressive_noise/CREAM_cub_progressive_noise/noise_100/lightning_logs/version_0/intervention_results.csv
cub,100,1.0,True,8.0,0.7176389098167419,/home/dani00003/mCREAM/experiments/CUB/train_cbm/Standard_CUB/cub_progressive_noise/CREAM_cub_progressive_noise/noise_100/lightning_logs/version_0/intervention_results.csv
cub,100,1.0,True,9.0,0.7176389098167419,/home/dani00003/mCREAM/experiments/CUB/train_cbm/Standard_CUB/cub_progressive_noise/CREAM_cub_progressive_noise/noise_100/lightning_logs/version_0/intervention_results.csv
cub,100,1.0,True,10.0,0.7176389098167419,/home/dani00003/mCREAM/experiments/CUB/train_cbm/Standard_CUB/cub_progressive_noise/CREAM_cub_progressive_noise/noise_100/lightning_logs/version_0/intervention_results.csv
cub,100,1.0,True,11.0,0.7176389098167419,/home/dani00003/mCREAM/experiments/CUB/train_cbm/Standard_CUB/cub_progressive_noise/CREAM_cub_progressive_noise/noise_100/lightning_logs/version_0/intervention_results.csv
cub,100,1.0,True,12.0,0.7176389098167419,/home/dani00003/mCREAM/experiments/CUB/train_cbm/Standard_CUB/cub_progressive_noise/CREAM_cub_progressive_noise/noise_100/lightning_logs/version_0/intervention_results.csv
cub,100,1.0,True,13.0,0.7176389098167419,/home/dani00003/mCREAM/experiments/CUB/train_cbm/Standard_CUB/cub_progressive_noise/CREAM_cub_progressive_noise/noise_100/lightning_logs/version_0/intervention_results.csv
cub,100,1.0,True,14.0,0.7176389098167419,/home/dani00003/mCREAM/experiments/CUB/train_cbm/Standard_CUB/cub_progressive_noise/CREAM_cub_progressive_noise/noise_100/lightning_logs/version_0/intervention_results.csv
cub,100,1.0,True,15.0,0.7176389098167419,/home/dani00003/mCREAM/experiments/CUB/train_cbm/Standard_CUB/cub_progressive_noise/CREAM_cub_progressive_noise/noise_100/lightning_logs/version_0/intervention_results.csv
cub,100,1.0,True,16.0,0.7176389098167419,/home/dani00003/mCREAM/experiments/CUB/train_cbm/Standard_CUB/cub_progressive_noise/CREAM_cub_progressive_noise/noise_100/lightning_logs/version_0/intervention_results.csv
cub,100,1.0,True,17.0,0.7176389098167419,/home/dani00003/mCREAM/experiments/CUB/train_cbm/Standard_CUB/cub_progressive_noise/CREAM_cub_progressive_noise/noise_100/lightning_logs/version_0/intervention_results.csv
cub,100,1.0,True,18.0,0.7176389098167419,/home/dani00003/mCREAM/experiments/CUB/train_cbm/Standard_CUB/cub_progressive_noise/CREAM_cub_progressive_noise/noise_100/lightning_logs/version_0/intervention_results.csv
cub,100,1.0,True,19.0,0.7176389098167419,/home/dani00003/mCREAM/experiments/CUB/train_cbm/Standard_CUB/cub_progressive_noise/CREAM_cub_progressive_noise/noise_100/lightning_logs/version_0/intervention_results.csv
cub,100,1.0,True,20.0,0.7176389098167419,/home/dani00003/mCREAM/experiments/CUB/train_cbm/Standard_CUB/cub_progressive_noise/CREAM_cub_progressive_noise/noise_100/lightning_logs/version_0/intervention_results.csv
cub,100,1.0,True,21.0,0.7176389098167419,/home/dani00003/mCREAM/experiments/CUB/train_cbm/Standard_CUB/cub_progressive_noise/CREAM_cub_progressive_noise/noise_100/lightning_logs/version_0/intervention_results.csv
cub,100,1.0,True,22.0,0.7176389098167419,/home/dani00003/mCREAM/experiments/CUB/train_cbm/Standard_CUB/cub_progressive_noise/CREAM_cub_progressive_noise/noise_100/lightning_logs/version_0/intervention_results.csv
cub,100,1.0,True,23.0,0.7176389098167419,/home/dani00003/mCREAM/experiments/CUB/train_cbm/Standard_CUB/cub_progressive_noise/CREAM_cub_progressive_noise/noise_100/lightning_logs/version_0/intervention_results.csv
cub,100,1.0,True,24.0,0.7176389098167419,/home/dani00003/mCREAM/experiments/CUB/train_cbm/Standard_CUB/cub_progressive_noise/CREAM_cub_progressive_noise/noise_100/lightning_logs/version_0/intervention_results.csv
cub,100,1.0,True,25.0,0.7176389098167419,/home/dani00003/mCREAM/experiments/CUB/train_cbm/Standard_CUB/cub_progressive_noise/CREAM_cub_progressive_noise/noise_100/lightning_logs/version_0/intervention_results.csv
