,has_bill_shape::curved_(up_or_down),has_bill_shape::needle,has_bill_shape::spatulate,has_bill_shape::all-purpose,has_wing_color::blue,has_wing_color::rufous,has_wing_color::grey,has_wing_color::orange,has_wing_color::black,has_wing_color::red,has_upperparts_color::blue,has_upperparts_color::rufous,has_upperparts_color::grey,has_upperparts_color::orange,has_upperparts_color::black,has_upperparts_color::red,has_underparts_color::blue,has_underparts_color::rufous,has_underparts_color::grey,has_underparts_color::orange,has_underparts_color::black,has_underparts_color::red,has_underparts_color::buff,has_breast_pattern::spotted,has_breast_pattern::striped,has_back_color::blue,has_back_color::rufous,has_back_color::grey,has_back_color::orange,has_back_color::black,has_back_color::red,has_tail_shape::rounded_tail,has_upper_tail_color::blue,has_upper_tail_color::rufous,has_upper_tail_color::orange,has_upper_tail_color::black,has_upper_tail_color::red,has_head_pattern::unique_pattern,has_head_pattern::eyering,has_breast_color::blue,has_breast_color::rufous,has_breast_color::grey,has_breast_color::orange,has_breast_color::black,has_breast_color::red,has_throat_color::rufous,has_throat_color::grey,has_throat_color::orange,has_throat_color::black,has_throat_color::red,has_eye_color::orange,has_eye_color::buff,has_bill_length::longer_than_head,has_bill_length::shorter_than_head,has_forehead_color::blue,has_forehead_color::rufous,has_forehead_color::grey,has_forehead_color::orange,has_forehead_color::black,has_under_tail_color::blue,has_under_tail_color::rufous,has_under_tail_color::orange,has_under_tail_color::black,has_under_tail_color::red,has_nape_color::blue,has_nape_color::rufous,has_nape_color::grey,has_nape_color::orange,has_nape_color::black,has_nape_color::red,has_belly_color::blue,has_belly_color::rufous,has_belly_color::grey,has_belly_color::orange,has_belly_color::black,has_belly_color::red,has_belly_color::buff,has_wing_shape::rounded-wings,has_size::large_(16_-_32_in),has_size::very_large_(32_-_72_in),has_size::medium_(9_-_16_in),has_shape::long-legged-like,has_shape::swallow-like,has_shape::perching-like,has_back_pattern::spotted,has_back_pattern::striped,has_back_pattern::multi-colored,has_tail_pattern::spotted,has_tail_pattern::striped,has_tail_pattern::multi-colored,has_primary_color::blue,has_primary_color::rufous,has_primary_color::grey,has_primary_color::orange,has_primary_color::black,has_primary_color::red,has_leg_color::rufous,has_leg_color::orange,has_leg_color::red,has_bill_color::rufous,has_bill_color::orange,has_bill_color::red,has_bill_color::buff,has_crown_color::blue,has_crown_color::rufous,has_crown_color::grey,has_crown_color::orange,has_crown_color::black,has_crown_color::buff,has_wing_pattern::solid,has_wing_pattern::spotted,has_wing_pattern::striped,001.Black_footed_Albatross,002.Laysan_Albatross,003.Sooty_Albatross,004.Groove_billed_Ani,005.Crested_Auklet,006.Least_Auklet,007.Parakeet_Auklet,008.Rhinoceros_Auklet,009.Brewer_Blackbird,010.Red_winged_Blackbird,011.Rusty_Blackbird,012.Yellow_headed_Blackbird,013.Bobolink,014.Indigo_Bunting,015.Lazuli_Bunting,016.Painted_Bunting,017.Cardinal,018.Spotted_Catbird,019.Gray_Catbird,020.Yellow_breasted_Chat,021.Eastern_Towhee,022.Chuck_will_Widow,023.Brandt_Cormorant,024.Red_faced_Cormorant,025.Pelagic_Cormorant,026.Bronzed_Cowbird,027.Shiny_Cowbird,028.Brown_Creeper,029.American_Crow,030.Fish_Crow,031.Black_billed_Cuckoo,032.Mangrove_Cuckoo,033.Yellow_billed_Cuckoo,034.Gray_crowned_Rosy_Finch,035.Purple_Finch,036.Northern_Flicker,037.Acadian_Flycatcher,038.Great_Crested_Flycatcher,039.Least_Flycatcher,040.Olive_sided_Flycatcher,041.Scissor_tailed_Flycatcher,042.Vermilion_Flycatcher,043.Yellow_bellied_Flycatcher,044.Frigatebird,045.Northern_Fulmar,046.Gadwall,047.American_Goldfinch,048.European_Goldfinch,049.Boat_tailed_Grackle,050.Eared_Grebe,051.Horned_Grebe,052.Pied_billed_Grebe,053.Western_Grebe,054.Blue_Grosbeak,055.Evening_Grosbeak,056.Pine_Grosbeak,057.Rose_breasted_Grosbeak,058.Pigeon_Guillemot,059.California_Gull,060.Glaucous_winged_Gull,061.Heermann_Gull,062.Herring_Gull,063.Ivory_Gull,064.Ring_billed_Gull,065.Slaty_backed_Gull,066.Western_Gull,067.Anna_Hummingbird,068.Ruby_throated_Hummingbird,069.Rufous_Hummingbird,070.Green_Violetear,071.Long_tailed_Jaeger,072.Pomarine_Jaeger,073.Blue_Jay,074.Florida_Jay,075.Green_Jay,076.Dark_eyed_Junco,077.Tropical_Kingbird,078.Gray_Kingbird,079.Belted_Kingfisher,080.Green_Kingfisher,081.Pied_Kingfisher,082.Ringed_Kingfisher,083.White_breasted_Kingfisher,084.Red_legged_Kittiwake,085.Horned_Lark,086.Pacific_Loon,087.Mallard,088.Western_Meadowlark,089.Hooded_Merganser,090.Red_breasted_Merganser,091.Mockingbird,092.Nighthawk,093.Clark_Nutcracker,094.White_breasted_Nuthatch,095.Baltimore_Oriole,096.Hooded_Oriole,097.Orchard_Oriole,098.Scott_Oriole,099.Ovenbird,100.Brown_Pelican,101.White_Pelican,102.Western_Wood_Pewee,103.Sayornis,104.American_Pipit,105.Whip_poor_Will,106.Horned_Puffin,107.Common_Raven,108.White_necked_Raven,109.American_Redstart,110.Geococcyx,111.Loggerhead_Shrike,112.Great_Grey_Shrike,113.Baird_Sparrow,114.Black_throated_Sparrow,115.Brewer_Sparrow,116.Chipping_Sparrow,117.Clay_colored_Sparrow,118.House_Sparrow,119.Field_Sparrow,120.Fox_Sparrow,121.Grasshopper_Sparrow,122.Harris_Sparrow,123.Henslow_Sparrow,124.Le_Conte_Sparrow,125.Lincoln_Sparrow,126.Nelson_Sharp_tailed_Sparrow,127.Savannah_Sparrow,128.Seaside_Sparrow,129.Song_Sparrow,130.Tree_Sparrow,131.Vesper_Sparrow,132.White_crowned_Sparrow,133.White_throated_Sparrow,134.Cape_Glossy_Starling,135.Bank_Swallow,136.Barn_Swallow,137.Cliff_Swallow,138.Tree_Swallow,139.Scarlet_Tanager,140.Summer_Tanager,141.Artic_Tern,142.Black_Tern,143.Caspian_Tern,144.Common_Tern,145.Elegant_Tern,146.Forsters_Tern,147.Least_Tern,148.Green_tailed_Towhee,149.Brown_Thrasher,150.Sage_Thrasher,151.Black_capped_Vireo,152.Blue_headed_Vireo,153.Philadelphia_Vireo,154.Red_eyed_Vireo,155.Warbling_Vireo,156.White_eyed_Vireo,157.Yellow_throated_Vireo,158.Bay_breasted_Warbler,159.Black_and_white_Warbler,160.Black_throated_Blue_Warbler,161.Blue_winged_Warbler,162.Canada_Warbler,163.Cape_May_Warbler,164.Cerulean_Warbler,165.Chestnut_sided_Warbler,166.Golden_winged_Warbler,167.Hooded_Warbler,168.Kentucky_Warbler,169.Magnolia_Warbler,170.Mourning_Warbler,171.Myrtle_Warbler,172.Nashville_Warbler,173.Orange_crowned_Warbler,174.Palm_Warbler,175.Pine_Warbler,176.Prairie_Warbler,177.Prothonotary_Warbler,178.Swainson_Warbler,179.Tennessee_Warbler,180.Wilson_Warbler,181.Worm_eating_Warbler,182.Yellow_Warbler,183.Northern_Waterthrush,184.Louisiana_Waterthrush,185.Bohemian_Waxwing,186.Cedar_Waxwing,187.American_Three_toed_Woodpecker,188.Pileated_Woodpecker,189.Red_bellied_Woodpecker,190.Red_cockaded_Woodpecker,191.Red_headed_Woodpecker,192.Downy_Woodpecker,193.Bewick_Wren,194.Cactus_Wren,195.Carolina_Wren,196.House_Wren,197.Marsh_Wren,198.Rock_Wren,199.Winter_Wren,200.Common_Yellowthroat
has_bill_shape::curved_(up_or_down),True,True,False,False,True,True,False,True,True,False,False,False,True,False,True,True,True,False,True,True,False,False,False,False,False,False,False,False,True,False,False,True,False,False,False,True,True,False,False,False,False,True,False,False,False,False,True,False,False,True,True,True,False,False,False,True,False,False,False,True,False,False,True,True,True,False,True,False,False,False,False,False,False,False,False,True,False,False,True,False,False,True,True,True,True,True,False,False,False,False,True,False,False,False,False,True,False,False,True,False,False,False,False,True,False,False,False,False,False,True,False,False,False,False,True,False,False,True,False,True,False,False,True,True,True,True,False,False,False,True,False,True,True,True,False,True,False,False,False,False,True,True,False,True,False,False,False,False,False,False,True,True,False,True,False,True,False,False,True,False,True,False,True,False,False,False,False,False,False,True,False,False,False,True,True,True,True,False,True,False,False,False,False,True,True,False,False,False,False,False,False,False,False,True,True,True,True,True,False,False,True,True,False,True,False,True,False,False,False,True,False,False,False,True,True,True,False,False,True,True,False,True,False,False,True,True,True,False,True,False,False,True,False,False,True,True,False,False,True,True,True,False,True,False,True,False,False,False,False,True,False,False,True,True,False,False,False,False,False,False,True,False,True,False,True,True,False,False,False,False,False,False,False,True,True,False,False,True,True,False,False,False,False,True,False,False,False,False,False,False,False,False,True,True,False,False,True,False,False,True,False,False,False,True,False,False,False,True,False,False,True,True
has_bill_shape::needle,True,False,True,True,False,False,True,False,False,False,False,True,False,False,False,False,False,False,True,False,False,True,False,False,True,True,False,False,False,True,False,True,False,False,True,True,True,False,False,False,False,False,False,False,False,True,False,True,True,False,True,False,True,False,False,False,False,True,False,True,True,True,False,False,False,False,True,True,False,False,False,False,False,False,False,True,False,True,True,False,False,True,True,False,True,False,True,True,True,True,False,True,False,True,False,True,True,True,False,False,False,False,False,True,True,False,False,False,True,False,False,False,False,False,False,False,False,False,False,False,True,True,False,False,False,True,False,False,False,False,False,False,False,True,False,True,True,False,False,True,True,False,False,False,True,False,True,True,True,False,False,True,False,True,False,True,True,True,False,True,True,False,False,True,True,False,True,True,True,True,True,False,False,True,False,True,False,False,False,False,True,True,False,True,True,True,True,False,False,False,False,False,False,False,True,False,True,False,False,False,True,False,False,True,True,False,False,True,False,True,True,False,True,False,False,True,False,True,True,False,False,False,False,False,False,True,True,True,False,False,True,False,True,False,False,False,True,True,True,False,True,False,False,False,True,True,True,False,False,False,True,False,False,False,True,True,False,False,True,False,False,False,True,False,False,False,False,False,True,False,True,True,False,False,False,True,False,False,True,False,True,False,False,False,False,False,True,True,False,True,False,False,True,True,True,True,True,False,True,False,True,True,True,True,False,False,False,False,True,False,True,True
has_bill_shape::spatulate,True,True,False,False,False,False,True,True,False,False,True,False,False,True,True,False,True,False,True,False,False,False,False,True,False,False,False,True,True,False,False,True,True,False,False,True,False,True,False,True,True,False,True,False,False,True,True,True,False,True,False,False,False,False,False,True,True,True,True,True,True,True,False,False,False,True,True,False,False,True,False,False,True,False,False,True,False,False,False,False,False,True,True,False,True,False,False,False,False,False,True,False,True,True,False,True,True,False,True,False,False,False,False,True,False,False,False,False,False,True,False,False,False,False,False,True,True,True,True,False,False,True,True,False,True,True,True,False,False,False,False,False,True,False,False,False,False,False,False,True,False,True,True,False,False,False,True,False,True,False,False,False,False,True,True,True,False,True,False,False,False,True,False,True,True,False,True,False,False,False,True,False,True,True,True,True,False,True,False,False,True,False,True,True,True,True,True,False,True,True,False,True,False,True,False,True,False,False,False,True,False,False,False,False,False,False,False,True,True,False,False,False,True,False,False,True,True,False,False,False,False,False,False,False,True,True,True,True,False,True,True,False,False,False,True,False,False,False,False,False,False,False,True,True,False,False,False,False,True,False,True,False,False,False,False,True,False,True,True,False,True,False,False,False,False,True,True,False,False,False,False,False,False,False,False,False,True,False,False,False,False,False,False,False,False,False,False,True,True,True,False,False,False,True,False,True,False,True,False,True,True,False,False,True,False,True,True,True,False,True,False,False
has_bill_shape::all-purpose,True,True,True,True,False,False,False,False,False,True,True,False,False,False,True,False,True,True,True,True,False,False,False,True,False,True,False,False,True,False,False,True,True,True,False,False,False,False,True,False,True,False,True,False,True,False,False,False,False,False,False,False,True,True,False,False,False,True,True,False,False,True,False,True,False,True,False,True,False,False,False,False,True,False,True,True,False,False,False,True,False,False,True,True,False,False,True,False,True,False,False,False,False,True,True,True,False,False,True,False,False,True,False,True,False,False,True,True,False,False,False,False,True,True,False,False,False,False,False,False,False,True,False,False,True,False,False,True,False,True,False,True,True,False,False,False,False,False,True,False,True,False,True,False,False,True,False,False,False,False,False,False,True,False,False,True,False,False,True,False,True,False,False,True,False,False,False,True,False,False,False,False,True,False,False,True,True,False,True,False,False,True,False,True,True,True,True,True,True,False,False,False,True,False,True,False,False,False,False,False,False,True,True,False,True,False,False,True,True,False,False,True,True,True,True,False,False,False,True,True,False,True,False,False,False,False,False,False,False,False,False,False,False,False,False,True,False,False,False,False,True,False,True,False,False,True,True,True,True,False,True,False,True,False,True,True,True,True,False,True,False,False,True,False,True,False,False,False,True,False,True,False,True,False,False,False,False,True,True,True,True,False,False,False,False,False,True,False,True,False,False,False,False,False,False,True,False,False,False,False,False,False,False,True,True,False,False,True,False,False,True,True
has_wing_color::blue,False,True,False,True,True,False,True,True,False,False,False,True,True,False,True,False,True,True,True,False,False,False,True,False,False,False,True,False,True,True,False,False,False,True,False,True,False,False,True,False,True,True,False,True,True,True,False,False,False,True,False,True,True,True,True,True,True,True,False,True,False,False,True,True,True,False,True,False,False,True,True,False,False,False,True,False,True,True,True,True,True,True,True,False,False,False,True,True,False,False,False,True,True,False,True,False,True,True,True,True,False,True,False,True,False,True,True,True,True,False,False,True,False,True,True,False,False,True,False,True,False,False,True,True,True,False,False,True,True,True,True,False,False,True,True,True,False,False,False,False,True,False,True,True,True,False,True,False,True,False,False,False,False,False,False,True,True,False,False,False,False,False,False,False,True,False,True,False,True,False,False,False,False,False,False,False,True,False,True,False,True,True,False,False,True,True,True,False,True,False,True,False,False,False,False,True,True,True,False,True,False,False,False,False,False,True,False,False,True,True,True,False,True,False,True,False,True,False,False,False,False,False,False,False,False,False,False,False,True,False,True,True,True,True,True,True,True,True,True,False,False,True,True,False,True,False,False,False,True,False,True,False,True,False,True,True,True,False,False,True,False,False,True,True,False,True,True,False,False,False,False,True,False,True,False,True,False,False,False,False,False,True,False,False,True,False,True,False,False,False,True,True,False,False,False,False,True,True,False,True,True,False,False,True,True,False,False,False,False,False,True,False
has_wing_color::rufous,True,True,True,False,False,True,True,True,True,True,True,True,False,True,False,False,True,False,False,True,True,True,False,False,False,True,True,True,True,False,True,False,False,True,True,False,True,False,True,True,False,False,True,True,True,False,False,True,False,False,True,True,True,False,True,True,False,False,True,True,True,False,True,True,False,False,False,True,True,False,False,True,False,False,False,True,True,False,True,False,False,False,False,True,True,False,True,True,False,False,False,True,False,True,False,False,False,True,True,True,False,True,True,True,False,True,False,True,True,False,False,False,False,True,False,True,False,False,False,True,False,True,False,False,True,False,False,False,False,False,False,False,False,False,False,False,False,False,True,False,False,False,True,True,False,False,False,False,False,False,False,False,True,False,False,False,True,True,False,False,True,False,True,True,False,False,False,False,False,False,False,True,True,False,False,False,True,False,False,False,False,True,False,False,False,False,True,True,True,False,True,True,True,False,False,False,False,True,True,True,True,True,False,False,False,False,False,False,False,False,False,True,True,False,False,False,False,True,True,False,True,False,True,False,False,True,False,True,True,False,False,False,False,False,True,True,False,True,False,False,False,True,False,True,False,False,False,True,False,False,True,False,False,False,False,False,True,False,False,False,False,False,True,True,True,False,True,True,False,False,True,True,False,True,True,False,True,True,True,False,False,True,False,False,True,True,False,True,False,True,False,False,False,True,False,True,False,False,True,True,True,False,False,True,False,False,True,True,True,False,False,False
has_wing_color::grey,True,False,False,True,True,False,False,True,True,False,True,True,False,False,True,True,True,True,True,True,False,False,True,False,False,True,True,True,True,False,False,False,False,True,True,True,True,True,False,True,True,True,False,True,False,True,True,False,True,True,True,True,False,False,False,False,False,True,True,False,False,False,True,False,True,True,True,False,True,True,True,False,True,False,True,True,False,True,False,True,False,False,False,True,False,True,False,False,True,False,False,False,False,True,True,True,True,True,False,False,True,True,True,True,True,True,True,False,False,False,False,False,False,True,True,False,True,True,False,True,True,True,True,False,False,False,True,True,True,True,True,False,True,False,False,False,True,False,False,False,False,False,False,True,True,False,False,False,False,False,False,True,False,True,True,False,True,False,False,True,True,False,True,True,False,False,False,True,True,False,False,True,True,False,False,False,False,False,False,True,False,False,True,True,False,False,False,False,False,False,True,False,True,True,False,False,True,True,False,False,True,True,True,False,True,True,True,False,False,True,False,True,False,True,True,False,False,True,False,True,False,False,False,False,True,False,True,False,False,False,True,False,False,False,False,False,True,False,False,True,False,True,False,False,True,False,True,False,False,False,True,False,True,True,True,True,False,False,True,False,True,False,False,True,False,True,True,False,True,False,False,False,False,True,False,False,True,False,True,False,False,True,True,False,True,False,True,False,True,False,False,False,True,False,False,False,True,True,False,True,True,False,True,True,False,False,True,False,False,False,False,False
has_wing_color::orange,False,False,True,True,False,False,False,True,True,True,False,False,False,True,True,False,False,False,True,False,True,True,False,False,False,True,False,False,True,False,True,True,False,True,True,False,True,False,False,True,True,True,True,True,True,True,True,False,True,True,False,True,False,True,False,True,True,True,True,True,False,True,True,True,False,False,False,True,True,False,False,True,True,False,False,True,True,True,False,True,True,False,False,False,False,False,True,False,True,False,False,True,False,True,True,True,False,True,False,True,True,True,False,True,False,True,True,False,True,False,True,False,True,False,False,True,False,False,False,False,True,True,False,False,True,True,True,False,True,False,False,False,False,False,False,True,False,True,True,False,True,True,True,True,False,False,False,False,False,False,False,True,False,False,False,False,False,False,False,False,False,False,False,True,True,False,False,True,True,False,False,False,False,True,True,True,True,False,False,False,False,True,True,False,True,True,True,False,False,True,False,False,True,True,False,True,True,True,True,False,False,False,False,False,True,True,False,True,False,False,False,True,False,False,False,True,True,False,False,False,False,False,True,True,True,False,True,True,False,False,True,False,False,False,True,False,True,False,False,False,True,False,False,False,False,False,False,False,False,False,False,True,False,False,True,False,True,True,True,False,True,False,True,False,False,True,True,True,False,False,False,True,True,True,True,True,False,False,False,False,False,True,True,True,False,True,False,True,True,False,False,True,False,True,False,True,False,False,False,True,True,True,True,False,True,True,True,True,False,False,False,True
has_wing_color::black,False,True,True,False,True,True,True,False,True,True,False,True,True,True,True,False,True,True,True,True,True,False,True,False,False,True,True,True,True,True,True,False,True,True,True,True,True,False,False,False,False,False,False,False,True,False,True,False,False,True,True,True,False,True,False,True,False,False,True,True,True,True,True,False,False,False,True,False,False,False,False,True,True,False,False,True,True,False,False,True,True,True,False,False,False,False,False,True,False,False,False,True,False,True,True,True,False,False,False,True,False,True,True,True,False,False,False,False,False,True,False,True,False,True,True,True,False,False,True,True,False,False,False,False,False,False,True,True,False,True,False,True,True,False,True,True,False,True,False,False,False,False,False,True,False,True,True,False,False,False,False,False,True,False,True,False,False,False,True,False,True,False,True,False,True,True,False,False,False,False,False,True,False,False,False,False,True,True,False,False,False,True,False,False,True,True,True,False,False,True,False,True,False,True,True,True,False,True,True,False,False,True,False,False,True,True,True,False,True,False,True,True,True,True,True,False,False,False,False,True,False,True,True,True,True,False,False,True,False,False,True,True,False,True,False,False,True,True,True,True,False,False,False,True,False,False,False,True,True,False,False,True,False,False,False,False,False,False,False,True,False,True,False,False,False,False,False,True,False,False,False,True,True,True,True,True,False,True,False,True,False,True,False,False,False,False,True,True,True,True,False,True,False,False,False,True,False,False,False,False,True,False,True,True,False,False,False,False,True,False,False,True
has_wing_color::red,False,False,False,False,True,True,True,False,True,True,True,True,True,False,False,True,True,False,False,True,True,False,True,False,True,True,True,True,False,True,True,True,True,True,True,False,True,True,False,False,False,True,True,False,True,True,False,True,True,False,False,True,False,False,True,False,True,True,True,True,True,True,False,True,True,False,True,False,False,False,False,True,False,False,True,True,False,False,True,False,True,False,False,True,True,False,False,False,True,True,True,True,True,True,True,False,True,False,False,True,True,False,False,False,False,True,True,False,True,True,False,False,True,True,True,False,False,False,True,False,True,False,True,True,False,True,False,True,True,False,True,True,False,True,True,True,False,True,False,True,False,True,True,False,True,False,True,True,False,False,False,False,False,False,False,True,False,False,True,False,True,True,False,True,False,False,False,False,True,False,False,False,True,False,False,True,True,True,False,False,True,True,False,False,False,False,False,False,True,True,True,False,True,True,False,True,True,True,False,True,True,True,False,False,True,True,True,False,False,False,True,False,True,True,True,False,True,True,True,False,True,False,False,False,True,False,True,False,False,True,True,True,False,False,True,True,False,False,False,False,True,True,False,False,False,True,False,True,True,True,True,False,True,False,True,False,False,False,False,False,False,False,False,False,True,False,False,False,False,True,False,True,True,True,False,True,False,False,False,False,False,False,False,True,False,True,True,False,True,False,False,False,True,False,False,True,True,True,False,True,False,False,False,False,True,False,False,False,False,False,False,True
has_upperparts_color::blue,True,False,True,True,False,False,True,False,False,False,True,True,True,True,True,False,False,True,False,True,False,True,True,True,False,True,True,True,False,True,True,False,True,True,False,True,True,False,True,False,False,True,False,False,True,False,True,False,True,True,True,True,True,False,False,False,True,False,True,True,True,False,False,True,False,False,True,True,True,True,True,True,False,False,True,True,False,True,True,False,True,False,False,False,False,False,False,True,False,False,False,True,True,False,True,True,False,True,False,False,False,True,True,True,True,True,True,True,False,True,True,True,True,True,False,True,False,True,False,False,False,False,True,True,False,False,False,True,False,True,True,True,False,False,False,False,False,False,False,False,False,False,False,True,False,True,False,False,False,False,False,True,True,False,False,False,False,True,False,False,False,False,True,True,False,False,False,False,True,False,False,False,False,False,False,True,False,False,True,False,False,True,False,True,False,False,False,True,False,False,True,False,True,True,True,False,True,False,True,False,True,False,True,False,False,True,False,False,True,False,True,False,False,False,True,False,True,False,False,False,True,False,False,True,False,False,False,False,False,True,True,False,False,False,True,False,True,False,False,False,True,True,False,True,False,True,True,False,False,False,False,True,False,True,False,False,True,False,False,False,False,True,False,True,False,False,True,False,False,False,True,True,True,True,True,True,False,False,False,True,True,False,False,True,False,True,False,True,False,False,False,True,True,True,False,True,False,False,False,False,False,False,False,True,False,False,True,False,False,True,False,True
has_upperparts_color::rufous,False,True,True,False,False,False,True,False,True,False,True,False,True,True,False,True,True,True,True,True,True,True,True,True,False,False,True,True,False,False,False,True,False,True,True,True,False,False,False,True,True,True,False,True,True,True,True,True,False,False,True,True,False,False,True,True,False,True,True,True,True,True,True,False,True,True,False,False,True,True,True,True,True,True,True,True,True,False,False,True,False,True,True,False,False,True,False,True,True,False,True,False,False,True,True,False,True,False,True,False,True,False,False,False,True,True,True,True,True,False,False,False,True,True,False,True,False,False,False,False,False,False,False,False,False,False,False,True,True,False,False,True,False,True,True,True,False,False,False,False,True,True,False,False,False,False,False,False,True,True,True,True,False,False,False,False,True,False,False,False,True,False,False,False,False,False,True,True,False,False,True,True,True,False,False,False,False,False,False,False,True,False,True,True,False,False,False,False,False,False,False,True,True,False,False,True,False,False,False,True,True,False,False,True,True,True,False,False,True,False,True,True,True,False,True,False,True,False,True,False,False,False,True,False,True,False,False,True,True,False,False,True,True,False,False,True,True,True,False,True,False,True,False,True,False,False,False,True,True,False,False,False,True,False,True,False,False,True,False,False,True,False,False,False,False,False,False,True,True,False,False,False,False,False,True,True,False,False,True,False,False,False,False,True,True,False,True,False,False,False,True,True,True,True,True,False,False,True,False,False,True,True,False,False,False,True,False,False,True,False,True,True
has_upperparts_color::grey,False,False,True,False,True,True,True,True,False,True,True,False,True,True,True,False,False,True,False,False,True,True,True,False,False,True,True,True,True,True,True,False,True,True,False,False,True,False,False,False,False,False,False,True,False,True,False,True,True,False,True,True,True,False,False,True,True,True,False,False,True,True,False,True,True,True,False,True,True,False,True,True,True,True,True,True,True,False,False,False,False,True,False,True,True,False,False,False,False,False,True,False,False,True,True,True,False,False,True,True,True,False,True,False,True,False,False,True,True,False,True,False,False,True,True,False,False,True,False,False,True,False,False,True,False,True,False,False,True,False,False,False,True,False,True,False,False,False,False,False,False,True,False,True,True,True,True,False,False,True,False,True,False,True,True,True,True,True,False,False,False,False,False,False,False,True,False,True,False,True,True,False,False,True,True,True,False,False,True,True,False,True,False,False,True,False,False,False,True,False,False,False,False,False,True,False,False,False,False,False,False,False,True,True,False,True,False,False,False,True,False,False,True,False,True,True,True,True,False,True,False,False,False,False,True,False,True,True,True,True,False,True,False,True,False,True,False,True,True,False,True,True,True,False,False,False,False,True,False,False,False,True,True,False,True,True,False,False,False,False,False,False,False,False,True,False,True,True,False,True,False,False,False,True,False,False,True,False,False,False,True,False,True,True,False,True,False,True,False,True,False,False,True,False,True,False,True,True,True,False,False,True,True,False,False,False,False,True,True,False,False,True
has_upperparts_color::orange,False,True,False,False,True,False,True,False,True,True,False,True,False,True,True,True,False,True,True,True,True,True,False,False,False,False,True,True,False,True,True,True,True,True,True,True,True,True,True,True,True,False,True,False,True,True,True,False,True,True,False,True,True,False,True,True,False,True,True,False,True,True,True,False,True,False,True,True,True,False,True,False,True,True,True,True,True,False,False,False,True,False,False,False,False,False,True,False,False,False,True,True,True,True,True,True,False,True,True,False,True,False,False,True,True,False,True,False,False,True,False,True,True,False,True,True,False,True,True,True,True,False,True,True,False,True,False,False,False,False,False,False,True,False,False,False,True,True,False,True,False,False,True,True,True,False,False,True,False,False,False,True,False,False,True,True,True,False,False,False,False,False,False,True,False,True,False,True,True,True,False,False,False,False,False,True,True,True,True,False,True,False,False,False,True,False,True,False,True,False,False,False,False,False,False,False,True,False,False,True,False,False,True,False,False,True,True,False,False,False,True,True,False,False,True,True,False,True,False,False,True,True,False,False,True,False,True,False,False,False,True,False,False,False,False,False,False,False,False,False,True,False,False,False,True,False,True,True,True,False,False,True,False,False,False,True,False,False,False,False,False,False,False,True,False,True,False,True,True,False,True,False,False,False,False,False,True,True,True,False,False,True,True,False,True,False,False,True,False,True,True,True,True,False,True,False,False,False,False,True,True,False,False,False,True,True,True,False,False,False,False,True
has_upperparts_color::black,False,True,False,False,False,True,False,True,False,True,False,False,True,False,True,False,False,True,True,True,False,False,True,False,True,False,False,False,False,False,True,True,False,True,True,False,False,False,False,False,False,False,True,False,False,True,True,False,True,True,True,False,True,True,True,True,False,True,True,False,False,True,False,True,False,False,True,True,True,True,True,False,False,True,True,True,True,False,True,True,True,False,False,True,False,True,False,False,False,True,False,True,True,True,False,True,True,True,True,True,False,True,True,False,False,True,True,False,True,True,True,False,True,True,True,False,True,True,False,False,False,False,False,False,False,False,True,False,False,False,True,False,True,True,True,False,False,True,False,True,False,False,True,False,False,True,True,False,False,True,True,False,True,True,False,False,True,True,True,False,True,False,False,True,False,False,True,True,True,False,False,False,True,True,False,True,False,True,True,True,False,False,True,False,True,True,False,False,True,True,True,False,False,False,True,False,False,False,True,True,False,True,True,False,True,False,False,False,True,False,False,False,True,False,True,True,False,True,True,True,False,False,False,False,False,True,False,False,True,True,False,False,False,False,False,True,False,True,False,False,True,False,True,False,False,False,False,False,False,False,False,True,True,False,True,False,False,False,True,False,True,True,True,True,False,False,False,True,False,True,False,False,False,True,False,True,False,False,False,False,True,False,True,True,True,False,True,True,False,True,False,False,True,False,False,False,False,False,True,False,False,True,False,False,True,False,False,True,False,False,False,True
has_upperparts_color::red,True,False,False,False,False,False,True,True,True,False,True,True,True,False,True,False,True,True,False,True,False,True,True,False,True,True,True,True,False,True,False,False,False,True,True,True,True,True,False,True,False,False,True,False,True,False,True,True,False,True,True,True,True,True,False,True,True,True,True,False,True,False,True,True,True,False,True,True,True,False,True,True,True,True,True,False,True,False,True,True,True,False,True,False,False,False,True,True,False,False,False,False,False,False,False,False,True,False,False,True,True,True,True,True,True,True,False,True,False,True,False,False,False,False,False,False,False,True,True,True,False,True,False,False,False,False,False,False,True,False,False,True,True,True,False,False,False,True,False,False,False,False,True,True,False,False,False,True,False,True,False,True,False,False,False,True,False,False,False,False,False,False,True,False,True,True,False,False,True,False,False,True,True,True,False,False,False,False,False,False,False,True,False,False,False,False,True,False,False,False,True,False,False,True,True,False,False,False,True,True,True,False,False,False,False,False,False,True,False,False,False,True,False,True,False,False,False,False,False,False,False,True,False,False,True,False,True,True,True,True,False,False,False,True,False,False,False,False,True,False,True,False,True,True,True,True,False,True,True,False,True,False,False,True,False,False,False,True,False,False,True,True,False,True,False,True,False,False,False,False,False,True,False,True,True,False,True,False,True,False,False,True,False,True,True,False,False,False,True,True,False,True,True,False,False,False,True,False,True,True,True,False,False,False,True,False,False,True,True,False,True,True
has_underparts_color::blue,False,False,True,False,False,False,False,True,True,False,True,True,False,False,True,False,True,False,True,True,True,False,True,True,True,True,True,False,True,True,True,False,False,True,False,True,True,False,True,True,False,False,True,False,True,True,False,True,False,True,True,True,True,False,False,True,True,False,False,True,True,True,True,False,True,False,False,True,True,False,True,True,True,True,True,True,False,False,False,False,True,True,False,False,False,True,False,True,True,True,True,True,True,False,False,False,False,False,False,True,True,False,False,False,True,True,True,True,True,True,False,True,False,True,False,True,False,False,True,True,True,False,True,False,True,True,True,False,True,True,True,True,False,False,False,False,True,False,False,False,False,True,False,False,True,False,False,False,True,True,False,True,True,False,False,True,False,True,True,True,True,False,False,True,True,False,True,True,False,False,False,False,False,False,False,False,False,True,True,False,True,False,False,True,False,False,True,True,False,True,False,True,False,True,True,True,False,False,False,True,False,False,True,True,False,True,False,True,True,False,True,True,False,False,False,True,False,False,False,False,False,False,False,True,False,True,False,False,False,False,True,False,False,False,False,True,True,False,True,False,False,True,True,True,True,False,False,True,False,False,False,False,True,False,False,True,False,False,False,False,False,False,False,False,True,True,False,True,False,False,True,False,False,True,False,False,True,False,False,False,False,False,False,False,False,False,False,False,False,True,True,False,False,True,False,True,False,True,True,False,False,True,False,True,False,True,False,False,True,False,True,True
has_underparts_color::rufous,True,True,True,True,True,True,True,True,False,True,True,True,False,True,False,False,True,False,False,True,True,True,True,False,False,True,True,False,True,True,False,True,False,False,False,False,True,False,False,True,False,True,False,False,True,True,False,True,True,True,True,True,True,False,False,True,False,False,True,True,True,True,False,True,True,False,True,False,False,True,False,False,False,False,True,True,True,True,False,True,False,False,True,False,False,False,True,False,False,False,False,False,True,False,False,True,True,True,True,True,True,False,True,True,False,False,True,True,False,False,False,True,False,True,False,False,False,True,False,False,True,False,False,False,True,False,True,True,False,True,False,False,True,True,False,False,True,False,True,True,True,False,False,False,False,True,False,False,False,False,True,True,False,False,False,False,False,False,False,True,True,False,True,False,True,False,True,False,False,False,False,True,False,True,False,True,False,True,False,True,False,False,False,True,True,False,True,False,True,True,True,True,True,True,False,True,False,True,False,False,True,False,False,False,True,False,True,False,False,False,False,True,True,True,False,False,False,False,True,False,False,False,True,False,True,False,False,True,True,False,False,True,True,False,True,False,True,False,False,False,False,True,False,False,True,False,False,False,True,False,False,False,False,False,False,False,False,False,False,True,True,True,False,False,False,True,False,False,False,False,False,False,False,False,False,True,False,True,False,True,True,False,True,True,False,True,True,False,False,True,False,False,False,True,True,True,True,True,True,True,False,True,True,False,True,False,True,True,True,False,False,False
has_underparts_color::grey,False,False,False,True,False,True,False,True,True,False,True,True,False,True,False,False,False,True,False,False,False,True,True,False,False,False,True,True,True,True,True,False,False,False,False,True,False,False,True,True,False,False,True,False,True,False,True,False,False,True,False,False,False,True,False,True,True,True,True,True,False,True,False,False,False,False,False,False,False,False,True,False,True,False,False,False,False,False,True,False,False,True,True,True,False,False,True,False,True,False,True,True,True,True,False,True,False,False,True,False,True,False,False,True,False,True,False,False,False,True,False,True,True,False,False,True,True,False,True,False,False,False,False,True,True,False,False,True,False,True,True,False,True,True,True,False,True,False,False,False,False,True,False,True,False,True,False,False,True,True,True,True,False,False,True,False,False,False,False,False,False,False,True,False,True,False,True,False,False,True,False,True,False,True,True,False,False,True,True,False,False,True,False,True,True,True,False,True,False,True,True,False,False,True,False,True,False,True,True,False,False,True,True,True,True,False,False,False,False,False,False,True,False,True,True,True,True,True,False,False,True,True,False,True,False,True,False,True,False,True,False,False,False,False,False,True,False,True,False,True,True,True,True,False,True,False,True,False,False,False,False,False,False,False,True,False,False,True,False,True,False,False,False,True,False,True,False,False,True,False,True,True,False,True,True,False,False,True,True,False,False,False,True,True,True,False,False,False,True,False,False,False,True,False,True,True,False,True,False,False,True,True,True,True,True,True,False,False,True,True,False,False
has_underparts_color::orange,True,False,False,True,False,False,True,True,True,True,False,True,True,True,False,True,True,False,True,False,True,True,False,True,True,True,False,False,True,False,False,False,False,False,False,True,False,False,False,True,True,True,True,False,False,True,False,False,False,False,False,False,True,False,True,False,True,True,False,False,True,True,False,False,True,True,False,True,True,False,False,True,False,True,False,False,True,False,False,True,False,False,True,True,False,True,True,False,False,True,True,True,True,True,True,True,True,True,True,False,True,False,True,True,False,False,True,True,True,True,False,True,True,False,True,False,False,False,False,False,False,False,False,True,False,False,False,False,True,False,True,False,False,False,True,True,True,True,False,False,False,False,False,True,False,True,False,False,True,False,False,True,False,True,True,False,False,False,False,False,False,True,False,False,True,False,False,True,False,False,True,True,False,True,True,False,False,False,False,True,True,False,True,False,True,False,True,True,False,True,False,False,True,True,True,True,True,False,False,False,False,True,True,False,True,False,True,False,False,True,False,True,False,False,False,False,False,True,False,False,True,False,False,True,True,False,True,False,False,False,True,False,True,True,False,True,False,False,False,True,False,True,False,True,False,True,True,False,True,True,False,False,True,False,True,False,False,True,False,True,True,False,False,False,True,True,False,False,False,False,True,True,False,False,False,False,False,False,True,True,True,False,False,True,False,True,True,False,True,False,False,True,True,True,False,False,True,True,False,False,True,True,True,True,False,False,False,False,False,False,False,False
has_underparts_color::black,False,True,True,True,False,True,False,True,True,True,True,True,True,False,False,True,False,True,True,False,True,True,True,False,False,True,False,False,False,True,False,False,True,True,True,False,True,False,True,True,True,True,False,False,False,True,False,True,True,True,True,True,False,True,False,False,False,True,True,True,True,True,True,True,False,False,True,True,True,False,False,True,True,False,False,True,True,True,False,False,True,False,True,True,False,False,True,True,False,False,False,True,True,False,True,True,True,False,True,False,True,False,True,False,True,False,True,True,True,False,False,False,True,False,False,False,False,True,False,True,True,False,False,False,False,False,False,False,False,False,False,False,True,True,True,True,True,True,True,True,False,False,False,True,False,True,False,False,True,True,True,False,True,True,False,False,False,False,False,False,True,False,False,True,False,False,False,False,False,False,True,False,True,True,False,False,False,False,False,False,True,False,False,True,False,False,False,False,True,False,True,False,False,True,False,True,True,True,False,False,False,False,False,True,True,True,True,False,True,True,False,False,True,True,False,True,False,False,False,False,False,False,False,False,True,False,False,True,False,False,False,True,False,False,True,True,False,False,True,False,False,False,False,False,True,True,True,True,True,False,False,False,False,False,True,False,False,False,True,True,False,True,True,True,True,False,False,True,True,True,False,False,False,False,False,False,False,False,False,True,False,True,True,False,True,True,False,True,False,True,False,True,False,False,False,True,True,True,True,False,True,False,True,True,True,False,True,False,True,False,False,False
has_underparts_color::red,False,False,False,True,False,False,True,True,True,True,False,False,True,True,False,False,False,True,False,True,True,True,True,True,False,True,True,False,False,False,True,True,True,True,False,True,True,False,False,True,False,False,True,True,False,True,True,False,True,True,True,False,False,False,False,False,True,True,False,False,False,True,True,False,False,False,True,True,False,True,True,False,True,True,False,True,True,True,True,False,True,True,True,False,False,False,False,False,False,False,False,False,False,False,False,False,False,True,True,False,False,True,False,True,True,True,True,True,True,True,True,True,False,False,True,False,True,True,True,False,False,False,False,False,True,False,True,True,True,False,False,False,True,False,True,False,True,True,True,True,False,False,False,False,False,False,False,False,True,True,False,False,False,True,False,False,False,False,True,True,False,False,False,True,False,True,True,False,False,False,False,True,False,False,False,False,True,False,True,True,True,True,False,True,False,False,False,False,True,False,False,False,False,True,False,True,True,False,False,True,True,False,True,False,True,False,False,False,False,False,True,False,True,True,False,False,False,True,True,False,False,False,False,False,False,True,False,True,False,True,False,False,False,True,False,False,False,False,True,True,True,False,False,False,False,True,True,True,True,False,False,False,True,True,False,True,False,False,False,False,False,False,True,True,False,True,False,False,False,False,True,True,True,True,True,False,True,False,False,False,True,True,False,True,False,False,True,False,True,False,True,False,False,False,False,True,False,False,True,True,False,False,True,False,False,False,True,False,True,False,False,True
has_underparts_color::buff,True,False,False,True,True,False,True,True,True,False,True,False,False,True,True,True,False,False,True,False,True,True,False,True,False,False,False,True,True,True,True,False,True,True,True,True,False,False,False,False,True,True,False,True,True,True,True,False,False,True,False,True,False,True,False,False,True,True,False,True,True,True,True,False,True,False,True,False,False,False,True,True,False,False,True,True,True,False,True,True,True,False,True,False,True,False,False,False,False,True,False,True,False,False,True,False,False,True,True,True,True,True,True,False,False,False,True,True,True,True,False,True,False,False,False,True,True,False,False,True,False,False,True,True,False,False,True,True,True,False,False,False,True,False,False,True,False,False,False,False,False,False,True,True,False,False,False,False,True,False,False,False,False,True,False,False,True,True,False,False,True,True,True,False,False,False,False,False,False,False,False,True,True,False,False,True,False,True,False,False,False,False,False,False,False,False,False,True,False,True,False,False,True,False,False,True,False,True,False,False,False,True,True,True,False,True,True,False,False,True,True,False,False,False,False,False,True,False,True,False,False,False,True,True,True,False,False,False,True,True,False,False,False,True,False,True,False,False,True,True,False,True,True,True,True,True,False,True,False,False,False,True,True,False,False,False,False,False,True,True,False,False,True,False,False,True,True,False,False,False,True,False,True,True,False,False,True,False,False,False,True,False,False,True,False,False,True,False,False,False,True,False,True,True,False,False,False,False,True,True,False,True,False,False,False,False,False,False,True,True,False,True
has_breast_pattern::spotted,False,False,False,True,False,False,False,True,True,False,False,False,False,True,False,False,True,True,False,False,False,True,True,True,True,True,False,False,False,False,False,False,False,False,True,False,True,True,False,False,True,False,False,False,False,False,False,False,True,False,False,True,False,False,False,False,False,True,True,True,True,False,True,True,True,True,False,False,False,True,True,False,True,False,False,False,False,False,False,True,True,True,True,False,False,True,True,False,False,True,False,False,True,True,True,True,False,False,False,True,True,False,False,True,True,False,True,True,True,False,False,True,False,True,False,False,False,False,True,True,False,True,False,False,True,True,False,False,False,False,True,True,False,True,False,False,False,False,False,False,False,True,False,False,False,True,False,False,True,True,False,True,False,False,True,False,False,False,False,False,False,True,True,False,True,True,True,False,False,True,False,False,False,False,False,True,True,True,False,False,False,True,False,False,False,False,True,True,True,False,False,False,True,False,False,True,False,False,False,False,True,False,False,False,True,False,False,False,False,False,False,False,True,False,True,True,True,False,True,False,True,False,False,False,True,False,True,False,True,False,False,False,False,False,False,False,True,True,False,True,False,False,False,True,False,True,True,False,True,False,False,False,True,True,False,False,False,True,False,True,False,False,True,False,True,False,False,False,True,False,False,False,True,False,False,False,True,False,False,False,False,True,False,True,True,False,False,True,True,True,False,False,False,True,False,False,False,False,False,False,False,True,False,False,True,False,False,True,False,False,False,True
has_breast_pattern::striped,True,True,False,False,False,False,False,False,True,False,True,True,True,True,False,True,False,True,True,True,False,True,True,True,True,False,True,False,True,False,True,False,False,False,False,False,False,True,False,False,True,True,True,False,True,False,False,False,True,True,False,False,False,False,False,True,False,True,False,False,False,False,False,True,False,True,True,True,False,False,False,False,False,False,True,True,False,True,False,True,False,False,False,False,True,True,False,True,True,False,True,False,False,True,True,False,True,False,True,False,False,False,False,False,True,False,False,False,False,True,True,False,False,False,True,False,False,False,False,True,True,False,True,False,True,True,True,False,False,True,True,False,False,False,False,False,False,True,False,True,False,True,True,False,False,False,False,True,False,True,False,False,True,True,False,True,False,False,False,True,True,False,True,True,True,False,False,False,False,False,False,False,False,False,True,False,True,True,False,False,True,True,True,False,True,True,False,True,False,False,False,False,False,True,True,False,True,False,False,True,False,False,True,True,True,False,False,False,False,False,False,True,True,False,True,True,True,False,False,True,False,False,False,False,True,False,True,False,False,False,True,False,True,False,False,False,True,True,False,True,False,False,True,False,True,True,True,True,False,False,True,True,True,False,True,False,False,True,False,False,False,True,False,False,True,False,True,False,True,True,False,False,True,True,True,True,True,True,False,False,True,True,True,False,True,False,False,True,True,True,False,True,True,False,False,False,True,False,False,False,True,True,True,False,True,True,False,False,False,False,False,True
has_back_color::blue,True,True,False,True,False,True,True,True,False,True,False,False,True,True,True,False,True,True,True,True,True,True,True,False,False,False,True,False,True,True,True,False,True,False,True,True,False,False,True,True,True,True,True,True,False,True,False,True,True,True,True,True,True,False,False,True,False,False,True,False,True,True,True,True,False,True,False,True,True,True,True,True,False,True,True,True,False,False,False,True,False,True,False,True,True,True,False,False,False,False,True,False,True,True,True,True,False,False,True,False,False,False,True,True,True,False,True,True,True,False,False,False,False,False,False,False,True,True,False,False,False,False,False,False,True,False,False,False,True,False,True,False,True,False,False,False,True,True,False,False,False,False,False,False,True,False,False,False,False,True,False,False,False,True,False,False,True,False,True,True,False,False,False,False,False,True,False,True,False,False,False,True,False,False,False,True,False,False,True,True,False,False,False,False,False,True,True,False,False,True,True,False,False,False,True,False,False,False,True,True,True,True,False,False,False,True,False,False,True,False,True,True,True,True,False,True,False,True,False,True,True,True,True,False,True,False,True,True,False,False,False,False,False,False,True,False,True,False,False,False,True,False,True,True,False,False,False,False,False,True,True,True,False,False,False,False,False,False,True,False,True,False,True,True,True,False,True,False,False,False,False,True,True,False,True,False,False,False,False,False,False,True,True,False,True,True,True,True,False,True,True,False,False,False,False,True,True,False,False,True,False,False,True,False,True,True,False,False,True,True,False,True
has_back_color::rufous,False,True,False,True,True,True,True,True,False,False,False,True,True,True,True,False,False,True,False,False,False,True,False,False,True,False,True,False,False,True,True,True,True,False,True,True,False,True,False,False,True,False,False,True,False,True,True,False,False,False,True,True,False,False,False,True,False,True,False,True,False,False,False,False,True,False,True,False,True,False,True,True,True,False,False,True,False,True,False,False,True,True,False,True,False,True,False,True,False,False,True,False,False,False,True,True,True,True,False,True,True,False,True,False,True,True,True,False,False,True,False,True,False,False,True,True,True,False,True,False,False,False,False,False,True,False,False,False,False,True,False,True,False,False,False,True,False,False,True,False,True,False,True,True,True,True,False,False,False,False,False,False,False,False,False,False,True,True,False,True,False,True,False,False,True,False,False,False,False,True,True,True,False,True,False,True,True,True,False,False,False,True,True,False,True,False,False,False,True,False,False,False,False,True,False,False,True,False,True,True,False,True,False,False,False,False,True,True,False,False,False,True,True,True,False,False,True,False,True,True,False,False,True,True,False,False,False,False,True,False,False,True,False,True,True,True,True,False,False,False,False,False,False,True,True,True,True,True,False,True,True,False,True,False,False,True,True,False,False,False,False,True,True,False,False,False,False,False,False,True,False,False,True,False,True,False,False,True,True,True,True,False,False,False,False,True,False,False,True,True,True,False,False,False,False,False,False,False,False,True,True,True,True,True,False,False,False,True,True,False,False,False
has_back_color::grey,False,True,False,True,False,False,True,True,True,False,True,False,True,False,False,True,True,False,True,True,False,True,True,False,True,True,True,True,True,False,True,False,False,True,True,False,True,False,False,True,True,False,True,True,False,True,True,True,False,True,False,True,False,False,True,False,True,False,False,True,True,False,True,False,False,True,False,True,True,False,False,False,False,False,False,False,False,True,False,False,False,True,False,True,False,False,True,False,True,False,True,True,True,False,True,True,True,False,True,True,False,False,False,False,True,False,False,True,True,True,True,False,True,True,True,False,False,True,False,True,True,True,True,True,False,False,False,False,False,True,True,False,True,False,True,True,True,False,False,False,True,False,True,False,False,False,True,True,False,True,True,True,True,False,False,True,True,True,False,True,True,False,False,False,False,False,False,False,False,True,False,False,False,False,False,False,False,False,False,False,True,False,False,False,False,False,False,True,False,True,True,False,True,False,False,False,False,False,False,True,False,False,False,False,False,True,False,False,False,True,True,True,False,True,False,True,False,True,False,True,False,True,False,True,True,False,False,False,False,False,False,True,True,True,False,True,True,True,False,False,False,False,False,False,False,False,False,False,False,True,True,True,False,False,True,False,True,False,False,False,False,True,False,True,False,False,False,False,False,False,True,False,False,False,True,False,False,False,False,False,True,True,True,False,False,True,False,True,True,True,True,False,False,False,False,False,False,False,True,False,False,False,True,False,False,False,True,False,True,False,True,True
has_back_color::orange,False,False,True,False,True,False,False,False,True,False,True,True,True,True,True,True,False,True,False,True,False,False,True,False,True,True,True,True,False,True,True,False,True,True,False,True,False,True,False,False,False,True,True,False,True,True,True,True,True,False,True,True,False,True,False,False,True,True,False,False,True,False,False,True,True,False,True,True,False,False,True,False,False,True,True,True,False,True,True,True,False,True,True,True,False,False,True,True,True,True,True,False,False,True,False,True,True,False,True,False,True,False,True,True,True,False,False,True,True,True,False,False,False,True,False,True,False,True,False,True,True,False,False,True,False,False,False,False,False,False,False,True,False,True,True,False,False,False,False,False,False,False,False,False,False,False,True,False,False,False,True,False,False,True,False,False,True,True,False,True,True,False,True,False,True,False,False,False,False,False,True,True,False,True,False,False,False,False,False,False,True,False,False,True,False,False,False,False,True,True,True,False,False,False,False,False,False,True,True,True,True,False,False,False,True,True,True,True,True,True,False,False,False,False,False,True,False,True,True,True,False,False,False,True,False,False,False,False,False,True,True,False,False,True,True,False,False,True,True,False,True,False,False,False,False,True,True,False,True,True,False,False,False,False,False,False,True,False,False,False,False,False,True,True,False,True,True,False,False,True,False,True,False,True,False,True,True,False,True,False,False,True,False,True,False,False,True,True,True,True,False,True,True,False,True,False,True,True,False,False,False,True,False,False,False,False,False,True,False,True,True,True
has_back_color::black,False,False,False,False,False,True,False,True,True,True,False,True,True,True,True,False,False,True,True,False,True,True,False,False,True,False,True,False,True,True,False,False,True,False,True,True,False,False,False,False,True,True,False,False,True,True,True,False,False,True,False,True,True,False,True,True,False,True,True,True,True,True,False,True,True,True,False,False,True,True,False,True,False,True,True,True,False,False,True,False,True,False,False,False,True,False,True,True,True,True,True,True,False,True,True,True,False,True,True,False,False,True,True,True,False,True,False,False,True,True,True,False,False,False,False,False,True,False,False,False,False,False,False,False,True,False,False,True,True,False,False,False,True,True,False,False,False,False,True,True,True,False,True,False,False,False,False,True,False,False,False,False,False,False,True,True,False,False,False,False,True,False,True,False,False,False,False,True,False,False,True,False,False,True,False,True,True,False,True,True,True,False,True,True,False,False,False,True,False,False,True,True,True,True,True,True,False,True,True,True,False,False,False,False,False,False,False,False,True,False,False,True,True,True,False,False,True,True,False,True,False,False,False,True,False,False,False,False,False,False,True,False,False,True,False,False,False,False,False,True,True,True,True,True,False,False,True,True,True,True,True,False,True,False,False,False,False,True,False,True,False,False,True,True,True,False,False,False,False,False,False,True,False,False,False,True,False,True,False,False,False,True,True,True,False,True,False,False,False,True,False,False,True,False,False,False,True,True,False,True,True,False,True,False,False,True,False,False,True,False,True,False
has_back_color::red,False,False,True,True,True,True,False,False,True,True,True,False,False,True,False,True,True,True,False,True,True,False,True,True,True,True,True,True,True,False,True,True,True,False,False,True,True,False,False,True,True,True,False,True,False,True,False,True,False,True,True,True,False,True,False,False,True,True,False,True,False,False,True,True,False,True,False,True,True,True,True,True,True,False,True,False,False,True,True,True,False,False,False,False,True,False,False,False,True,True,False,False,False,True,False,False,True,True,False,False,True,True,True,True,False,True,False,True,True,False,True,False,False,True,True,True,True,False,True,True,False,False,True,True,False,True,True,False,True,True,False,True,False,False,False,True,False,False,True,False,True,True,True,False,True,True,False,True,True,False,False,False,False,False,False,False,False,False,False,True,True,True,False,False,False,True,True,False,True,True,False,True,True,True,True,False,True,True,False,True,False,False,False,False,False,True,False,True,False,False,True,False,False,True,False,True,False,True,True,True,False,True,False,False,True,False,False,True,False,False,False,True,False,False,False,False,True,False,False,False,True,False,False,False,False,True,False,True,False,False,True,False,False,False,True,False,False,False,True,True,False,True,False,True,False,False,True,False,False,True,False,True,False,False,False,False,False,False,False,True,False,True,True,False,True,False,True,False,True,True,False,False,True,True,False,False,True,False,True,False,False,False,True,False,False,True,True,False,True,False,False,False,False,False,True,False,False,False,True,False,True,False,True,False,True,False,False,False,False,False,False,False
has_tail_shape::rounded_tail,True,True,True,True,False,False,True,True,False,False,True,True,True,True,True,False,True,True,True,True,False,True,True,False,False,True,True,False,True,False,False,False,True,True,True,False,False,False,True,False,True,True,False,True,False,False,False,False,False,False,False,True,False,False,True,False,False,False,False,True,True,True,False,False,True,True,True,True,False,True,False,False,True,True,True,False,False,False,False,False,False,False,True,True,True,False,False,True,True,True,True,True,False,False,False,True,False,True,True,False,False,False,False,True,True,False,False,False,False,False,False,False,False,False,True,False,False,True,False,True,False,True,False,True,True,True,True,True,False,True,False,False,True,False,True,False,False,False,False,True,False,False,False,False,False,False,False,False,False,False,True,False,False,False,False,False,False,False,False,False,False,True,False,True,False,True,False,False,True,False,True,False,False,False,True,True,False,False,False,False,True,False,True,False,False,True,False,False,True,False,False,False,False,True,False,False,False,True,True,False,True,False,True,False,True,False,True,True,False,True,False,False,True,False,True,True,False,False,True,False,False,False,False,True,False,False,True,False,False,False,True,True,True,True,False,False,False,False,True,False,False,True,True,True,True,False,False,True,True,True,False,False,True,False,True,False,False,False,False,True,True,False,False,False,True,True,False,False,False,False,False,True,False,True,False,False,False,False,False,True,False,True,True,True,True,True,True,False,True,True,True,False,False,False,True,True,False,False,True,True,False,False,True,False,False,True,False,False,False,True,False,True
has_upper_tail_color::blue,True,False,True,False,True,True,True,True,False,True,True,False,True,True,True,False,False,False,True,False,False,False,False,True,True,False,True,False,False,True,True,False,False,False,True,True,True,False,False,True,True,True,True,True,True,True,False,False,True,True,True,False,True,True,False,False,False,True,True,True,False,True,True,False,False,True,False,True,True,False,True,True,True,True,True,False,False,True,False,False,False,True,False,False,False,False,False,False,False,False,False,True,True,False,True,True,True,False,False,True,False,False,False,True,True,False,False,True,False,True,False,False,True,True,True,False,True,True,False,False,True,False,False,False,True,False,False,False,False,True,True,False,False,True,False,True,False,True,False,True,False,True,True,False,True,False,True,True,False,False,True,False,True,False,True,True,True,True,False,False,True,False,False,False,True,False,False,False,True,True,False,False,False,False,False,True,False,False,False,True,True,False,True,False,False,False,True,False,False,True,False,True,True,False,True,True,False,False,False,True,False,True,False,True,False,False,True,False,False,False,False,False,False,False,True,False,False,False,False,False,False,False,False,False,False,True,False,True,True,False,True,True,True,False,False,True,False,False,True,False,False,True,False,False,False,False,True,False,True,False,False,False,False,False,True,True,False,False,True,False,True,True,True,True,False,False,False,False,True,False,True,False,False,False,True,False,False,False,False,False,False,False,False,False,False,False,False,True,False,False,True,False,False,False,True,False,True,True,True,False,True,True,False,False,True,False,True,False,False,True,False,False
has_upper_tail_color::rufous,False,False,True,False,True,True,True,True,True,True,True,False,True,False,False,True,False,True,True,False,False,False,False,True,False,False,False,False,True,False,True,False,True,True,True,False,True,False,False,True,False,False,False,False,True,False,False,True,True,False,False,True,False,True,True,False,True,False,True,True,False,True,True,True,True,False,True,False,True,False,False,True,False,False,False,True,False,True,True,False,True,False,True,False,False,False,False,False,True,False,True,False,False,True,False,True,True,True,False,True,True,False,True,True,True,True,True,False,True,True,True,False,True,False,True,False,False,False,False,False,True,False,False,True,False,False,False,False,True,True,True,True,False,False,True,False,False,False,True,False,False,True,False,False,False,True,True,True,True,False,False,True,True,True,False,True,True,False,True,True,True,False,False,True,True,True,False,True,False,True,False,False,True,False,False,False,False,True,False,False,True,False,False,False,False,False,True,True,True,False,True,True,False,False,False,True,True,True,False,False,True,True,True,True,True,False,False,False,True,False,True,False,False,False,True,False,True,True,False,False,False,True,True,True,False,True,False,True,True,True,True,False,False,False,True,True,False,True,False,False,False,True,True,False,True,False,False,True,False,True,False,False,True,False,False,True,False,False,False,False,True,True,False,True,True,True,True,True,True,False,True,False,False,True,True,True,True,True,False,False,True,False,False,True,False,True,True,False,True,False,True,False,True,False,True,True,True,False,False,False,False,True,True,False,True,False,False,False,False,False,False,False
has_upper_tail_color::orange,False,False,True,False,False,True,False,False,True,True,False,False,False,False,True,False,False,False,True,True,False,True,False,False,False,True,True,False,True,False,True,True,False,False,False,True,True,False,False,True,False,False,True,True,True,True,True,True,False,True,False,True,False,True,False,False,False,False,True,True,False,True,False,False,True,True,False,False,True,False,False,True,False,True,True,False,True,True,False,True,False,True,False,False,True,True,False,True,True,True,True,False,True,True,True,True,False,True,True,True,True,True,True,True,True,False,True,False,True,False,True,False,True,True,False,True,False,False,False,False,True,False,False,False,True,True,False,False,False,True,False,True,True,False,True,True,False,False,True,False,False,True,False,False,True,True,False,True,True,False,True,False,True,False,False,False,False,False,False,True,False,False,True,False,False,True,False,False,False,False,False,True,False,True,False,False,False,False,True,False,True,False,True,False,False,False,False,True,False,True,True,False,False,False,False,False,False,True,True,False,False,False,True,False,False,False,True,False,True,False,False,False,False,False,False,False,True,False,False,True,False,False,False,True,False,False,True,False,False,False,False,False,True,True,False,False,False,True,False,True,True,True,False,False,False,True,True,False,True,False,False,False,False,False,True,False,False,False,False,False,True,True,True,True,False,True,True,True,False,False,True,True,False,False,False,False,True,True,False,False,False,True,False,False,False,True,False,True,True,False,True,False,True,True,True,True,False,False,True,True,True,True,False,False,False,False,False,False,False,False,False,False
has_upper_tail_color::black,False,True,True,False,True,True,True,True,True,False,False,True,True,True,True,False,False,False,True,True,False,False,True,True,False,False,True,False,False,False,True,False,False,False,False,True,False,False,False,False,True,True,True,True,False,False,False,True,True,True,True,True,False,True,True,False,False,True,False,True,False,False,False,False,False,True,False,True,True,True,True,True,True,True,False,True,True,True,True,True,False,False,False,False,True,True,True,True,False,True,True,False,True,False,False,True,True,True,True,True,True,True,True,False,False,True,True,True,False,True,False,True,True,False,False,False,True,False,True,False,False,True,False,True,True,False,True,False,False,True,True,False,False,False,False,True,True,False,True,False,False,True,False,True,True,True,False,False,False,True,False,False,False,False,True,False,False,True,True,False,False,False,False,True,False,False,False,False,False,False,False,True,False,False,True,False,True,False,False,True,True,False,True,True,True,True,False,False,True,False,False,False,False,False,False,True,False,False,False,True,True,False,False,False,True,False,False,False,False,False,False,False,False,True,False,True,False,False,False,True,False,False,False,False,False,True,False,True,True,True,True,True,False,False,True,True,False,True,False,True,False,True,True,False,False,True,True,False,True,False,True,False,False,True,True,True,False,False,True,False,False,True,True,True,False,True,True,False,False,False,False,False,True,False,False,True,False,True,True,False,True,False,False,False,False,True,False,True,False,False,False,False,False,False,True,False,False,False,True,False,True,True,False,True,False,True,True,True,False,False,False,False
has_upper_tail_color::red,False,True,True,False,True,True,True,False,True,True,False,True,False,True,False,True,True,False,False,False,True,True,True,True,False,True,True,False,True,True,False,False,True,True,True,True,True,True,True,True,True,True,True,True,True,True,True,True,True,False,True,True,False,False,False,False,True,True,True,True,True,True,False,True,True,True,False,True,True,True,False,False,True,True,False,False,True,False,True,True,True,False,True,False,True,False,False,True,False,False,False,False,False,False,True,True,False,True,True,True,True,True,True,True,True,True,True,True,False,False,False,False,False,True,False,True,True,True,False,False,True,False,False,False,False,False,False,True,False,False,False,False,True,False,False,False,False,False,True,True,False,True,False,False,False,False,False,True,False,True,True,False,False,False,True,True,True,True,True,True,True,True,False,True,False,False,False,True,False,False,False,True,True,False,False,False,False,True,False,False,True,False,False,False,False,True,False,False,False,True,True,False,False,False,False,False,False,False,False,False,False,False,False,True,False,False,True,False,True,True,True,False,False,True,True,True,False,True,True,False,True,False,False,True,True,False,True,False,True,True,False,False,True,True,True,True,True,True,True,False,True,False,False,True,False,False,True,False,True,False,False,False,True,False,False,False,True,True,False,False,False,True,False,True,False,False,True,True,False,False,False,False,True,True,True,True,False,True,False,False,True,False,True,True,True,True,False,False,True,False,False,False,True,True,False,True,False,False,True,False,False,True,False,False,False,False,False,False,False,True,False,False
has_head_pattern::unique_pattern,True,True,False,True,False,False,False,False,True,False,False,False,False,False,True,False,True,False,True,False,False,False,False,True,True,False,False,True,False,True,True,False,True,True,True,True,False,False,True,True,True,False,False,False,True,False,True,True,False,False,True,True,True,False,True,False,False,False,False,False,False,False,False,False,True,False,False,True,True,False,True,False,False,True,False,True,False,True,True,False,False,True,True,False,False,False,False,True,True,True,True,False,True,True,True,True,False,False,False,False,True,True,False,True,True,True,False,False,False,True,True,True,True,True,False,True,True,True,False,True,True,False,False,True,True,True,False,True,False,False,True,False,True,False,True,False,False,False,True,False,False,True,False,False,False,True,True,False,False,False,False,False,True,False,True,False,True,True,True,True,False,False,False,False,False,True,False,False,True,True,False,False,True,False,False,True,True,True,True,True,False,False,False,True,False,False,True,False,True,False,False,False,True,False,True,True,False,True,True,False,True,False,False,True,False,True,False,False,True,True,True,False,True,False,False,False,False,False,False,True,False,False,True,False,False,False,False,False,False,True,False,True,True,False,False,False,False,False,False,True,False,True,False,False,False,True,False,True,False,False,True,True,False,False,False,True,False,True,True,True,False,False,True,True,False,True,False,False,False,True,True,False,False,True,True,False,False,False,False,False,False,True,True,True,False,True,False,True,True,True,False,False,True,True,True,True,True,True,False,True,True,False,False,True,False,True,False,False,False,False,True,True
has_head_pattern::eyering,False,False,False,True,False,True,True,True,True,False,False,False,False,True,True,False,False,True,False,False,False,False,True,False,True,True,False,True,True,False,False,True,False,False,True,False,False,True,False,True,False,True,True,False,False,False,False,False,True,False,False,True,False,True,False,True,False,False,False,False,False,True,False,True,True,True,True,False,True,False,False,False,False,True,False,True,True,False,True,False,True,True,False,True,True,True,True,False,True,True,False,True,False,False,False,True,False,True,False,True,False,False,False,False,True,True,True,True,True,False,False,False,False,False,True,False,False,False,True,True,True,False,False,False,True,True,False,False,False,False,True,True,True,True,False,True,True,False,False,True,False,True,True,True,True,False,False,False,False,False,False,False,False,False,True,False,False,False,True,False,True,False,False,False,False,False,True,False,False,True,False,True,True,False,False,True,True,True,False,True,True,True,True,False,True,True,False,True,True,False,False,True,False,True,True,False,False,True,False,True,True,False,False,True,False,True,False,True,False,True,True,True,False,True,False,True,True,False,True,False,False,False,False,True,True,False,True,True,False,False,False,True,True,True,False,True,False,False,False,True,True,True,False,False,False,False,True,True,True,True,False,False,True,False,True,False,False,True,True,False,False,True,True,False,False,False,True,False,True,True,False,True,False,True,False,False,False,False,True,False,False,False,False,True,True,False,False,False,True,True,False,False,False,True,False,False,False,False,False,False,True,True,True,False,False,False,False,False,True,False,True,False
has_breast_color::blue,False,False,False,False,False,False,True,False,True,True,False,False,False,True,True,True,False,True,False,False,False,False,False,False,True,False,True,True,True,False,True,True,True,True,True,False,False,True,True,True,True,False,False,True,True,False,True,True,True,True,False,False,True,False,False,False,True,True,True,False,True,True,False,True,True,False,True,True,True,True,True,True,True,True,True,True,False,True,True,False,True,True,True,False,False,True,False,True,False,True,True,True,True,True,False,False,True,True,True,True,True,True,True,False,True,False,True,False,False,True,False,False,False,True,False,True,False,True,False,False,False,False,False,True,False,False,False,True,True,False,True,False,False,False,True,True,False,False,True,False,True,False,False,False,False,True,False,False,True,True,True,True,False,True,True,False,True,False,False,False,False,True,True,True,False,True,False,False,False,False,False,True,True,False,True,True,True,True,True,False,True,False,False,True,False,False,False,True,True,False,False,False,False,False,False,True,False,True,False,False,True,True,False,False,False,True,True,False,False,False,False,False,False,True,False,False,False,False,True,True,False,True,True,False,False,True,True,False,True,False,True,True,True,False,True,False,True,False,False,True,False,False,True,False,False,False,False,False,True,False,False,False,True,False,False,False,False,False,False,False,False,True,True,True,False,False,False,False,True,False,False,True,False,False,False,False,False,True,False,False,False,True,False,True,True,False,False,True,True,False,True,False,True,False,False,False,True,False,False,True,True,False,False,False,False,True,False,True,True,False,False,True
has_breast_color::rufous,False,True,False,False,False,True,True,False,True,True,True,True,True,True,True,True,True,False,True,True,True,False,True,False,False,True,True,False,True,True,False,False,True,True,True,False,True,True,False,True,True,True,True,False,True,False,False,False,True,True,True,True,False,False,True,False,True,True,False,True,True,False,True,True,False,False,True,False,True,False,False,True,False,True,False,False,False,False,True,False,True,False,True,False,False,False,True,False,False,False,False,True,False,True,True,False,True,False,True,True,True,True,False,False,False,True,False,False,False,False,True,False,False,True,True,True,False,False,False,False,False,False,False,True,False,True,True,False,False,False,True,False,False,True,False,False,True,False,True,False,True,False,True,False,False,True,True,True,False,False,True,False,True,True,False,True,False,False,True,False,True,False,False,False,False,False,False,False,False,False,True,False,False,True,True,False,False,False,False,True,False,True,False,False,True,False,True,True,True,False,True,True,False,True,False,True,False,False,True,False,True,False,False,False,False,True,False,False,False,False,True,False,True,True,False,False,False,True,False,False,False,False,True,True,False,False,False,True,True,True,True,True,False,True,True,False,True,False,False,True,True,True,True,False,True,False,True,False,False,True,True,False,True,True,True,True,False,False,False,True,True,False,True,False,False,False,False,False,False,True,True,False,True,False,False,False,True,True,False,True,True,True,True,True,False,False,False,False,False,False,True,False,False,True,False,False,False,False,True,True,True,True,True,True,True,True,False,False,True,True,True,False
has_breast_color::grey,False,False,True,True,True,True,True,False,True,False,True,True,True,True,False,False,False,False,True,True,True,True,False,True,False,True,True,False,True,True,True,False,True,True,True,False,False,False,False,True,True,False,False,True,True,False,True,False,False,False,True,False,False,False,True,True,False,True,True,False,False,True,False,True,True,True,True,True,False,True,False,True,False,False,False,False,False,False,False,True,False,True,True,False,False,False,False,False,True,True,False,True,True,True,True,True,True,True,True,True,True,True,False,False,True,False,True,True,True,True,True,True,False,False,False,True,False,True,False,False,False,True,True,False,True,False,False,True,False,True,False,True,True,False,True,True,True,True,True,True,True,False,False,True,True,False,False,False,False,False,False,False,False,False,True,True,True,False,False,False,False,False,True,True,False,False,False,True,False,False,False,False,False,True,False,False,False,True,True,True,True,False,False,False,True,True,False,False,False,False,False,False,False,False,False,True,False,False,False,True,True,False,False,True,False,True,True,True,False,True,False,True,True,False,False,True,True,False,True,False,True,True,True,False,False,True,False,False,False,True,True,True,True,False,False,False,False,False,False,False,False,False,False,False,True,True,True,True,False,False,True,True,False,True,False,True,True,True,False,True,True,True,False,True,False,True,True,False,True,False,True,True,True,True,True,False,True,True,False,True,True,True,True,False,False,False,False,False,True,False,False,False,True,True,False,True,False,True,True,False,False,False,False,True,False,True,False,False,False,False,False,False
has_breast_color::orange,False,False,True,False,True,True,True,True,False,True,True,True,False,True,True,False,False,True,True,True,True,False,False,False,False,False,False,True,True,True,True,True,True,False,False,False,True,True,False,True,True,False,True,True,False,True,True,False,True,False,True,True,True,True,False,True,True,False,False,True,False,True,True,True,True,False,True,False,False,True,False,True,True,True,True,True,True,True,False,False,False,False,True,False,True,True,True,False,False,False,True,True,True,True,True,True,True,False,True,False,True,True,False,False,True,True,False,True,True,True,True,True,False,False,True,False,True,False,True,False,True,False,False,True,False,False,False,False,False,True,True,False,False,False,True,False,False,True,False,True,False,True,False,False,False,False,True,False,True,False,True,False,False,False,True,True,False,True,False,True,False,False,True,True,False,False,True,True,False,True,False,True,False,True,False,False,False,True,False,True,False,False,True,False,False,False,False,False,False,True,False,False,False,False,False,True,False,True,False,False,True,False,False,True,False,False,False,True,False,True,True,False,False,False,False,False,True,False,False,False,True,True,False,False,True,True,False,False,False,True,True,False,False,False,False,True,False,False,False,True,True,False,False,False,False,False,True,False,False,True,True,True,False,False,True,False,False,False,True,False,True,False,False,False,True,False,False,False,True,True,False,True,False,False,False,True,False,False,False,False,False,True,False,False,True,False,True,False,False,False,True,True,False,False,False,False,False,False,False,False,False,False,True,True,False,True,False,True,False,False,True,True
has_breast_color::black,False,False,False,False,False,False,True,False,True,True,True,False,True,False,False,True,True,True,False,True,False,True,True,False,False,False,True,True,True,True,True,True,True,True,True,True,False,False,False,True,True,False,False,True,False,False,True,False,True,False,False,True,False,True,False,True,True,True,True,False,False,True,False,False,False,False,True,True,True,True,False,True,False,True,True,True,True,False,False,False,False,True,False,True,False,True,False,False,True,True,True,False,True,True,False,False,False,True,False,False,False,True,True,False,False,True,False,True,True,True,True,True,True,False,False,False,False,False,True,False,True,True,True,True,True,False,False,False,False,False,True,False,True,False,True,False,False,False,False,False,True,True,True,True,True,False,False,True,False,False,False,False,False,True,False,False,True,False,False,True,True,False,False,True,False,True,False,True,True,False,False,False,False,False,True,False,False,False,True,False,True,False,False,False,False,True,False,False,False,True,False,False,False,True,False,False,True,False,False,True,True,True,True,False,False,False,False,False,False,False,True,True,False,False,True,True,True,False,False,False,False,False,True,True,False,False,True,False,False,False,True,False,False,False,False,False,False,False,False,True,False,False,True,False,False,False,False,True,True,True,True,False,True,False,True,False,False,False,True,True,False,True,False,True,False,False,False,True,False,True,False,False,False,True,False,False,False,False,True,False,False,False,True,True,True,True,False,False,True,True,False,False,False,True,True,False,False,False,False,False,True,False,True,True,True,False,False,False,False,True,True,True
has_breast_color::red,True,False,True,True,True,False,True,True,True,True,False,True,True,False,False,True,True,True,True,True,False,False,False,True,False,False,True,True,False,False,False,False,True,True,False,False,True,True,False,False,True,False,False,True,True,True,True,True,False,True,True,True,False,True,False,False,True,False,True,True,True,False,False,False,False,False,False,True,True,True,False,False,False,True,False,True,True,False,False,False,True,True,False,True,True,False,False,False,False,False,False,False,True,True,False,True,False,True,False,False,False,True,True,True,False,True,True,True,False,False,False,False,True,True,False,False,False,True,False,False,False,False,False,False,False,False,False,True,True,False,False,True,False,False,False,True,True,False,False,False,True,True,True,False,False,False,True,True,True,False,False,False,True,True,False,True,False,True,True,False,True,True,True,False,False,True,False,False,False,True,True,True,False,False,True,False,True,False,False,True,False,False,False,False,True,False,False,False,True,False,True,False,False,True,False,False,False,False,False,False,False,True,True,False,False,False,False,False,False,False,False,True,False,False,True,True,True,False,True,True,False,True,False,True,False,True,False,False,False,False,False,False,True,True,False,False,True,False,False,False,True,False,False,False,True,False,True,False,True,True,False,False,False,False,False,False,True,True,False,False,False,False,False,False,False,False,False,True,False,False,True,False,False,False,True,False,False,True,False,True,True,False,False,False,True,False,False,True,False,True,False,True,False,False,False,True,False,False,False,True,False,False,False,False,False,True,False,True,False,False,False,False
has_throat_color::rufous,True,False,True,True,False,True,True,False,True,False,False,True,False,False,True,True,False,False,True,True,True,False,False,True,False,False,False,False,True,True,True,False,True,True,True,False,True,True,False,False,True,True,True,True,True,True,True,False,True,True,True,True,False,True,True,False,True,False,True,False,False,False,True,True,True,True,True,False,False,True,True,True,False,False,False,False,True,False,True,False,False,True,False,False,False,True,False,False,False,False,True,True,False,False,False,False,False,True,False,True,True,True,False,True,True,True,True,True,True,False,True,True,True,False,False,False,False,False,False,True,True,False,False,True,False,False,True,False,True,False,False,True,False,True,True,False,False,False,False,False,False,False,False,True,True,False,True,False,False,False,False,False,True,True,False,True,False,True,False,False,True,False,True,False,True,True,False,True,True,False,True,False,False,False,False,True,True,False,True,False,False,True,False,False,True,False,True,False,True,False,True,False,False,True,False,False,False,False,False,False,True,False,True,True,False,False,False,True,False,False,False,False,True,False,False,True,True,True,False,True,True,False,False,True,False,False,True,False,True,True,False,False,False,False,False,True,True,True,False,False,True,False,False,False,False,False,False,True,False,True,True,False,True,False,True,False,False,True,True,True,False,True,False,True,True,False,False,True,False,True,False,True,True,False,True,False,True,False,False,True,False,False,False,False,False,False,False,False,True,False,True,True,False,False,False,False,False,True,False,True,True,False,False,True,False,False,False,False,False,False,True,False
has_throat_color::grey,True,False,True,False,True,False,False,False,False,False,False,True,True,False,False,True,False,True,True,False,False,False,False,False,True,True,False,True,True,False,True,True,False,False,True,True,True,False,False,False,False,False,True,True,False,True,True,True,False,True,True,True,False,False,False,False,False,False,False,True,False,False,True,False,False,True,True,True,False,False,False,False,True,True,True,False,False,False,False,False,False,True,False,True,False,False,True,True,False,False,False,False,True,True,False,False,True,True,True,False,True,False,False,False,True,False,True,False,True,False,False,False,False,True,True,False,False,False,True,True,True,False,True,False,False,True,False,False,False,True,False,False,True,False,False,False,True,False,False,False,False,False,True,False,False,True,False,True,True,True,True,True,False,False,True,True,False,False,True,True,False,False,False,True,False,False,False,False,True,True,False,False,True,False,False,True,False,True,False,False,True,False,True,True,False,False,False,False,True,False,True,True,True,True,False,False,False,False,False,False,True,True,False,True,True,False,False,True,False,False,True,False,False,False,False,False,False,False,True,False,True,True,True,False,True,False,False,False,True,True,False,False,False,True,True,True,False,True,True,True,False,False,False,True,False,False,False,True,True,True,False,False,True,True,True,False,False,False,False,True,False,True,True,True,True,True,True,True,True,True,False,False,True,False,True,True,False,True,False,True,True,True,False,False,True,True,False,False,False,False,False,False,True,False,True,False,True,True,False,False,False,True,False,True,False,False,True,False,False,False,False,False
has_throat_color::orange,False,True,False,False,True,False,True,False,False,True,True,True,True,True,False,False,True,False,True,False,False,True,True,False,True,True,False,False,False,True,False,True,False,False,False,True,True,True,True,False,True,False,False,True,True,True,True,True,True,True,False,False,False,False,True,False,True,True,True,False,False,True,False,False,False,True,False,True,True,True,False,False,True,False,False,True,True,True,False,False,True,True,True,False,False,False,False,False,True,True,True,False,True,True,True,True,True,True,True,False,True,False,True,True,True,False,False,True,True,True,True,True,True,True,True,False,True,True,False,True,False,False,False,True,False,False,False,False,False,False,False,True,True,True,False,True,True,False,False,False,False,False,False,True,False,False,False,False,False,False,True,False,False,True,False,False,False,True,True,False,True,False,True,False,True,True,False,False,False,True,False,False,True,True,True,True,True,False,False,False,False,True,False,False,False,False,True,True,False,False,False,True,False,False,False,True,False,True,False,True,False,False,True,False,True,True,False,False,True,False,False,True,False,False,False,False,True,False,True,True,True,False,False,False,False,True,False,False,False,False,False,False,True,False,True,True,False,True,False,True,True,True,True,True,True,True,False,False,False,True,False,True,False,True,False,False,True,True,False,True,False,False,False,False,False,True,True,False,False,False,False,False,True,False,False,False,False,True,False,False,False,False,False,False,False,False,True,True,True,True,False,False,False,True,True,False,False,False,True,False,False,False,False,False,True,False,False,True,False,False,False,True
has_throat_color::black,True,False,False,False,True,True,True,True,True,True,False,False,True,True,False,False,False,True,False,True,False,False,False,False,True,False,False,True,True,True,True,True,True,True,False,False,False,False,True,False,True,False,True,True,False,True,True,False,True,False,True,False,False,True,True,True,False,True,False,True,True,False,False,True,True,False,False,True,True,True,True,True,True,True,True,True,True,True,False,True,True,True,False,False,False,True,True,False,True,False,True,True,True,True,True,False,True,False,True,True,True,True,True,True,False,True,True,False,True,False,True,False,False,False,True,True,True,False,True,True,False,False,True,True,False,True,True,False,False,False,True,False,True,True,False,True,False,True,False,False,False,False,True,True,True,False,True,True,True,True,False,False,True,False,False,False,False,True,False,True,False,False,False,False,True,False,True,False,False,False,True,False,True,False,True,False,True,True,True,False,True,False,True,True,True,False,False,False,False,True,True,True,False,False,True,False,False,False,False,True,False,True,True,False,True,False,True,True,True,False,False,False,True,True,True,True,False,False,True,True,False,False,False,True,True,True,False,True,True,True,False,False,False,False,False,True,False,True,True,True,False,False,False,True,False,True,True,False,True,False,True,False,False,False,True,True,False,False,True,True,False,True,False,True,True,False,True,True,True,True,False,False,False,True,True,True,True,True,True,False,True,False,False,True,True,False,False,False,True,False,False,False,True,False,False,False,False,False,False,False,True,False,True,True,True,False,True,True,False,True,True,False
has_throat_color::red,True,True,False,False,False,True,False,False,True,False,True,True,True,False,False,True,False,True,False,True,True,True,True,False,False,True,False,False,True,False,True,False,False,True,True,False,True,True,False,True,False,True,True,True,False,True,False,False,False,True,True,True,True,False,True,False,True,True,True,False,False,True,False,True,True,True,True,False,False,True,True,True,False,False,True,True,False,True,False,False,False,True,False,True,False,True,True,True,True,False,True,True,True,True,True,True,True,True,True,True,False,False,False,True,False,True,False,False,False,False,False,True,False,True,True,False,True,False,False,True,True,False,False,False,False,True,False,False,True,False,False,True,False,False,True,False,False,False,False,False,True,False,False,False,True,False,False,False,False,True,False,True,False,False,True,True,False,False,False,False,True,True,False,False,False,False,True,True,False,False,True,False,True,False,False,True,True,True,False,False,False,False,False,False,True,True,True,True,False,True,False,True,False,False,False,False,False,False,True,False,True,False,True,True,False,True,True,False,False,True,False,False,True,False,False,False,True,True,True,False,True,True,False,False,False,True,True,True,False,True,False,False,False,True,True,False,False,True,False,False,False,False,True,False,False,False,True,False,False,True,False,True,True,True,True,False,False,True,True,False,True,False,True,False,True,False,False,False,False,True,False,True,True,True,False,True,False,True,True,False,False,False,False,True,False,True,False,True,False,False,False,False,True,False,False,False,True,False,False,True,False,False,False,False,False,False,False,False,True,True,True,False
has_eye_color::orange,False,False,False,True,False,True,False,True,False,True,False,False,True,False,True,True,False,True,True,True,False,True,True,False,True,False,False,False,True,False,False,True,False,True,True,True,False,False,True,False,True,False,False,True,False,False,False,False,False,True,True,False,True,False,True,False,False,True,True,True,True,True,True,False,False,True,True,False,True,True,False,False,True,True,True,False,True,True,True,True,False,False,True,True,False,False,True,False,False,True,False,True,False,True,False,True,False,True,True,False,False,True,True,False,False,True,False,False,True,True,False,True,False,True,True,True,True,False,False,True,False,False,False,False,False,False,True,True,True,False,True,True,True,True,True,False,False,False,False,False,False,True,True,False,False,False,False,True,False,False,True,True,True,False,False,False,False,True,False,False,False,True,False,False,True,True,False,False,True,True,False,True,False,True,True,False,False,False,False,True,False,False,False,False,False,False,True,True,False,True,True,False,False,True,False,True,True,False,False,False,False,False,True,True,False,True,False,True,True,True,False,True,True,True,True,False,False,True,False,True,True,False,True,False,False,False,False,False,False,False,True,True,False,False,False,False,True,False,False,True,True,False,False,False,True,False,True,False,True,False,False,False,True,True,True,False,True,False,False,False,False,False,True,False,False,False,False,False,True,False,False,True,True,False,False,False,False,True,False,False,True,True,False,True,False,False,False,False,False,True,False,True,False,False,False,False,True,False,False,False,True,False,False,True,True,True,True,False,True,True,True,False
has_eye_color::buff,True,True,False,False,True,True,False,False,True,True,False,True,True,False,True,True,False,True,True,True,True,True,True,False,False,True,True,True,False,False,True,False,True,True,False,False,True,True,True,True,True,True,True,True,True,True,False,False,True,True,True,True,False,False,False,False,True,True,False,False,True,True,True,True,True,True,False,True,True,False,False,True,False,False,False,True,False,False,True,True,True,False,False,False,True,False,False,False,True,False,True,False,True,True,False,True,True,False,False,True,True,True,True,True,False,True,True,True,True,False,False,False,True,False,False,False,True,True,False,False,False,True,True,False,True,False,False,False,True,False,False,False,False,True,True,False,False,False,True,False,True,True,True,False,False,False,True,False,True,False,False,False,True,False,False,True,False,True,True,False,False,False,False,True,True,True,False,False,False,False,False,False,True,True,False,False,True,False,True,False,False,True,True,True,False,True,True,False,True,False,False,False,False,True,True,True,True,False,False,False,True,True,False,True,False,True,False,False,False,True,False,True,False,False,False,False,False,True,False,True,False,True,True,True,False,False,False,False,False,False,False,True,False,False,False,True,True,False,False,True,True,False,True,False,True,False,False,False,False,False,True,False,False,False,True,False,True,True,True,True,False,False,False,False,True,False,False,False,True,False,True,True,False,False,False,False,True,False,True,False,False,True,False,True,False,True,True,False,True,False,True,False,True,True,True,True,True,False,True,False,True,False,False,False,True,False,True,False,True,True,False,False
has_bill_length::longer_than_head,False,False,False,True,True,False,True,False,False,False,False,True,True,True,False,True,False,True,False,True,True,False,False,True,False,False,True,True,False,False,True,True,True,True,False,False,False,False,False,False,False,False,True,False,False,False,True,True,False,True,True,False,False,True,True,True,True,True,False,True,False,True,True,False,False,True,True,True,True,False,True,False,False,True,False,False,False,False,False,False,False,False,False,True,False,True,False,True,False,False,False,False,False,False,True,False,True,False,True,False,False,True,False,False,False,True,False,False,False,False,False,False,False,False,True,False,False,False,True,False,True,True,False,False,False,True,True,True,True,False,False,True,False,False,False,False,True,False,False,False,True,True,False,False,False,True,False,True,True,True,True,False,True,False,True,False,False,False,False,False,True,True,False,True,False,True,False,False,False,False,True,False,False,True,False,True,False,False,False,False,False,False,True,True,True,False,False,True,True,True,True,True,False,False,True,True,False,True,False,False,False,False,False,True,True,False,True,True,False,False,False,False,False,False,True,False,False,True,False,False,False,True,False,False,False,False,False,True,False,False,True,True,True,False,True,False,True,False,True,True,False,False,False,False,True,True,False,False,True,False,False,True,False,False,True,False,True,False,False,False,True,True,True,True,False,False,False,False,True,False,True,False,False,True,True,True,False,False,False,True,True,False,True,True,False,True,True,False,True,True,False,True,True,False,True,True,True,True,True,False,False,True,False,False,False,False,True,True,False,True,True,False
has_bill_length::shorter_than_head,False,False,False,False,True,True,False,False,True,False,False,False,False,False,False,True,False,True,False,False,False,False,True,True,True,False,True,False,False,False,False,True,True,True,False,False,True,False,True,False,False,False,False,False,True,True,True,False,False,True,False,False,True,False,False,True,True,False,True,False,False,True,False,True,True,True,False,True,False,True,False,True,False,True,False,False,False,False,True,False,False,False,False,False,True,True,False,False,True,True,False,False,True,False,False,True,False,True,False,False,False,False,False,False,False,False,False,False,False,False,True,True,True,True,True,False,False,False,True,False,True,False,False,True,False,False,False,True,False,True,False,False,False,False,True,True,False,True,True,False,True,True,False,False,False,True,True,True,False,False,False,False,False,False,False,False,False,True,False,True,False,True,False,False,True,False,False,True,False,False,True,False,True,True,True,False,True,False,False,False,False,False,True,False,False,True,True,False,True,True,False,False,False,False,False,False,False,True,False,True,True,False,False,True,True,False,False,False,False,True,False,False,False,False,False,False,False,True,False,True,False,True,True,False,True,False,True,False,False,True,True,True,False,True,False,False,False,True,True,False,True,False,False,True,True,True,True,False,True,True,False,True,True,False,True,True,False,True,False,False,False,False,False,False,True,False,True,False,True,False,False,False,False,False,False,False,False,False,False,True,True,False,False,True,True,False,True,True,False,True,True,True,False,True,False,False,False,False,True,False,True,False,True,True,True,True,True,True,False,True,True,True
has_forehead_color::blue,False,False,False,False,False,False,False,True,False,True,False,True,False,True,True,False,True,True,False,True,False,True,True,True,False,True,True,True,True,True,False,True,False,False,False,True,True,True,False,True,True,True,True,True,True,False,False,True,True,True,False,True,True,True,False,True,True,False,True,True,True,True,True,False,False,False,True,False,True,False,False,True,True,False,False,True,True,False,False,False,True,False,False,False,False,False,False,False,False,True,False,True,True,True,True,True,False,True,False,True,True,True,True,False,True,False,True,True,True,False,True,False,False,True,True,True,False,True,False,True,True,True,True,True,False,True,True,True,True,True,True,True,False,False,True,False,False,False,False,False,False,True,False,False,False,True,False,False,True,False,False,False,False,False,False,True,False,False,False,True,False,True,True,True,False,False,False,True,True,True,True,True,False,True,False,False,True,True,True,False,True,False,False,False,True,True,False,False,True,True,True,False,False,True,True,False,False,False,True,True,False,True,True,True,False,False,True,True,False,True,False,False,True,True,True,False,False,False,True,True,True,False,False,True,False,False,True,True,False,False,True,False,False,False,False,False,True,True,False,False,False,True,True,True,False,True,False,False,True,True,True,True,False,True,False,False,False,True,False,True,False,True,True,True,False,False,False,False,False,False,True,True,True,True,True,False,False,True,False,False,True,True,False,True,False,False,False,False,False,False,True,False,False,True,True,False,False,True,False,False,True,False,False,True,True,False,False,False,True,False,False,True
has_forehead_color::rufous,True,True,False,True,True,False,True,True,False,True,False,True,True,True,True,True,True,True,False,True,False,True,False,False,True,True,True,True,False,True,True,False,True,False,True,True,True,False,False,True,False,False,True,True,True,False,False,False,True,False,False,True,True,False,False,True,True,True,False,True,True,False,False,False,True,False,True,False,True,True,True,True,True,False,False,True,True,False,False,True,True,True,True,True,False,True,False,True,False,False,False,True,False,True,True,False,False,True,True,True,True,False,True,False,True,True,False,True,False,False,False,True,True,False,False,False,False,True,False,True,False,True,True,False,True,False,False,True,True,True,False,False,False,True,True,False,True,True,True,True,True,True,False,True,False,True,False,True,False,True,False,False,True,False,True,False,True,False,False,False,False,False,False,False,True,False,False,True,False,False,True,False,True,False,False,False,False,True,False,True,False,False,True,False,False,False,True,False,True,True,True,True,False,False,True,False,False,False,False,False,False,True,False,False,False,True,True,True,True,False,False,False,True,False,False,False,False,True,False,True,True,True,True,True,False,True,True,False,True,False,False,True,True,True,True,False,False,True,False,False,False,True,False,False,False,True,False,False,False,False,False,False,False,False,True,True,True,False,True,False,False,False,False,False,True,False,True,False,False,False,True,True,False,True,True,False,True,False,False,False,True,True,False,False,False,True,True,False,True,True,False,True,True,True,False,True,False,True,False,True,False,False,True,False,True,False,False,False,True,False,False,True
has_forehead_color::grey,False,True,True,False,False,True,False,True,True,False,False,True,True,False,False,False,False,False,False,True,True,False,True,False,False,False,True,True,True,True,False,False,True,False,False,True,False,False,False,True,False,False,True,True,False,False,False,True,True,True,False,True,True,False,False,True,True,False,True,False,False,True,False,True,False,True,True,False,True,True,True,True,True,False,False,False,False,False,True,True,False,False,False,True,False,False,True,False,True,False,True,True,True,False,True,True,True,True,True,True,True,False,True,False,True,True,True,False,False,False,True,False,True,True,False,False,False,False,False,False,False,True,False,False,True,False,False,True,False,True,False,False,False,False,True,True,True,False,False,False,False,True,True,False,False,False,False,False,False,False,False,True,True,False,False,False,False,True,False,False,False,True,False,True,False,False,False,True,False,False,False,True,True,False,True,False,False,False,False,False,False,True,False,False,False,True,True,True,False,True,False,False,False,False,False,False,True,True,False,True,True,True,False,True,True,False,False,False,False,False,False,True,False,False,False,True,False,True,True,True,False,False,False,False,False,False,False,True,True,False,True,True,True,False,False,False,False,False,False,True,False,False,False,False,False,False,False,True,False,True,False,False,False,True,False,True,True,False,True,True,False,True,True,False,False,True,True,False,False,True,True,True,True,False,True,True,False,True,True,True,True,False,False,False,True,True,True,False,False,False,False,True,False,False,True,False,False,True,True,False,False,True,True,True,True,True,False,False,True,False,True,False
has_forehead_color::orange,True,False,False,False,True,False,True,False,True,True,True,True,False,True,True,False,True,False,False,True,False,True,False,False,True,False,True,True,True,True,True,True,False,False,False,True,True,False,True,False,False,True,False,False,True,True,False,False,True,False,False,True,False,False,True,True,False,True,True,True,True,False,False,False,False,False,True,False,True,True,True,False,True,True,False,True,True,False,False,True,True,False,False,True,False,False,False,False,True,False,False,False,True,True,False,True,True,True,True,True,False,True,False,True,True,False,False,True,False,True,True,False,False,False,False,True,True,True,True,False,False,False,True,False,True,True,True,False,False,False,False,True,True,False,True,True,False,True,True,False,True,True,False,True,True,True,False,False,False,False,True,False,False,False,False,False,True,False,False,False,True,True,False,False,True,True,True,True,False,True,False,False,False,True,False,False,False,False,False,True,False,False,True,False,False,False,False,False,False,False,True,False,True,False,True,False,False,False,True,False,False,False,False,True,True,False,True,True,False,False,False,False,False,False,False,False,False,True,False,False,True,True,False,True,False,True,True,False,True,False,True,True,True,False,True,False,True,True,False,False,True,True,True,False,False,True,False,True,False,False,True,False,True,False,False,False,True,False,False,False,False,False,True,False,False,True,False,True,False,True,False,False,False,False,False,False,False,True,False,False,True,True,True,True,False,True,False,True,True,False,True,False,True,True,True,False,True,False,False,True,False,False,True,True,True,True,True,True,False,True,False,False
has_forehead_color::black,True,True,False,True,True,True,False,True,True,False,False,False,True,False,False,False,False,True,True,True,True,False,True,False,True,True,True,True,True,True,True,False,True,False,False,True,True,False,True,True,False,False,True,True,True,True,True,False,False,True,True,True,True,True,True,True,True,True,True,True,False,False,True,True,False,True,True,False,True,False,True,False,False,True,False,True,False,False,False,False,True,False,False,False,False,False,False,True,False,True,True,True,False,True,False,False,True,False,True,True,True,False,True,False,True,False,True,True,True,False,False,False,False,False,False,False,True,False,False,True,False,False,True,False,False,True,False,True,True,True,False,False,True,True,False,False,True,True,False,False,False,False,True,False,True,False,False,False,True,True,False,True,True,True,False,False,False,False,True,False,False,False,False,False,False,False,False,False,False,False,True,False,False,True,True,True,True,True,False,False,False,True,True,True,False,False,False,False,True,True,False,True,False,False,False,True,False,False,True,True,True,False,True,True,True,False,False,True,False,False,False,True,True,True,True,True,False,True,False,False,False,False,False,True,False,False,False,True,True,True,False,True,True,False,True,True,False,True,False,True,True,True,True,False,True,True,False,False,False,False,True,False,True,False,True,True,False,False,False,False,True,False,True,True,False,False,True,False,False,False,True,False,False,False,True,False,True,True,False,False,False,True,False,False,True,False,False,False,False,False,True,False,True,True,True,False,True,False,True,False,False,True,False,False,False,True,True,False,False,False,True,True
has_under_tail_color::blue,False,True,True,False,False,False,False,False,False,False,False,False,False,True,True,True,False,True,False,True,True,True,True,True,False,False,False,True,True,True,False,False,True,True,False,True,False,False,False,False,True,True,True,False,False,False,True,True,True,True,True,False,True,False,True,True,False,True,True,False,False,True,True,False,False,True,False,True,True,False,False,True,True,False,True,True,False,True,True,False,True,False,False,True,False,False,True,True,True,False,False,False,False,True,True,True,True,True,False,False,False,True,True,False,True,True,True,False,False,False,True,False,True,False,True,False,True,True,True,False,True,False,True,True,False,False,False,False,True,False,False,False,False,True,False,True,True,True,False,False,True,True,False,True,False,True,True,False,False,False,True,False,True,False,True,False,False,False,True,True,True,True,True,True,False,False,True,False,True,False,False,True,False,True,False,False,True,False,False,False,False,True,True,True,False,False,False,True,False,True,True,False,True,True,False,False,False,True,False,True,True,False,False,False,False,True,True,True,False,True,True,False,False,True,False,False,False,True,True,True,False,True,False,False,False,True,False,True,True,True,False,False,False,False,False,True,False,False,False,False,False,True,True,False,True,True,False,False,False,False,True,False,True,True,True,True,False,False,True,False,False,True,False,True,False,False,False,False,False,True,False,True,False,True,False,False,False,True,False,True,False,True,False,False,False,True,False,False,False,True,False,True,True,True,True,False,False,False,True,False,False,True,True,True,True,False,False,True,False,True,False,False
has_under_tail_color::rufous,False,False,False,True,False,True,True,False,True,False,False,True,False,False,False,False,True,False,False,True,True,True,False,False,False,False,True,True,False,True,True,True,True,True,True,True,False,False,False,False,False,False,True,False,False,True,False,True,True,True,True,True,False,True,True,False,False,True,False,True,False,False,False,False,True,False,False,True,True,True,True,True,True,False,False,False,True,False,False,True,False,True,False,False,False,False,True,True,False,False,False,True,False,False,False,False,True,True,False,True,True,True,False,True,False,True,True,False,True,True,False,False,False,True,True,False,True,False,True,True,False,False,True,False,False,False,False,True,True,False,True,True,False,True,False,False,True,False,False,True,True,False,False,False,False,True,False,False,False,False,False,False,True,False,True,False,False,False,True,True,True,False,False,True,False,False,True,True,False,False,True,True,True,True,True,False,False,False,False,True,True,True,True,True,False,False,True,False,True,True,False,False,True,False,False,True,False,True,False,False,True,True,True,True,True,True,False,True,False,True,True,False,False,True,True,False,False,False,False,False,False,True,False,False,True,True,False,True,True,True,False,False,False,True,False,False,False,False,True,False,True,False,False,True,False,False,True,True,True,False,True,False,True,False,True,True,False,False,False,False,True,False,True,True,False,False,True,False,True,True,False,False,False,False,True,True,False,False,True,False,True,False,True,True,True,False,True,False,True,False,False,False,False,True,False,False,True,True,True,False,True,True,True,True,False,True,True,False,True,False,False,True
has_under_tail_color::orange,True,False,True,False,True,True,False,True,True,True,True,True,False,False,True,False,True,False,True,True,False,True,True,True,True,False,False,False,True,False,True,True,True,False,False,True,False,False,False,True,False,False,True,True,False,False,True,False,True,True,False,True,True,False,True,True,True,True,False,False,True,True,True,True,False,True,False,True,True,True,True,True,True,True,True,True,True,False,True,False,False,False,False,False,True,False,True,True,False,True,True,False,True,False,False,True,True,True,True,True,True,True,True,False,True,True,True,True,False,True,False,False,True,True,False,True,False,True,False,True,True,True,False,False,False,False,True,True,False,True,False,True,True,False,False,False,True,True,False,True,True,True,False,False,False,False,False,True,True,False,True,False,False,False,True,False,False,True,True,False,False,False,False,True,False,True,False,True,False,False,False,False,True,False,False,False,False,True,True,False,False,True,True,True,True,False,False,False,False,True,False,False,True,True,False,False,False,False,True,False,True,False,True,False,False,False,True,False,True,True,False,False,False,False,True,False,False,False,False,False,False,False,True,True,True,False,True,False,True,False,True,False,False,True,False,False,True,False,False,False,False,False,False,False,True,True,True,False,False,True,False,False,False,True,False,False,True,False,True,False,False,False,False,False,False,False,True,False,False,False,True,False,True,True,False,False,True,True,False,False,False,True,True,False,False,True,True,True,False,False,False,False,True,True,False,True,True,False,True,False,False,False,True,True,False,False,False,True,False,True,True,False
has_under_tail_color::black,True,False,True,False,True,False,True,False,True,True,True,False,True,False,True,True,False,True,True,True,False,True,True,False,False,False,True,False,True,False,True,False,True,True,False,False,False,False,False,True,True,True,False,True,False,True,True,True,False,False,False,False,True,False,False,False,False,True,True,True,True,True,True,True,True,True,False,True,True,True,True,True,False,False,True,True,True,False,True,False,False,False,False,False,True,False,False,True,False,True,False,True,False,True,True,True,False,False,False,True,True,False,False,True,True,False,True,True,True,True,False,False,False,False,True,False,True,False,False,True,True,False,False,True,True,True,False,False,False,False,False,False,False,False,False,False,False,True,True,False,False,False,True,False,False,False,True,True,True,True,False,False,False,False,False,True,False,True,False,False,True,False,True,False,True,True,True,True,False,False,True,True,True,False,False,False,True,True,False,False,False,False,False,True,False,True,False,False,False,True,False,False,True,False,True,True,True,True,True,False,True,True,False,False,True,False,False,True,False,False,True,False,True,True,False,True,False,True,False,True,False,False,False,False,True,False,False,False,True,False,True,True,True,False,False,True,False,False,False,False,True,False,False,True,True,True,True,True,False,True,False,True,False,False,False,True,False,True,False,True,True,False,True,False,False,True,True,False,False,True,False,False,False,True,False,False,False,False,False,False,False,False,True,True,False,True,True,False,False,False,True,True,False,True,False,False,True,True,True,True,True,False,True,True,False,False,False,True,False,False,True,True
has_under_tail_color::red,True,True,False,False,True,True,False,False,True,True,True,False,False,True,False,True,True,True,False,False,False,True,True,True,False,False,True,True,True,False,True,False,False,True,True,False,False,False,False,True,False,True,False,True,True,False,True,True,True,True,True,True,False,False,True,True,True,True,False,False,False,True,True,True,False,True,False,False,False,True,True,False,True,False,False,True,True,True,True,True,False,True,True,True,True,True,False,True,False,False,False,True,True,True,False,True,True,True,True,True,True,True,True,True,True,True,True,True,False,False,False,True,True,False,False,False,False,True,False,False,False,True,False,False,False,True,False,True,False,False,False,False,False,False,True,True,False,False,False,True,False,False,True,False,True,False,False,True,True,False,False,False,False,False,False,False,False,False,False,True,False,False,False,True,True,False,False,True,True,False,False,True,False,True,False,False,True,False,False,False,False,False,False,False,False,False,False,False,True,False,True,True,False,False,False,True,False,False,True,False,False,False,True,False,False,True,True,False,False,False,True,False,False,False,False,False,False,True,False,True,False,True,True,False,True,False,False,False,False,False,False,True,True,True,False,False,False,True,True,False,True,False,True,False,True,False,False,True,True,False,True,True,False,True,True,False,False,False,False,True,True,False,False,False,False,False,False,False,False,True,False,True,False,False,True,False,False,True,False,True,False,False,True,False,True,False,False,True,True,True,False,False,True,False,False,False,True,False,True,True,True,False,False,True,False,False,False,False,False,False,False,False
has_nape_color::blue,True,False,False,False,False,False,True,True,False,True,True,True,False,True,True,True,False,False,True,True,True,True,True,True,False,True,False,False,False,True,False,False,False,True,True,True,True,True,False,True,False,True,True,True,True,True,False,False,True,False,True,True,True,True,False,True,True,True,False,True,False,True,True,False,False,False,True,False,True,True,True,True,False,True,True,True,True,True,False,True,False,False,False,False,True,False,True,False,False,True,False,False,False,False,True,False,False,True,False,True,True,True,True,True,False,True,True,True,False,True,True,False,False,False,False,False,True,True,False,True,False,True,False,False,True,False,False,False,True,False,False,True,False,True,True,False,False,False,False,True,False,False,False,True,False,True,False,False,True,True,True,False,True,True,False,False,True,False,True,False,False,False,False,False,True,True,False,False,True,False,False,False,False,False,False,True,True,True,True,True,False,True,True,False,True,True,False,True,False,True,True,True,False,False,True,False,True,False,False,True,False,True,False,True,True,True,False,False,True,False,True,False,True,False,True,False,False,True,False,False,False,False,False,False,False,False,True,True,True,False,True,False,False,False,True,False,False,False,True,False,False,False,False,False,True,False,True,True,False,True,False,True,False,False,False,False,True,True,False,False,False,False,False,True,True,False,True,False,True,False,True,False,True,True,False,False,False,True,False,False,True,True,False,True,True,False,False,False,True,True,False,False,True,False,False,True,False,True,True,False,True,False,False,False,True,True,False,False,False,False,False,True
has_nape_color::rufous,False,False,True,True,False,True,False,False,True,False,False,True,True,True,True,False,False,False,True,True,True,True,True,False,False,True,False,False,True,True,True,False,False,True,False,True,True,True,True,False,True,True,True,False,False,False,True,True,True,True,False,False,False,False,True,True,True,True,True,False,True,True,False,False,False,True,True,True,True,True,True,True,True,True,True,False,True,False,True,True,False,True,False,False,False,False,False,True,True,True,False,True,False,False,True,False,False,True,True,False,False,False,False,True,False,True,True,False,True,False,False,True,True,False,False,False,False,True,False,False,True,False,False,True,False,True,False,False,True,False,False,False,False,False,True,False,False,False,False,False,True,False,False,False,True,False,False,True,True,False,True,False,False,False,False,True,False,False,True,False,True,True,False,True,False,False,True,True,True,False,True,False,False,True,False,True,False,True,True,True,True,False,True,True,False,False,False,False,False,True,True,True,False,False,False,False,False,False,False,False,False,False,False,False,True,False,False,False,True,True,True,False,False,True,True,True,False,True,False,True,True,False,True,False,False,False,False,False,False,True,False,True,True,True,False,True,True,False,False,False,False,False,False,True,True,False,False,False,True,True,True,False,True,True,False,False,False,False,False,False,False,False,False,False,False,False,True,True,False,True,True,False,False,False,True,False,False,True,False,True,False,False,False,False,False,False,False,True,True,False,True,True,True,True,False,True,False,False,False,True,False,True,True,True,True,True,False,True,False,True,False,False
has_nape_color::grey,True,False,False,False,True,False,True,True,True,True,True,True,True,True,False,True,True,True,False,True,True,True,True,False,True,True,True,True,False,True,False,False,False,True,True,True,True,True,False,True,True,True,False,False,False,True,True,True,False,True,True,True,False,False,True,False,True,False,True,True,True,False,False,False,True,True,False,False,True,False,False,True,True,True,False,False,False,False,False,False,True,True,False,False,False,True,False,True,True,False,False,False,True,True,False,True,True,True,True,True,False,True,True,False,False,True,True,True,True,False,False,False,False,False,True,False,False,False,False,False,False,False,False,True,True,False,True,True,False,False,True,True,False,True,True,False,False,False,False,False,True,False,False,True,False,True,True,True,False,False,True,False,False,False,True,False,False,False,True,False,False,True,False,False,False,True,True,False,False,False,False,False,False,False,True,False,True,False,False,False,False,False,True,False,True,True,False,False,False,True,True,True,False,True,True,True,False,True,True,False,False,False,False,False,False,False,True,False,True,False,True,False,True,True,False,False,False,True,False,True,False,True,False,True,True,True,False,True,False,True,False,False,False,True,False,True,True,False,False,True,False,False,True,False,False,False,True,False,True,True,False,True,True,False,True,False,True,True,False,False,True,False,True,False,False,True,False,False,True,True,True,False,False,False,True,False,False,True,False,False,True,False,True,False,True,False,False,False,False,False,True,True,False,False,True,True,False,False,False,False,True,False,True,False,True,False,False,False,False,False,False,False
has_nape_color::orange,False,True,False,False,True,False,True,True,True,False,False,True,False,True,True,True,True,False,True,True,True,False,True,False,False,False,True,False,False,False,False,True,False,True,True,False,True,False,True,True,True,True,False,False,True,True,True,False,True,True,False,False,True,False,True,False,False,False,False,False,False,True,True,False,False,False,False,False,False,False,True,False,False,True,False,True,True,False,True,False,False,False,True,True,False,False,True,True,True,False,False,True,False,False,False,True,False,True,True,True,True,False,False,False,False,False,True,True,True,True,False,True,False,False,False,True,True,True,False,True,False,False,False,True,False,True,True,False,False,False,False,False,True,True,True,False,False,False,False,False,True,True,False,False,False,False,True,False,False,False,True,False,True,False,False,True,True,False,True,False,False,True,False,True,False,False,False,True,True,False,True,True,True,True,False,False,True,False,True,True,True,True,True,False,False,True,True,False,False,False,False,False,True,False,True,False,True,False,True,False,False,False,True,False,False,False,True,True,False,False,False,True,False,False,False,True,True,True,False,False,True,True,False,True,False,False,False,True,False,False,False,True,True,True,False,False,False,True,False,True,True,True,True,False,True,False,True,False,True,True,False,False,False,False,False,False,False,True,False,False,False,True,True,False,True,False,True,True,False,True,True,False,True,False,True,True,True,True,True,True,False,False,False,True,True,False,False,False,True,False,True,False,False,False,False,True,False,True,True,False,True,True,False,True,False,False,False,False,True,True,False,False
has_nape_color::black,True,True,False,False,False,True,True,True,True,True,False,False,True,True,False,False,False,True,True,True,True,False,True,False,False,False,True,True,False,True,True,True,True,False,False,False,True,True,True,False,True,True,True,False,False,False,True,False,False,True,True,False,False,False,False,True,True,False,False,True,True,True,False,False,False,True,True,True,False,True,False,False,False,True,True,False,True,False,False,False,True,True,False,False,True,False,True,False,True,False,True,False,False,True,False,True,False,False,True,True,False,True,True,True,False,False,True,True,False,False,False,False,False,False,True,True,False,False,False,False,False,False,True,False,False,False,False,False,False,False,False,False,False,False,False,True,False,False,True,False,True,False,False,False,True,False,False,False,False,True,True,True,False,False,False,True,False,False,False,False,False,False,False,False,True,False,False,True,False,True,False,False,False,True,True,False,True,True,False,False,False,False,False,False,False,True,True,True,False,False,True,True,True,True,False,False,True,True,True,True,True,False,True,False,True,False,False,False,True,True,False,False,False,True,False,True,False,False,True,True,True,False,False,True,True,True,False,True,False,False,False,True,True,True,True,True,True,True,False,False,False,True,False,False,True,True,False,False,True,True,True,True,False,False,True,False,True,False,True,False,False,False,False,False,False,True,False,False,False,False,True,False,False,True,False,True,False,True,True,False,True,False,False,False,True,False,False,False,False,False,True,True,True,False,False,False,False,False,True,True,True,False,True,False,False,False,True,True,True,False,True,False
has_nape_color::red,False,True,True,False,False,True,False,True,False,True,True,False,True,False,True,True,True,False,True,False,False,False,True,False,False,False,False,True,True,False,False,True,True,False,False,False,True,False,True,False,True,True,False,True,True,False,True,False,False,False,True,True,True,False,True,True,True,True,True,False,False,True,True,False,True,False,True,False,True,False,False,True,True,True,True,False,True,False,False,False,False,False,False,True,False,False,True,False,False,True,True,True,True,True,False,False,True,True,False,True,True,False,True,True,True,True,True,False,False,True,False,False,False,True,False,False,False,True,False,True,False,False,False,False,True,True,False,False,True,False,True,False,True,True,False,True,True,False,False,True,False,False,False,False,False,False,True,True,False,True,False,False,True,False,False,True,False,False,False,True,False,True,True,False,True,False,False,False,False,False,False,True,False,False,True,False,False,False,True,True,False,False,False,True,True,False,True,False,True,False,True,False,False,False,False,False,True,True,False,False,False,False,False,True,True,True,False,True,False,True,True,False,False,True,False,True,False,True,False,True,True,False,True,False,True,False,False,False,True,True,True,True,True,True,False,False,True,False,False,False,False,True,False,False,True,True,False,True,True,False,False,False,False,True,True,False,True,False,False,True,False,False,True,False,False,True,False,True,False,False,False,False,False,False,False,False,False,False,True,False,True,True,False,True,False,False,False,False,True,False,False,False,False,True,True,False,False,False,False,True,False,False,False,True,True,True,False,True,False,False,True,False
has_belly_color::blue,False,True,False,False,False,False,True,True,True,False,True,False,True,True,False,True,True,True,True,True,False,True,False,False,False,True,False,True,False,True,True,True,False,False,False,True,True,False,False,True,True,False,True,True,False,True,False,True,True,True,True,False,True,True,True,True,True,False,True,False,True,False,True,False,False,False,True,True,True,True,False,True,False,False,True,False,True,False,True,False,False,True,False,False,False,True,False,True,True,False,True,False,False,True,False,True,True,True,True,False,True,True,False,True,False,True,True,False,True,False,True,True,False,True,False,False,False,False,False,False,False,False,True,False,False,False,False,False,True,False,True,True,False,True,True,False,False,True,False,False,False,False,True,True,True,True,False,False,False,False,False,False,False,False,False,False,False,False,True,True,False,False,False,True,False,False,True,True,False,True,False,True,False,False,False,True,False,False,True,True,False,False,False,False,False,False,False,True,False,True,False,False,True,False,False,True,False,False,False,True,True,False,True,False,True,False,False,True,False,False,False,False,False,False,False,True,False,True,True,True,False,True,True,True,False,True,True,True,True,False,False,True,True,True,True,False,False,False,True,True,True,False,False,False,True,False,False,False,True,False,True,False,False,False,True,True,False,False,False,False,False,False,False,False,True,False,True,False,False,False,False,False,False,False,False,False,False,False,True,False,False,False,False,False,True,False,True,False,True,False,False,True,False,False,True,False,False,True,True,False,True,False,True,False,False,False,True,False,True,False,True,True
has_belly_color::rufous,True,False,True,False,True,True,False,True,False,True,False,False,True,True,False,False,True,True,True,True,False,True,True,True,False,True,False,False,True,False,True,False,True,True,True,True,True,False,False,False,True,False,True,True,True,False,False,True,False,True,False,True,False,False,True,False,False,True,False,True,True,True,True,True,False,True,False,True,False,True,True,True,True,False,True,True,False,False,False,False,False,True,True,False,False,False,True,True,True,False,False,True,False,True,True,True,False,True,True,False,True,True,False,True,True,True,False,True,False,True,False,False,False,False,True,True,False,True,True,True,True,False,True,False,True,True,False,True,False,True,True,True,False,False,False,False,False,False,True,True,False,False,False,False,False,False,True,True,False,True,False,False,True,False,True,False,True,True,False,True,True,False,False,False,True,False,False,False,False,True,False,True,True,True,False,False,False,True,False,True,False,False,False,False,True,False,False,False,False,True,False,True,False,False,False,False,True,False,True,False,False,False,True,False,False,False,False,False,False,False,False,False,False,False,False,False,True,True,False,False,False,True,True,False,True,True,True,True,True,False,False,False,False,True,True,False,True,False,True,False,True,False,False,False,True,True,False,True,False,False,True,False,False,False,False,True,False,True,False,False,False,False,True,False,True,True,True,True,True,True,False,False,False,True,False,False,False,True,True,True,False,False,False,True,True,False,False,False,True,False,True,False,True,True,True,True,True,False,False,False,False,False,False,False,True,False,False,False,False,False,True,True
has_belly_color::grey,False,False,False,True,True,False,True,True,True,True,False,True,True,True,False,False,True,True,True,False,False,True,False,True,False,False,True,True,True,True,True,False,True,True,True,False,True,False,False,True,True,False,True,True,True,True,True,True,True,True,False,True,True,True,True,False,True,True,True,True,True,True,True,True,True,True,True,True,True,True,True,True,True,False,True,True,True,False,True,True,False,True,False,True,True,True,True,False,True,True,False,True,True,True,False,True,True,True,False,False,True,False,True,True,True,True,False,True,True,True,True,False,True,True,False,False,False,False,False,True,True,False,False,True,False,False,False,False,False,False,False,False,False,True,True,False,False,False,False,True,True,False,False,False,True,False,True,False,False,True,False,False,False,True,False,False,False,True,True,False,False,True,False,True,False,True,True,True,False,True,True,True,False,False,True,True,False,False,True,False,True,False,False,False,False,True,True,True,False,True,True,False,False,False,False,True,False,False,True,False,True,False,False,True,False,False,True,False,False,False,False,False,False,False,True,False,True,True,False,False,False,False,False,True,False,False,True,False,False,False,True,True,False,False,True,False,False,False,False,True,False,False,False,False,False,False,False,False,True,False,False,True,True,True,False,True,False,False,True,True,True,False,False,False,True,True,False,False,True,True,False,True,False,False,False,False,True,False,False,True,False,False,True,False,False,True,False,False,True,True,False,False,True,True,False,False,False,False,False,False,False,True,False,True,False,False,True,False,False,True,False,False
has_belly_color::orange,True,False,True,False,True,True,False,True,True,False,False,True,False,True,False,False,True,True,False,True,False,True,True,True,True,False,True,False,True,False,False,False,True,False,False,True,False,True,True,False,False,False,False,True,True,False,True,False,True,False,True,True,False,True,True,True,True,True,True,True,False,True,True,True,True,False,False,False,False,False,True,True,True,False,False,True,True,False,True,False,True,True,False,False,False,False,False,False,False,True,True,True,True,False,False,False,True,True,False,True,False,True,True,False,False,False,False,True,False,False,False,True,True,False,True,False,True,False,False,False,False,False,False,True,False,False,False,False,True,False,True,False,False,False,False,False,False,False,False,False,True,True,True,False,True,False,False,False,True,False,True,False,False,True,False,False,False,True,True,False,True,False,True,True,False,True,False,True,False,True,True,True,False,False,False,False,False,True,False,False,False,False,False,False,False,True,False,True,True,False,True,True,True,True,False,False,False,False,False,False,False,True,False,False,False,True,False,False,True,False,False,True,False,True,False,False,False,True,False,True,False,False,True,False,True,False,True,False,False,False,False,True,True,False,False,False,False,True,True,True,True,False,False,False,False,False,True,False,True,False,False,False,True,True,False,True,False,False,False,False,False,False,False,False,True,False,False,True,True,False,False,False,True,False,True,False,True,False,False,False,True,False,True,False,True,False,False,False,False,True,True,False,True,True,True,False,False,False,False,True,False,True,False,False,True,True,True,False,True,True,False,False
has_belly_color::black,True,False,True,False,True,True,True,True,True,True,True,False,True,True,False,False,True,True,False,True,True,True,True,False,False,True,False,False,False,False,False,True,True,True,False,True,True,False,False,False,True,True,False,True,True,True,True,True,True,False,False,False,False,True,False,False,True,False,True,True,False,True,True,False,True,True,True,False,True,False,False,True,True,False,False,False,False,False,True,False,True,True,False,False,False,False,False,False,True,True,True,True,False,True,True,False,True,False,True,True,False,True,True,True,False,True,True,True,True,False,True,False,False,True,False,False,True,False,True,True,False,True,True,False,True,False,False,False,True,False,False,False,False,False,False,False,True,False,False,False,False,False,False,False,True,False,True,False,True,False,True,False,False,False,False,True,True,True,False,True,False,True,True,False,False,True,False,False,True,False,True,False,True,True,False,False,False,False,False,True,False,False,False,False,False,False,False,False,False,False,False,False,False,False,True,False,True,False,True,False,False,False,False,True,False,True,False,True,False,False,False,False,False,False,False,False,False,False,False,True,True,True,False,False,True,True,False,True,False,False,False,True,False,False,True,False,True,False,False,False,True,False,False,True,False,True,False,True,True,False,False,True,False,True,True,False,False,False,False,False,True,True,True,True,False,False,False,False,False,False,False,False,True,False,False,False,True,False,False,False,False,True,False,False,True,True,False,False,True,True,True,False,True,False,False,False,False,True,False,True,True,False,True,True,True,True,True,True,False,True,False,True
has_belly_color::red,True,False,False,False,False,False,False,True,True,True,False,True,False,False,False,True,True,True,True,True,True,False,False,True,True,False,True,False,False,False,True,False,False,False,True,True,True,False,True,True,False,True,True,True,True,True,False,True,True,True,True,True,False,False,True,True,False,True,False,False,True,False,True,False,False,True,True,True,True,True,True,True,False,True,True,False,True,False,False,True,False,False,True,True,True,True,True,True,False,False,True,True,True,False,True,False,True,False,False,False,True,False,True,True,True,True,True,False,False,True,True,True,True,False,False,True,False,False,True,True,True,False,False,True,False,False,False,False,True,True,False,True,True,True,False,True,True,True,True,False,True,False,False,False,False,True,True,True,False,False,True,True,True,True,False,False,True,True,False,True,False,True,False,False,False,True,False,False,False,False,False,True,True,False,False,False,True,False,False,True,True,False,True,False,False,False,False,True,False,True,True,True,True,False,True,False,False,False,True,False,False,True,True,False,True,True,False,True,True,True,True,True,False,False,False,False,True,True,False,False,True,False,False,False,True,False,False,False,True,False,False,False,False,False,False,False,False,True,False,False,True,True,False,False,False,False,True,False,False,True,True,True,True,True,False,False,False,True,False,False,True,True,True,False,False,True,True,True,True,True,True,False,True,False,False,False,True,False,True,True,False,False,False,False,False,False,False,False,True,False,False,False,False,True,False,False,True,True,False,True,False,True,False,True,False,True,True,False,True,False,False,False
has_belly_color::buff,False,True,True,False,False,False,False,True,False,False,False,False,False,False,True,True,True,True,True,True,True,True,True,True,False,True,True,True,False,False,False,False,True,True,False,True,True,True,False,False,True,False,True,True,False,False,True,False,False,False,False,True,True,False,False,False,True,True,False,True,True,True,True,False,True,True,False,False,True,True,False,True,False,False,True,False,True,False,False,True,False,False,True,False,True,True,False,True,True,False,False,False,True,True,False,True,True,False,False,False,False,True,True,True,False,True,False,True,False,False,False,False,False,True,True,False,False,False,False,True,True,True,False,True,False,True,True,False,False,True,True,False,False,True,True,False,True,False,True,True,True,True,True,False,True,False,False,False,False,False,False,False,False,False,False,True,True,False,True,True,True,False,True,False,False,False,False,False,False,False,False,False,False,True,False,True,False,True,True,False,False,False,True,True,False,False,False,False,False,False,True,False,False,True,False,True,False,False,True,False,True,False,True,False,False,True,False,True,False,False,False,False,False,False,True,True,False,False,False,False,False,False,True,False,False,False,True,False,False,True,False,False,False,False,True,True,False,False,True,True,True,False,False,False,False,False,False,False,True,True,False,True,False,False,True,False,True,False,False,True,True,False,True,True,True,True,False,True,True,False,False,True,False,True,False,False,False,False,False,False,True,False,False,False,True,True,False,True,False,False,False,True,True,False,True,False,False,False,True,True,True,True,False,False,False,False,False,False,False,False,True,False
has_wing_shape::rounded-wings,True,True,True,True,True,True,False,False,False,False,False,False,False,False,False,False,True,False,True,False,True,False,True,False,False,False,False,False,False,False,False,False,False,False,False,False,True,True,False,False,True,False,False,False,False,True,True,True,False,True,True,True,False,False,True,False,False,False,False,True,False,False,True,True,False,False,True,False,True,False,False,False,True,False,True,True,False,False,False,False,False,True,True,True,True,False,True,False,False,True,True,False,True,False,False,False,False,False,False,False,False,False,False,False,False,True,False,False,False,False,False,False,False,False,True,True,False,False,False,True,True,False,True,False,True,True,True,False,True,True,True,False,False,False,False,True,True,True,False,True,True,True,True,False,False,True,True,True,False,False,False,False,True,False,False,False,False,True,False,False,False,False,False,False,True,False,False,True,False,False,False,False,False,True,True,False,False,True,False,False,False,True,False,True,False,True,True,True,True,True,False,False,True,False,True,False,True,False,True,False,True,False,True,False,False,False,False,False,False,True,False,True,False,True,False,False,False,False,False,False,False,True,False,True,True,True,True,False,False,False,False,True,True,True,True,False,True,False,False,True,True,False,False,True,True,False,True,False,False,False,False,False,True,True,False,False,False,False,False,True,False,True,False,False,False,False,True,True,False,False,False,False,False,True,True,True,False,True,False,False,True,False,False,False,False,True,False,True,False,False,False,False,False,True,True,False,True,False,False,True,False,True,False,True,False,False,True,True,True,True,False,False
has_size::large_(16_-_32_in),False,True,True,False,False,True,False,False,True,True,True,False,True,True,True,True,False,False,False,False,True,True,False,False,False,True,False,False,False,False,False,False,False,False,True,True,True,False,False,True,False,False,False,False,True,False,False,False,False,False,False,True,True,False,True,False,True,False,True,False,False,True,False,False,False,False,False,False,False,False,False,True,True,True,True,True,False,True,True,False,True,True,True,False,True,False,False,False,False,False,False,False,False,True,False,True,False,True,True,False,False,True,False,False,False,False,False,True,True,False,True,False,False,False,True,False,True,False,True,True,True,True,False,False,False,False,False,False,False,False,False,True,True,True,False,False,False,False,False,False,True,False,False,True,False,False,True,True,True,False,True,False,True,False,False,True,False,True,True,False,True,False,True,False,False,False,True,True,True,True,True,False,True,True,False,True,True,True,True,False,True,True,False,False,True,False,False,False,True,False,True,True,False,True,True,True,False,False,True,False,False,False,True,False,True,False,False,False,True,False,False,False,False,True,False,False,False,False,True,False,True,False,False,False,False,True,False,False,False,False,True,False,True,False,True,False,True,False,False,False,False,False,False,False,False,False,True,False,False,False,False,False,False,True,True,True,True,False,True,False,False,False,True,True,False,True,False,False,False,False,False,True,False,False,False,False,True,True,True,True,True,True,False,False,True,False,False,True,True,False,True,True,False,True,False,True,False,True,True,False,True,True,True,False,False,False,False,False,True,False,False,False
has_size::very_large_(32_-_72_in),True,True,False,False,True,False,True,False,False,True,True,False,False,True,False,True,False,False,False,True,False,True,False,False,False,True,False,False,False,False,True,False,False,True,False,True,True,False,False,False,False,False,False,False,True,False,False,False,True,False,True,False,False,False,True,True,True,False,False,True,False,False,True,True,False,True,True,False,True,False,False,False,True,True,False,False,False,False,False,True,False,False,False,True,False,True,False,False,False,True,False,False,False,True,False,True,False,False,True,False,False,False,True,False,True,True,False,False,False,False,True,True,True,True,False,False,True,False,False,False,True,False,True,True,True,False,True,False,True,False,True,False,True,True,True,False,False,False,True,True,False,True,False,True,False,True,True,False,True,True,False,True,False,True,True,False,False,True,True,True,False,False,False,True,False,True,False,False,False,True,True,False,False,False,True,True,True,False,True,True,False,True,True,False,False,False,False,False,False,True,False,True,False,True,False,False,False,True,False,True,False,False,True,False,True,False,False,False,False,True,False,False,True,False,False,True,False,False,False,False,True,False,False,False,False,False,True,True,False,False,True,False,False,False,False,False,True,False,True,True,True,False,False,False,True,False,False,True,True,True,False,False,True,False,True,True,True,True,True,True,False,False,True,False,False,True,False,False,True,False,False,True,False,False,False,True,False,False,False,False,False,True,False,False,True,True,True,True,True,False,False,False,False,True,False,False,True,True,True,False,True,False,False,False,False,False,False,True,True,False,False,False
has_size::medium_(9_-_16_in),True,True,False,False,False,True,False,False,False,False,False,True,False,True,False,False,False,False,False,False,False,False,True,False,True,False,True,False,False,True,False,False,True,False,False,True,False,True,True,True,False,False,True,False,True,False,True,False,True,True,False,False,True,False,True,False,True,True,False,False,True,True,False,False,False,False,False,True,False,False,False,False,True,False,False,True,False,True,True,True,False,False,True,False,False,False,False,False,True,False,True,False,False,True,False,False,True,True,False,False,False,False,False,False,False,False,True,True,True,True,False,True,False,True,False,False,False,True,False,False,False,True,False,True,True,False,True,False,True,False,False,False,False,True,False,False,True,False,True,True,True,False,True,False,True,True,True,False,True,True,False,False,True,True,True,False,False,True,False,True,False,False,False,False,True,False,False,False,True,False,True,False,True,False,False,False,True,True,True,False,False,False,False,True,False,True,False,False,False,True,True,True,True,False,True,True,False,True,False,True,False,False,True,False,False,False,False,False,False,False,True,True,False,False,True,False,False,True,True,False,True,False,False,True,False,False,False,False,False,False,True,False,False,True,False,False,False,False,False,False,False,False,False,False,True,True,False,True,False,False,False,False,True,False,False,False,False,False,True,True,False,False,False,False,False,False,True,False,True,True,True,False,False,False,True,False,False,False,False,False,False,False,False,False,True,False,True,True,False,False,False,False,False,False,False,True,False,False,True,True,False,False,False,False,True,False,True,False,True,False,False,False
has_shape::long-legged-like,True,True,False,True,True,True,True,False,False,False,True,False,False,True,True,False,False,True,False,False,False,True,False,False,False,False,False,False,False,True,False,False,True,True,False,True,True,False,True,False,False,False,True,False,True,True,False,False,False,False,False,True,True,False,False,False,False,False,True,False,False,False,False,False,True,False,True,False,True,True,False,True,False,False,True,True,False,False,True,False,True,False,True,True,False,True,False,False,False,True,True,False,False,True,False,False,True,False,True,False,True,True,False,False,False,True,False,True,False,False,True,False,True,False,True,False,False,False,True,False,True,True,False,False,False,False,False,False,True,False,True,False,False,False,False,False,True,True,False,False,True,False,True,False,False,False,False,False,False,True,False,False,True,False,True,True,True,False,True,False,False,True,True,True,True,True,True,False,True,False,False,False,False,False,True,False,False,False,False,False,False,False,False,False,False,True,False,False,False,False,False,False,True,False,False,True,True,True,False,False,False,False,True,False,False,False,True,False,False,False,True,False,True,False,True,False,True,True,False,False,True,False,True,False,True,False,True,True,False,True,True,False,True,False,True,False,False,True,False,True,True,False,True,True,False,False,True,False,True,False,False,False,False,False,False,True,True,True,True,False,True,True,False,True,False,False,False,True,False,True,False,True,False,True,False,True,True,False,False,True,False,True,False,True,False,False,False,False,False,True,False,True,True,False,False,False,False,True,False,True,True,True,True,False,False,True,True,True,True,True,False,False
has_shape::swallow-like,True,False,True,False,False,True,True,False,True,False,True,False,True,False,False,False,False,False,False,True,False,False,False,True,False,False,False,False,False,False,True,True,False,True,True,True,False,True,True,True,False,False,True,True,True,True,False,False,False,True,False,True,True,False,True,False,False,False,True,True,False,False,False,True,False,False,True,True,False,False,False,False,False,False,True,False,True,False,True,False,True,True,True,True,False,False,False,False,True,True,True,False,False,False,True,False,False,True,True,True,False,False,False,False,True,False,False,False,False,True,False,False,False,False,True,False,True,False,True,False,True,True,False,True,True,True,False,False,False,False,False,False,False,True,False,False,False,False,True,True,False,True,True,False,True,True,False,True,False,False,False,True,False,True,True,True,False,False,False,True,True,False,False,False,False,True,False,False,True,False,False,False,False,False,False,True,False,False,False,False,True,False,True,False,True,False,True,True,False,False,False,True,False,False,False,False,False,True,False,True,False,False,True,False,False,True,False,False,False,False,True,True,False,False,False,True,True,True,True,True,False,True,False,False,True,False,False,True,True,False,False,False,True,False,True,False,False,False,False,True,False,True,True,False,False,False,False,True,True,True,False,False,True,False,False,False,True,True,True,True,True,False,False,False,False,True,False,False,False,False,True,False,False,True,True,False,False,False,False,True,False,False,False,True,True,False,False,False,True,False,False,True,True,True,False,False,False,True,False,False,True,True,False,True,True,True,False,True,False,False,False,False
has_shape::perching-like,True,True,False,False,False,True,False,False,False,False,False,True,True,False,True,True,True,True,False,False,False,True,True,False,False,False,True,True,True,True,False,True,True,True,False,False,True,True,False,True,False,False,False,False,False,True,False,False,False,False,False,False,False,False,True,False,True,False,True,False,False,True,False,False,True,True,False,True,False,False,False,True,True,False,True,False,True,False,True,True,True,False,True,True,False,False,True,True,False,True,True,True,True,False,False,True,True,True,False,True,True,True,True,True,False,False,True,False,True,True,False,False,True,True,False,True,False,True,False,False,True,False,False,True,True,False,True,False,False,False,False,False,True,False,False,False,True,False,True,False,True,False,True,True,True,True,False,True,False,False,True,False,False,False,False,False,False,False,True,False,False,True,False,False,True,True,True,False,False,True,True,False,False,False,False,False,True,True,False,True,True,False,True,False,False,False,True,False,True,False,False,False,False,True,True,False,True,False,False,True,False,True,False,True,True,True,True,True,False,True,False,False,True,False,False,False,False,False,True,True,False,False,True,False,False,False,False,True,False,True,False,True,True,True,False,False,True,False,False,False,False,True,False,True,False,False,False,True,True,False,False,False,False,False,False,False,False,False,True,True,False,False,True,False,False,False,False,False,False,True,False,True,False,False,False,True,True,True,False,False,True,True,False,True,True,True,False,True,True,False,False,True,False,True,True,False,True,True,False,False,False,False,True,True,True,True,True,False,False,False,False,True
has_back_pattern::spotted,False,False,True,False,False,False,False,True,True,False,False,True,True,True,False,True,False,True,True,False,False,False,True,True,True,False,False,True,False,True,True,True,False,False,False,True,False,True,False,False,False,True,False,False,False,True,False,True,False,True,True,False,False,True,True,True,True,False,False,True,False,True,True,False,True,False,False,True,False,False,True,False,False,True,False,True,True,False,False,False,False,True,False,False,True,True,True,True,False,False,False,False,True,True,True,True,False,True,False,False,True,False,True,True,True,False,True,True,False,True,False,True,True,False,False,False,True,False,False,False,False,True,True,True,False,True,True,True,False,True,False,True,True,False,False,True,False,False,False,False,True,False,True,False,False,True,False,False,True,True,False,False,True,False,False,True,False,True,False,False,False,True,False,True,False,True,False,False,False,False,True,True,False,False,False,True,False,False,False,False,False,False,True,False,False,True,False,False,False,False,True,True,False,False,False,False,False,False,False,False,True,True,True,False,False,True,True,False,False,True,False,False,True,False,False,False,True,False,False,False,True,False,False,False,False,True,False,True,True,False,False,False,False,False,False,True,False,False,False,False,False,False,True,False,False,False,True,False,False,True,False,False,False,True,False,False,False,True,False,True,False,False,True,True,False,True,True,True,True,False,False,True,False,True,False,True,True,False,False,False,True,False,False,True,True,False,True,True,True,True,False,False,False,False,False,False,False,True,True,False,True,True,False,False,False,True,True,False,False,False,False,False
has_back_pattern::striped,True,True,True,True,False,False,True,False,True,False,True,False,False,True,True,True,True,False,False,False,False,False,True,False,True,False,False,True,False,False,True,True,False,True,True,False,True,False,False,False,True,False,True,True,False,False,False,False,True,True,True,False,False,False,False,False,False,False,False,True,True,True,False,False,True,False,False,False,False,True,False,True,False,False,True,False,True,False,True,False,False,False,False,True,False,False,False,True,True,False,False,True,True,True,False,False,False,False,False,False,True,False,True,False,True,True,False,False,False,True,True,True,True,False,True,False,False,True,False,False,True,False,False,False,False,True,True,False,False,False,False,False,False,True,False,True,False,False,False,False,False,False,True,True,False,False,True,False,False,False,False,False,True,False,False,True,False,False,False,True,True,False,False,False,True,False,True,False,False,False,True,False,True,True,False,False,False,True,True,False,False,False,False,False,False,True,False,True,True,False,False,False,False,False,False,False,False,False,False,False,False,True,True,False,False,True,True,True,False,True,True,False,True,False,False,False,True,True,True,False,False,False,True,False,False,False,True,True,False,False,False,False,False,False,True,False,False,False,True,False,True,False,True,True,True,True,False,False,False,False,False,True,False,True,True,False,True,False,False,False,False,False,False,True,True,False,True,True,False,True,False,False,False,False,False,True,True,True,True,False,True,True,False,True,False,False,True,True,True,True,False,True,False,True,False,False,True,False,True,False,False,True,False,True,True,False,False,False,True,False,False,False
has_back_pattern::multi-colored,True,True,True,True,False,True,True,False,False,False,False,True,False,False,True,False,True,False,True,False,False,True,True,False,False,False,False,False,True,False,True,True,True,False,False,False,True,False,True,False,False,False,True,False,True,False,False,False,True,True,False,True,False,False,False,False,False,False,False,True,False,True,False,False,False,True,True,True,True,True,False,False,False,False,True,True,True,False,True,True,False,False,True,False,False,True,False,False,False,False,True,False,False,False,False,True,False,False,True,True,True,False,False,False,True,False,False,True,False,False,True,True,False,True,False,False,False,True,True,True,False,False,False,True,False,False,False,False,False,False,False,False,False,True,True,False,True,True,False,True,True,True,True,False,True,False,True,True,False,True,True,False,False,False,True,True,False,True,True,True,True,False,True,True,False,False,True,True,True,True,True,False,True,True,True,True,False,False,False,True,True,False,True,False,False,False,True,False,False,False,True,False,False,True,True,True,False,False,False,False,False,False,False,True,False,False,False,True,False,True,True,True,True,True,True,False,True,True,True,True,False,True,False,False,True,False,False,True,False,False,True,False,True,True,True,True,False,False,False,False,False,False,False,True,False,False,False,False,True,True,False,True,False,False,True,True,False,True,True,False,False,True,True,True,True,False,True,False,False,False,True,True,False,False,True,False,False,False,True,False,True,True,False,True,True,True,False,False,False,False,True,False,False,False,False,True,True,False,True,True,False,True,True,True,False,False,False,False,True,True,False,False
has_tail_pattern::spotted,True,False,False,True,False,True,False,True,False,True,True,False,False,False,True,False,True,False,False,False,True,False,True,False,True,False,False,False,True,True,True,True,False,False,False,True,True,True,False,False,True,True,True,False,False,False,False,True,False,True,False,True,False,False,True,True,False,False,False,False,False,False,True,False,False,True,True,True,False,False,False,True,False,True,True,False,True,True,False,True,True,False,True,True,True,True,True,True,True,False,True,True,True,False,True,False,False,True,True,False,False,False,False,False,False,False,True,False,False,False,True,True,True,False,False,False,False,True,True,False,False,False,False,False,False,True,True,True,True,True,True,False,False,True,True,False,True,False,False,False,False,False,True,True,False,False,True,False,True,False,False,True,True,True,True,False,True,False,True,True,False,False,True,True,False,False,True,True,True,True,False,False,True,True,True,True,False,True,False,True,False,False,False,False,True,True,False,False,False,False,False,True,False,False,False,True,True,True,False,True,True,False,False,True,True,False,False,True,False,False,False,False,False,False,False,True,True,False,False,True,False,False,False,False,True,False,True,False,False,True,False,False,True,False,False,True,False,False,False,True,False,True,False,True,False,True,True,True,False,False,False,True,False,False,True,True,False,True,False,False,True,True,False,True,False,True,True,False,True,False,False,False,True,True,False,True,False,False,True,False,False,True,False,True,False,False,False,True,False,False,True,False,False,False,False,False,True,False,True,False,False,False,False,False,False,True,False,False,False,True,True,False
has_tail_pattern::striped,False,True,False,True,True,True,True,False,False,False,True,True,True,False,False,True,True,True,True,False,False,True,False,True,False,False,True,True,True,True,False,True,True,False,False,False,True,True,True,True,False,False,True,False,False,False,True,False,False,True,True,False,False,False,True,False,True,True,True,False,True,False,True,True,True,False,False,True,False,True,True,False,False,False,True,False,True,True,True,True,False,True,False,False,True,True,True,True,True,True,False,True,True,False,True,False,False,False,True,True,False,False,False,False,False,False,True,True,False,False,True,True,False,True,False,True,True,False,True,True,False,False,False,True,True,True,False,True,False,True,True,False,False,False,False,True,False,False,True,False,True,True,True,False,True,False,True,False,True,False,False,True,False,True,False,True,True,False,False,True,True,False,False,False,False,True,False,True,False,False,False,True,False,False,True,True,False,True,True,False,True,True,False,False,False,True,True,False,False,False,True,False,True,False,True,True,False,False,False,True,False,False,True,False,False,True,True,False,True,True,True,False,False,False,True,False,False,False,False,True,True,True,True,False,False,False,True,True,True,True,False,False,True,False,False,True,True,True,True,True,True,False,False,True,False,False,True,True,False,False,False,False,False,False,False,False,True,True,False,False,False,False,True,False,True,True,True,False,True,True,False,True,False,True,False,True,True,False,True,False,False,False,False,False,True,False,False,True,True,True,False,False,True,False,False,False,True,False,False,True,False,True,True,False,False,False,False,False,False,False,False,False
has_tail_pattern::multi-colored,True,False,False,True,False,True,False,True,True,False,False,False,False,False,True,True,True,True,False,True,True,False,True,True,False,False,True,True,False,True,False,True,True,False,False,False,False,True,True,True,False,True,False,True,False,True,True,True,False,True,False,False,False,True,True,True,False,False,False,False,True,True,False,False,True,False,True,False,False,True,False,True,False,False,False,True,True,True,True,True,False,True,False,False,True,True,True,True,True,True,False,False,True,False,False,False,False,True,False,False,False,False,True,False,True,True,True,False,False,True,True,True,True,False,True,False,False,True,True,True,False,True,False,True,False,False,True,True,True,False,True,True,False,False,False,False,True,True,True,False,True,False,False,True,False,True,False,True,True,False,True,False,True,False,False,False,True,False,False,False,False,True,False,False,False,False,False,False,False,True,True,True,False,False,True,True,False,False,False,False,True,False,False,False,False,False,False,False,False,False,True,True,False,False,True,False,False,False,False,False,False,True,False,False,True,True,False,False,True,False,False,False,False,True,False,True,True,False,True,False,False,False,True,True,False,True,False,False,True,False,False,False,True,False,False,True,True,False,False,False,True,True,False,False,True,False,True,False,False,False,True,False,False,True,True,False,True,False,True,False,False,True,False,True,False,True,False,False,False,False,True,True,False,True,False,False,False,False,False,True,True,False,False,True,False,False,False,True,False,True,False,True,True,False,False,False,True,False,True,True,False,True,True,False,False,True,True,False,False,False,True,False
has_primary_color::blue,False,False,True,False,False,True,True,True,False,False,False,True,True,True,True,False,False,True,False,False,False,False,True,True,False,True,False,True,True,True,True,True,False,True,False,True,True,True,False,True,True,False,False,True,True,False,False,False,True,True,True,True,False,False,False,False,False,True,False,True,False,False,True,True,True,True,True,True,False,True,False,False,True,False,True,True,True,False,False,False,True,True,True,False,True,True,False,True,False,False,True,False,False,False,False,True,True,False,True,False,False,False,False,True,False,True,True,True,True,True,True,True,True,False,True,False,True,False,False,False,False,False,True,False,False,False,False,False,False,True,True,False,False,False,False,True,True,False,False,False,True,False,False,False,True,True,True,False,True,False,True,True,True,True,True,False,False,True,False,True,False,True,False,False,False,False,False,True,False,True,True,False,True,True,False,False,False,False,False,True,False,False,False,False,True,False,False,True,False,True,False,True,False,True,False,True,False,True,False,False,True,False,False,True,True,False,False,False,True,True,True,False,True,False,False,False,True,False,True,False,True,True,True,False,False,False,False,False,True,True,False,True,True,True,True,True,False,False,False,True,False,True,True,True,True,False,False,True,True,True,False,True,True,False,False,False,True,False,True,True,True,False,True,False,True,True,True,True,False,True,False,False,True,True,False,True,True,False,False,False,True,False,True,True,False,True,False,False,False,False,False,False,False,False,False,False,True,False,True,True,False,False,False,False,True,True,False,False,True,False,False,True
has_primary_color::rufous,True,True,True,True,True,True,True,False,False,True,True,True,True,False,False,True,False,True,True,False,True,False,True,True,False,True,False,False,False,False,True,False,False,False,True,False,True,False,False,True,True,True,True,True,False,False,False,True,False,True,True,True,False,False,False,True,True,False,False,False,False,True,False,False,False,True,True,True,True,False,False,True,True,True,False,False,True,False,True,False,True,True,True,True,False,True,False,False,False,False,False,True,True,True,False,False,False,True,True,True,False,False,True,False,True,True,False,False,True,True,False,False,False,False,False,False,False,True,False,False,False,True,True,False,False,False,True,False,False,False,False,True,False,False,True,False,False,False,True,False,False,False,False,False,False,True,False,False,False,True,False,True,False,True,False,False,True,False,False,False,False,True,True,False,False,False,True,False,True,True,False,True,True,False,False,True,False,False,False,True,False,True,False,False,False,False,False,False,False,False,True,False,False,True,True,True,True,True,False,False,True,True,False,False,True,True,True,False,True,True,False,True,False,False,True,True,False,False,False,False,False,True,False,False,False,False,False,False,False,False,False,False,False,True,False,False,True,False,True,True,True,False,False,False,False,False,False,False,False,True,True,False,False,False,False,True,True,False,False,True,False,True,False,False,True,False,False,False,True,False,False,False,True,False,True,False,False,False,False,False,True,True,False,False,False,True,False,False,True,True,True,True,True,False,True,False,False,False,True,False,False,False,False,True,False,False,False,True,True,True,False,True
has_primary_color::grey,True,False,True,True,False,False,False,False,True,False,False,False,False,True,True,True,False,False,True,False,False,True,True,False,True,True,True,False,True,False,True,False,False,True,True,True,True,False,False,True,False,False,True,False,True,False,False,True,True,True,True,True,True,True,True,False,True,True,False,True,False,False,True,True,True,True,False,True,False,True,True,True,False,False,True,False,False,False,False,True,False,True,True,True,False,False,False,False,False,True,True,True,True,True,True,False,False,True,False,False,True,True,False,False,True,True,True,False,True,True,False,True,False,False,True,False,False,False,True,False,True,True,True,False,False,False,True,True,False,False,False,False,True,False,True,True,False,True,False,False,True,True,False,True,False,False,False,True,True,True,False,False,True,False,False,True,True,False,False,False,False,False,False,False,False,True,False,True,True,False,False,True,False,True,True,False,False,True,True,True,False,False,False,False,False,True,True,False,True,False,False,True,True,True,False,False,False,False,False,False,True,True,True,False,False,False,False,False,False,True,False,True,True,False,False,True,False,True,True,True,False,False,False,True,False,False,True,False,False,True,False,False,True,False,False,True,False,True,False,False,True,False,True,True,True,False,False,False,True,False,False,True,False,True,False,False,False,False,True,False,False,True,True,True,False,True,True,False,False,True,True,True,False,False,False,True,False,True,False,False,True,False,False,False,True,False,True,False,False,False,False,False,True,False,False,False,False,False,True,False,True,False,True,True,False,True,False,True,False,True,True,True
has_primary_color::orange,False,False,True,False,False,True,True,True,False,True,True,False,True,False,False,False,True,True,True,False,True,True,True,False,False,True,True,True,True,True,False,False,False,True,True,True,False,True,True,True,False,True,True,True,True,True,True,True,True,False,True,True,False,True,True,True,False,True,True,True,True,True,True,True,True,True,True,True,True,True,True,True,True,False,True,True,True,False,False,False,False,True,True,False,False,False,False,True,False,False,True,True,True,False,True,False,False,True,False,False,True,True,True,True,False,True,False,True,True,True,False,True,True,False,True,True,True,False,True,True,False,True,False,True,True,False,True,False,False,True,True,True,False,False,False,False,False,True,False,False,False,False,True,False,True,True,False,True,True,True,False,False,True,True,False,False,True,True,False,True,False,True,False,True,True,False,False,False,True,False,False,True,False,False,False,False,False,False,False,True,False,True,True,True,True,True,True,False,True,False,True,True,False,True,False,False,True,False,True,True,True,True,False,True,False,True,False,True,True,True,False,False,True,False,True,False,False,True,False,True,False,False,False,True,True,False,False,False,False,True,False,False,False,False,True,False,False,False,True,True,False,False,True,True,False,True,False,False,False,False,False,True,False,False,False,True,True,True,True,True,True,False,True,False,False,False,True,False,True,True,True,False,True,True,False,False,False,False,False,True,True,False,True,False,True,False,True,False,False,False,False,True,False,True,True,False,False,True,False,False,False,False,True,False,False,False,False,True,True,True,False,True
has_primary_color::black,False,True,False,True,True,True,True,True,True,False,True,True,True,True,False,False,False,False,True,True,False,True,True,False,False,True,True,True,True,True,False,False,True,True,False,True,False,False,False,False,True,False,True,False,False,False,True,False,True,True,True,True,False,True,True,False,False,True,True,False,False,False,True,True,False,False,False,True,True,True,False,False,True,True,True,True,False,False,False,True,True,False,True,True,False,False,True,False,False,True,True,True,False,True,False,False,True,False,True,True,True,False,False,False,True,False,False,True,True,False,False,False,False,False,False,False,False,True,True,False,False,False,False,False,False,False,True,True,False,False,False,False,False,False,False,True,False,False,False,False,False,True,False,True,True,False,False,True,False,True,True,False,False,True,True,True,True,False,False,True,False,False,False,False,False,False,True,False,False,True,True,True,False,True,False,False,True,True,True,False,False,False,False,False,True,True,True,False,False,False,False,True,False,False,True,False,False,True,False,True,False,True,False,True,True,False,False,True,False,True,True,False,True,False,True,False,False,True,False,False,True,False,False,False,False,True,False,True,False,True,False,True,True,False,False,True,True,False,False,True,True,False,False,True,True,True,False,False,True,False,False,False,False,True,True,False,False,True,False,False,True,False,False,True,True,False,False,True,False,False,False,True,False,True,True,False,True,False,True,False,False,True,False,False,False,False,True,False,True,True,False,True,False,False,False,False,False,False,False,False,False,False,False,True,True,False,True,False,False,False,False,False
has_primary_color::red,False,False,False,True,False,True,False,False,False,True,False,True,False,True,True,False,False,True,True,True,True,True,True,True,True,False,False,False,False,True,True,True,True,False,False,False,True,True,False,False,True,True,True,False,False,True,True,False,True,True,False,False,False,False,True,True,False,False,False,True,True,True,False,False,True,True,True,True,True,True,True,False,True,False,True,False,True,False,False,False,True,False,False,True,False,False,True,False,False,True,True,False,False,True,True,True,False,False,False,True,False,True,True,False,False,False,False,True,True,False,False,False,False,False,True,False,False,False,False,False,False,False,True,True,False,False,False,False,False,False,False,True,False,True,False,False,True,False,True,False,False,False,False,False,False,False,False,False,True,False,False,False,False,False,False,False,False,True,False,True,False,True,False,False,True,False,True,False,True,True,False,False,False,True,False,False,True,False,True,False,False,True,False,False,True,False,False,False,False,False,False,True,True,True,True,False,True,False,False,False,False,True,True,False,False,False,False,False,False,True,False,True,True,False,False,False,True,False,True,True,True,False,False,False,False,False,False,False,False,False,True,True,True,True,True,False,True,True,False,False,False,True,False,False,True,False,True,False,False,True,False,False,False,False,False,False,True,True,True,False,True,False,True,False,False,True,True,True,False,False,True,True,True,True,False,False,True,False,True,False,True,False,True,False,False,False,False,True,False,False,False,True,False,True,False,False,False,False,False,True,True,True,False,False,True,True,True,True,True,False,False,False
has_leg_color::rufous,True,True,False,False,False,True,True,False,True,False,True,True,False,True,False,True,True,True,False,True,True,True,True,False,True,True,True,True,False,False,True,False,True,False,True,False,True,False,True,True,False,False,True,True,True,True,True,False,True,True,False,True,True,True,True,True,False,True,False,False,True,False,True,True,True,False,False,False,True,False,True,True,True,True,True,True,True,False,True,False,True,True,False,False,False,True,True,False,False,True,True,False,False,False,True,False,True,False,False,False,True,True,False,True,True,True,False,False,False,False,False,False,True,False,False,False,False,False,False,False,False,False,True,True,False,False,True,False,True,True,False,True,True,False,True,False,False,True,False,False,False,False,False,False,False,True,False,True,False,False,False,False,True,True,False,False,False,True,False,True,True,True,True,False,False,False,True,False,False,False,True,False,False,False,False,False,False,False,True,False,True,True,True,False,True,True,True,False,False,True,False,False,False,True,False,False,False,False,False,False,False,True,False,True,True,False,False,True,False,False,True,False,False,True,False,False,False,False,False,True,False,False,False,False,True,True,False,False,True,False,False,True,True,False,True,False,True,False,False,False,False,True,True,True,False,False,False,False,True,False,True,True,True,False,True,False,False,False,True,False,True,False,True,False,True,True,True,False,True,False,False,False,True,True,False,False,False,False,False,False,True,False,False,False,False,False,False,False,True,True,True,True,True,True,False,True,False,False,False,True,False,False,True,True,True,False,False,True,False,False,False,True
has_leg_color::orange,False,True,False,True,True,True,False,False,True,True,False,True,True,True,True,True,True,False,False,True,False,True,False,False,False,True,True,False,False,False,True,False,False,False,True,True,True,False,True,False,True,True,False,False,True,False,True,True,True,True,False,True,False,True,False,False,False,True,True,False,False,False,True,True,True,True,True,False,True,False,False,True,True,False,True,True,True,True,False,True,False,True,True,True,True,True,False,False,False,False,True,True,True,False,True,False,False,True,True,False,True,False,False,True,False,True,True,True,False,False,False,True,True,True,False,True,False,False,False,False,True,False,False,False,True,False,False,False,True,False,True,False,False,True,False,False,False,False,False,False,False,True,False,True,False,True,False,False,True,True,False,True,False,True,False,True,False,True,True,True,True,True,True,False,False,False,False,False,True,True,True,False,True,True,False,True,True,True,True,False,False,False,False,True,False,False,True,False,False,False,False,False,True,False,False,True,False,False,False,False,True,False,True,False,False,True,False,False,False,False,False,True,True,False,False,False,False,False,False,False,True,False,True,True,False,False,False,False,True,False,False,True,True,False,True,True,False,False,True,True,False,False,True,False,True,False,True,True,True,True,True,False,True,False,False,True,True,False,True,False,False,True,False,False,False,False,False,False,True,False,False,False,False,True,False,True,True,False,False,True,True,False,True,False,False,False,True,False,False,False,False,True,True,True,False,False,True,False,False,True,False,False,True,False,False,True,False,True,True,False,True,True
has_leg_color::red,False,True,False,False,False,True,False,True,True,False,True,True,False,False,False,False,False,True,True,True,True,True,False,False,True,False,True,True,True,False,True,False,True,True,True,False,True,False,False,True,True,False,True,False,False,True,False,True,False,False,True,True,False,False,True,False,True,True,True,True,True,False,True,True,True,False,False,True,True,True,True,False,True,True,True,True,True,True,True,True,True,False,False,False,True,True,False,False,True,False,False,False,True,True,True,True,True,False,True,False,False,True,True,True,True,False,True,False,True,True,False,True,True,True,True,False,False,False,False,False,True,False,True,False,False,True,False,True,False,True,False,True,False,False,False,False,True,True,False,False,True,True,False,False,True,False,True,False,False,False,True,True,False,False,False,True,False,False,False,True,False,False,True,False,False,False,False,False,False,False,False,True,False,True,False,True,False,False,False,True,False,False,True,False,False,True,False,False,True,False,True,True,True,False,False,True,True,False,True,False,False,True,False,True,True,False,False,True,False,False,True,False,True,False,False,False,False,True,True,False,False,False,False,True,False,False,False,True,False,False,True,False,False,False,True,True,False,True,False,False,False,False,False,True,True,True,False,False,True,True,True,True,True,True,True,True,True,True,True,True,False,False,False,False,True,False,True,False,False,False,False,False,False,True,False,True,False,False,True,True,True,False,True,True,True,False,False,True,False,True,True,False,True,False,False,True,False,False,False,True,False,True,True,False,True,False,False,False,True,False,True,True
has_bill_color::rufous,True,False,False,True,False,False,True,True,True,True,True,False,True,True,True,False,True,True,False,False,True,True,False,False,False,True,True,True,True,False,True,False,False,True,False,False,False,True,True,True,True,False,True,False,True,True,True,True,False,True,False,True,False,True,True,True,True,False,False,True,False,True,False,True,True,False,True,True,True,False,False,True,False,False,True,True,True,False,True,True,False,False,True,False,False,False,False,False,True,False,False,False,True,True,False,False,False,False,False,True,True,True,True,True,True,False,True,True,False,True,False,False,False,False,False,True,False,False,False,True,False,False,True,False,False,False,False,False,True,True,True,False,False,True,True,True,False,False,False,False,False,True,False,True,False,False,False,False,False,True,False,False,False,False,False,True,True,False,False,True,True,True,True,False,True,True,False,True,True,True,False,True,False,True,False,False,True,True,False,False,True,True,False,True,True,True,False,False,True,False,True,True,False,True,False,False,True,False,False,True,True,False,True,False,False,True,True,False,False,True,True,False,False,True,False,True,False,False,False,True,True,False,True,False,True,True,False,False,False,False,True,False,False,True,False,True,True,False,True,False,False,False,False,False,False,False,True,False,True,True,False,True,True,False,False,False,False,False,True,False,False,False,True,True,True,True,True,True,True,True,False,True,False,False,False,False,True,True,False,False,False,True,False,False,False,False,False,False,True,True,False,True,False,False,False,False,True,False,True,False,True,False,True,True,False,True,False,True,True,True,True,False
has_bill_color::orange,False,True,True,False,False,True,False,False,True,False,True,True,True,False,False,False,True,True,True,True,True,False,False,True,True,False,True,False,False,True,True,False,True,False,True,True,True,True,False,False,True,False,False,True,False,True,False,False,False,True,True,True,True,True,False,True,False,True,False,False,True,False,False,True,False,False,True,False,True,False,True,False,True,False,True,False,True,False,True,False,False,True,False,False,True,False,False,True,True,True,True,True,False,False,True,True,False,True,False,True,True,True,False,True,True,True,False,False,True,False,True,False,False,False,True,False,False,False,True,False,True,False,False,False,True,False,False,True,False,True,False,True,False,False,False,True,True,True,True,False,False,False,True,True,False,True,False,False,False,False,False,True,True,False,False,True,False,True,False,True,False,False,True,True,True,False,True,False,False,False,False,True,True,False,False,True,False,False,True,True,False,False,True,False,False,False,True,False,False,True,False,True,True,True,False,True,False,True,False,False,True,False,False,False,False,False,False,False,False,False,False,False,False,False,False,False,False,True,True,False,False,True,True,False,True,True,True,False,True,False,False,True,True,False,False,False,False,True,True,False,False,False,False,False,True,False,False,True,False,False,False,False,False,False,True,True,True,False,False,True,False,False,False,False,False,True,True,False,True,True,True,True,True,False,True,False,False,False,False,True,False,False,True,False,True,False,False,True,False,False,True,True,False,False,False,True,False,False,True,True,False,False,False,False,False,True,False,True,True,False,True,False
has_bill_color::red,False,True,True,False,True,True,False,False,False,False,True,False,False,True,True,True,True,False,False,False,True,True,False,False,False,True,True,True,True,True,False,True,True,False,True,False,True,False,True,True,False,False,True,True,True,False,False,False,False,True,False,False,True,False,True,True,True,True,True,True,False,False,False,False,True,True,True,False,True,True,False,True,False,False,False,False,False,True,True,True,False,False,True,True,False,True,False,True,True,True,False,True,True,True,False,False,True,False,False,True,False,False,True,False,False,True,False,False,True,False,False,True,False,False,False,False,True,True,False,False,False,False,True,False,False,False,False,False,True,False,True,False,True,True,True,True,False,False,False,True,False,False,False,True,False,True,True,True,False,False,False,False,True,True,False,False,False,False,False,True,False,False,False,False,False,False,True,True,False,True,False,False,False,False,False,False,False,False,False,False,True,False,False,False,False,True,True,True,True,False,True,True,True,True,True,False,False,False,False,False,True,True,True,False,False,True,False,True,False,True,False,True,False,False,False,True,False,True,False,False,False,False,True,False,True,False,True,False,False,True,True,False,True,False,False,False,False,False,False,False,False,False,False,True,True,True,False,True,False,True,False,True,False,True,True,False,False,True,False,False,False,False,True,True,True,True,False,True,False,False,False,True,False,False,False,False,True,False,False,False,False,False,False,False,False,False,False,False,False,False,False,True,False,True,False,False,False,True,False,False,True,False,False,True,True,True,True,True,True,False,False,False
has_bill_color::buff,False,True,False,False,False,True,False,False,True,True,False,True,True,False,True,True,True,True,True,True,True,False,True,False,True,True,True,False,True,True,True,False,False,False,False,False,False,False,False,True,False,True,True,False,True,True,False,False,False,True,True,True,False,False,True,True,False,False,True,True,True,True,True,True,True,False,True,True,True,True,True,False,False,False,True,True,True,False,True,False,False,True,True,False,True,True,True,True,False,False,False,True,False,True,True,False,False,False,True,False,False,False,True,True,True,False,False,False,False,True,False,True,False,False,False,False,True,True,True,True,True,False,False,True,True,False,False,True,True,False,True,True,True,True,False,True,False,False,True,False,True,False,True,False,True,False,False,False,False,False,False,False,False,False,False,False,True,True,True,True,False,True,False,True,True,False,True,False,True,False,False,False,False,True,False,True,False,False,False,False,False,False,True,True,False,False,False,True,False,False,True,False,False,False,False,False,False,False,True,False,False,False,False,False,True,True,False,False,True,False,False,False,True,True,True,False,True,True,False,False,True,True,True,False,True,False,True,False,True,True,True,False,True,False,True,False,False,True,False,True,False,False,False,False,False,False,False,True,False,True,True,True,False,True,False,False,False,False,False,False,False,False,False,True,True,True,False,False,False,True,True,False,False,False,True,True,False,False,False,False,False,False,True,True,True,True,True,False,False,False,True,True,True,False,False,True,False,False,True,True,True,False,True,False,False,True,False,False,True,False,False,False
has_crown_color::blue,False,True,False,True,False,False,True,True,True,True,True,True,False,True,True,True,False,True,False,True,True,False,False,False,True,False,True,True,False,True,False,False,True,True,False,True,True,False,False,True,False,True,True,False,True,True,True,True,True,False,True,False,False,False,False,True,False,True,False,False,False,False,False,True,True,False,False,True,False,True,True,True,True,False,True,False,False,True,False,False,False,True,False,False,False,True,True,False,False,False,True,False,False,True,True,False,True,False,False,True,True,True,True,False,True,True,True,True,True,True,False,True,False,True,False,False,True,True,False,True,True,False,False,True,True,True,True,False,False,False,False,False,True,False,False,False,False,False,True,False,True,False,True,False,True,False,True,True,False,True,True,True,False,True,True,True,True,False,False,False,True,False,False,False,False,True,True,False,False,False,False,True,False,False,False,False,False,False,True,True,False,False,True,True,False,True,False,False,False,False,True,False,False,False,False,False,True,False,True,False,True,True,True,True,True,False,False,False,True,False,True,True,True,True,False,False,True,False,False,True,True,False,True,False,False,True,True,False,False,False,False,False,False,True,True,False,False,False,False,True,False,True,True,True,False,True,True,False,False,True,True,True,False,False,False,True,False,True,True,True,True,False,False,False,False,False,True,True,True,False,False,False,False,False,False,False,True,True,False,True,False,True,False,True,True,False,False,True,False,False,True,True,False,True,True,True,False,True,True,False,True,False,False,False,True,False,True,True,False,False,False,True
has_crown_color::rufous,False,False,True,False,True,True,True,True,True,False,True,True,False,False,True,False,True,False,True,True,True,False,True,False,False,True,True,True,False,False,True,False,False,False,True,True,False,True,False,True,True,True,False,False,True,False,True,False,True,False,True,False,True,False,True,False,False,True,True,True,False,False,False,True,False,True,False,True,False,True,False,False,True,True,False,True,True,True,False,False,False,False,False,False,False,True,False,False,False,False,True,True,True,False,True,True,False,True,True,False,False,False,False,True,True,True,True,True,False,True,True,True,False,True,False,False,False,True,False,False,True,False,True,True,False,False,False,False,True,True,False,False,False,True,False,False,True,False,False,True,False,False,False,False,True,True,True,True,False,True,False,False,False,False,True,False,False,False,False,False,False,False,False,True,True,True,False,False,False,False,False,False,False,False,True,True,True,False,False,False,False,False,True,True,True,False,False,True,True,False,False,True,False,True,False,False,True,False,False,True,False,False,False,True,True,False,False,False,True,False,False,False,True,False,False,False,True,False,True,False,False,False,False,False,False,False,False,False,False,False,True,False,True,True,True,False,False,False,False,False,False,True,False,False,False,True,True,False,True,False,False,False,False,False,False,False,True,False,False,False,True,False,False,True,True,False,False,False,False,False,False,False,True,True,True,True,True,False,True,False,False,True,True,True,False,True,False,False,False,False,False,False,False,True,True,False,False,False,False,False,False,True,False,True,True,True,True,False,True,False,True,True
has_crown_color::grey,False,False,True,True,True,True,False,True,True,False,True,False,True,False,True,False,True,False,True,True,True,False,False,False,True,False,False,True,False,False,True,False,False,True,False,True,True,False,False,True,False,True,True,False,True,True,True,True,True,False,False,True,False,False,True,True,True,False,False,True,True,True,False,True,True,True,True,False,True,True,False,True,True,True,False,True,False,True,True,False,False,True,True,False,False,True,False,False,True,False,True,False,True,True,True,False,False,False,True,False,True,False,True,True,True,True,True,False,True,False,False,False,False,True,True,False,False,True,False,False,False,True,False,True,False,False,True,False,False,False,True,False,False,True,False,False,True,True,False,True,False,False,False,False,True,False,False,False,False,True,True,False,False,False,False,True,False,True,True,False,True,False,False,False,False,False,False,False,False,False,False,False,False,True,True,False,False,False,True,False,True,False,False,False,False,True,False,True,True,True,True,False,False,False,False,False,False,True,False,True,False,False,True,False,True,False,False,False,False,True,True,True,False,False,True,False,False,False,True,False,False,True,True,False,False,False,True,True,True,True,True,False,True,False,False,True,True,False,False,True,True,True,False,False,True,True,True,True,False,True,False,False,False,False,True,True,True,False,False,True,False,False,False,False,False,False,True,False,False,True,True,False,True,False,True,True,True,True,False,False,False,True,True,True,False,False,False,False,False,True,False,False,False,False,True,False,False,False,False,True,True,True,False,True,True,False,False,False,False,False,False,True
has_crown_color::orange,True,True,True,True,True,False,False,False,True,True,True,True,False,True,False,True,True,True,True,False,True,True,True,False,False,True,True,False,True,True,False,False,True,True,True,False,True,False,False,False,False,False,True,True,False,False,True,False,True,True,True,True,False,True,True,False,True,True,False,False,False,True,True,False,True,False,True,True,False,False,False,True,True,False,True,True,False,False,True,False,False,True,False,False,False,True,False,True,False,False,True,False,False,True,False,False,False,False,True,False,True,False,False,True,True,True,True,True,True,False,False,True,True,False,True,False,False,False,True,False,True,True,False,True,False,True,True,False,True,False,False,False,False,False,False,False,False,True,True,True,True,True,True,False,False,True,False,True,True,True,False,True,False,False,False,False,True,True,False,True,True,True,False,True,False,True,True,True,True,False,False,False,False,False,False,False,True,False,True,True,True,False,True,False,False,True,False,False,True,False,False,True,True,False,True,False,True,False,False,False,False,True,False,False,False,False,False,False,False,False,False,True,False,False,False,False,False,False,False,True,True,True,False,True,False,False,False,True,True,False,False,True,False,False,True,True,True,False,False,False,False,False,False,True,False,True,False,False,True,True,False,False,True,False,False,False,False,False,False,True,False,False,True,True,False,False,True,True,True,False,False,True,True,False,False,True,False,True,True,True,False,False,True,True,True,False,False,True,False,False,True,True,False,True,False,False,True,True,True,False,True,True,False,True,False,False,True,False,False,True,True,True
has_crown_color::black,False,False,False,False,False,True,False,False,True,True,False,True,False,True,True,True,True,False,True,True,False,True,True,False,False,True,True,False,False,True,False,True,True,False,False,False,False,True,False,True,False,False,True,False,True,True,True,True,True,True,True,False,True,False,False,True,True,True,True,True,False,False,True,True,False,False,True,True,True,False,False,True,False,False,False,False,True,False,False,False,False,False,False,False,False,False,False,True,False,False,True,False,False,True,True,True,True,True,True,False,True,True,True,True,True,False,True,False,False,False,False,False,False,False,False,False,True,False,True,True,True,True,True,False,False,True,False,True,False,True,False,False,False,False,False,False,True,False,False,False,False,False,False,True,False,False,True,False,True,True,False,False,True,True,True,False,False,True,True,False,False,True,False,False,False,True,True,False,True,False,True,False,True,False,False,True,False,True,False,False,True,False,True,False,True,False,True,True,False,False,False,False,True,False,False,False,False,False,True,False,True,False,True,False,False,True,True,True,False,False,False,False,False,False,False,False,True,False,False,True,True,True,True,True,False,False,False,False,True,True,False,True,False,False,False,False,True,True,False,True,True,False,False,True,False,True,True,False,True,True,False,False,True,False,False,False,False,True,True,False,False,False,True,False,False,False,False,False,True,False,True,True,True,False,False,False,True,False,False,True,False,True,True,False,True,False,True,False,True,True,True,True,False,False,False,False,True,False,True,False,True,False,True,False,True,True,True,True,True,True,False,False
has_crown_color::buff,False,False,False,True,True,True,True,True,False,True,False,True,True,False,True,True,False,True,True,True,True,False,True,False,True,False,True,True,True,True,True,True,False,True,True,True,False,False,True,True,True,True,False,False,True,False,True,True,True,True,False,True,True,False,False,False,True,True,False,True,False,False,True,True,True,False,True,False,True,False,True,True,True,True,False,True,True,False,True,True,False,False,False,False,False,True,False,True,True,False,False,True,True,True,True,False,True,False,True,False,False,True,True,True,True,True,True,False,True,False,True,True,True,True,False,False,False,True,True,False,False,False,False,True,True,True,False,True,False,False,True,False,True,False,False,False,False,True,True,True,False,True,True,True,False,False,True,False,False,False,False,True,False,False,False,False,False,True,False,False,True,False,True,False,False,True,False,True,False,False,False,False,False,False,False,True,False,False,True,True,True,True,False,False,True,False,False,False,False,False,True,True,False,False,True,True,False,False,True,True,False,False,True,False,True,False,False,False,True,True,True,True,True,True,False,True,True,True,True,True,False,True,True,True,False,False,False,False,False,False,False,True,True,False,False,True,False,False,False,False,False,False,False,True,True,True,False,False,True,False,True,False,False,True,True,False,False,False,False,True,True,False,True,True,False,True,True,True,True,False,False,False,True,True,False,True,True,True,True,False,False,True,False,False,False,False,False,True,False,False,False,True,True,False,True,True,True,False,True,False,False,False,False,False,True,True,False,True,True,False,True,False
has_wing_pattern::solid,True,True,False,False,True,False,False,False,False,True,False,False,True,True,False,False,False,False,True,False,False,True,False,False,True,False,True,False,False,False,True,False,True,True,False,True,True,False,False,True,True,True,False,True,False,True,False,False,True,False,True,False,False,True,False,False,True,True,False,False,True,True,False,False,False,True,True,True,False,True,True,True,True,False,False,True,True,False,True,False,True,False,False,False,False,True,False,True,True,False,False,False,True,False,False,True,False,True,True,True,True,True,False,False,False,False,False,False,True,True,True,False,False,False,True,False,False,False,False,False,False,False,True,False,True,False,False,False,False,True,False,True,False,True,True,False,True,False,False,False,True,True,False,True,True,True,False,True,True,False,False,False,True,False,True,True,True,False,True,False,True,False,False,True,False,False,False,False,False,False,True,False,False,True,False,False,True,True,False,True,False,False,False,True,True,False,True,False,True,True,True,False,True,False,False,False,False,True,False,False,True,False,False,False,False,True,False,True,False,False,True,False,False,True,False,False,True,True,False,False,True,True,False,True,True,True,False,False,False,True,False,False,False,True,False,True,True,False,False,False,True,False,True,False,False,False,False,True,False,False,True,True,True,False,False,False,True,False,False,False,True,True,False,False,False,True,False,True,True,False,False,False,False,False,False,True,False,False,False,False,False,True,True,True,False,True,False,False,False,True,True,True,True,True,True,False,False,False,True,True,False,False,True,True,False,False,False,False,False,False,False,True
has_wing_pattern::spotted,False,False,False,True,True,False,True,False,False,False,True,True,True,False,False,False,False,True,False,True,True,False,False,False,True,False,True,False,False,False,True,False,False,True,False,True,True,True,False,False,False,False,True,False,False,False,False,False,False,False,False,True,False,False,True,False,True,False,False,False,False,False,False,True,False,False,True,False,True,True,False,True,False,False,False,True,True,False,True,False,False,True,False,False,False,True,True,True,True,True,True,False,True,True,True,False,True,False,True,False,False,False,True,False,True,False,False,False,False,False,True,True,True,False,False,False,False,True,True,True,False,False,True,False,True,False,True,True,True,False,False,False,True,False,True,True,False,False,True,False,False,True,False,False,False,True,True,False,False,False,False,False,False,False,False,False,True,False,False,False,True,True,False,True,True,False,True,True,False,False,True,False,True,True,False,True,False,False,True,True,True,True,True,False,True,False,True,True,True,False,False,False,True,True,False,True,False,True,True,True,False,False,False,False,False,True,True,False,True,True,False,True,True,True,False,False,False,True,False,False,False,True,False,False,False,True,False,True,False,False,True,True,False,True,False,False,False,True,True,False,True,True,True,True,False,True,False,False,False,False,True,True,False,False,False,False,False,False,False,True,False,False,False,False,True,True,False,False,False,False,True,False,True,True,False,False,False,False,False,False,True,False,True,True,True,True,True,True,False,False,True,False,False,False,False,False,False,False,True,False,False,False,False,False,False,False,True,True,False,True,False,True
has_wing_pattern::striped,False,False,False,True,True,False,False,True,False,False,False,False,True,False,False,False,True,False,False,False,True,True,True,False,False,True,True,False,False,False,False,True,True,False,False,False,False,False,True,False,False,False,True,False,False,True,True,True,False,True,False,False,True,True,False,True,True,False,False,True,True,True,True,False,False,False,False,False,True,False,False,True,False,False,True,False,False,False,False,False,False,True,False,False,True,True,True,True,False,True,True,True,False,True,True,True,False,True,False,False,False,False,False,True,False,True,False,False,False,True,True,True,True,True,False,True,False,True,True,True,False,True,True,True,False,True,False,False,False,True,False,True,False,False,True,True,False,False,False,True,True,True,True,True,False,False,False,False,False,True,False,True,True,False,True,True,False,True,False,False,False,False,True,False,False,False,True,False,False,True,False,True,False,False,False,True,False,True,True,False,False,True,False,True,True,True,True,True,True,True,True,False,False,False,False,False,True,False,False,False,True,False,False,True,True,True,True,True,True,False,False,True,False,False,True,False,True,False,False,False,False,False,False,False,False,False,False,False,False,True,False,False,False,False,True,True,False,False,True,True,False,True,False,True,False,True,True,False,False,False,False,False,True,False,False,False,True,False,False,True,False,False,False,True,True,False,True,True,True,False,True,True,True,False,False,False,False,False,False,False,True,False,True,False,True,False,True,False,True,False,False,False,False,False,False,True,True,False,False,True,True,False,True,False,False,False,False,True,False,True,True,True
001.Black_footed_Albatross,True,True,True,True,False,True,False,True,True,True,True,True,True,True,False,True,True,False,True,False,False,True,False,True,True,True,True,False,True,True,True,False,False,True,False,False,False,False,True,False,True,True,True,False,True,True,False,True,True,True,False,False,False,True,False,True,True,False,True,True,True,True,True,False,True,False,True,False,True,True,True,False,False,True,False,True,True,False,True,True,True,True,True,False,True,True,True,False,True,True,True,True,True,True,False,True,True,True,False,False,True,True,True,True,True,True,True,True,True,True,True,True,False,False,False,False,True,False,False,True,False,False,False,False,False,False,False,False,True,True,False,True,False,False,True,False,False,False,False,False,False,False,True,False,True,False,True,False,True,True,False,False,True,True,False,True,False,True,False,True,False,True,True,True,True,False,False,False,True,True,True,True,False,True,False,True,False,False,True,False,False,False,True,True,True,True,False,False,False,True,True,True,True,True,True,False,False,False,False,True,True,False,False,False,False,False,False,True,True,True,False,False,False,True,False,True,False,True,True,False,False,False,True,False,True,True,True,True,True,False,False,True,False,True,True,False,True,False,False,False,True,False,True,True,True,True,False,False,False,False,True,True,True,False,True,False,True,False,True,False,False,False,True,False,True,True,False,False,True,True,True,False,False,False,False,False,True,False,True,False,True,True,False,True,False,False,False,False,False,False,True,False,True,False,False,True,True,False,False,True,True,False,False,True,True,False,False,False,False,True,True,False
002.Laysan_Albatross,False,False,True,True,True,True,True,True,True,True,False,False,False,True,True,False,True,False,True,True,False,True,True,True,True,True,True,True,False,False,False,False,True,False,True,True,True,False,False,True,True,True,True,True,True,True,True,True,False,True,True,False,False,True,True,True,True,False,False,False,True,True,False,False,False,True,True,True,True,True,True,True,True,False,False,False,True,True,True,False,True,True,False,True,True,True,True,False,True,True,False,True,True,False,True,True,True,False,True,True,True,True,True,False,True,False,False,True,False,False,True,True,True,True,True,False,False,False,False,False,True,False,False,False,True,False,True,True,True,False,False,False,True,True,True,True,False,True,False,False,True,False,False,False,True,True,True,False,True,True,False,False,False,False,False,True,True,True,False,False,True,False,False,False,False,True,False,False,False,True,False,False,False,False,True,False,True,False,False,False,False,False,False,True,True,False,True,False,True,False,False,False,True,True,False,False,True,False,False,True,False,True,True,False,True,False,False,False,False,False,True,True,True,False,False,True,True,False,True,False,True,False,True,False,True,False,True,False,False,False,False,True,False,False,False,False,False,True,False,False,False,True,True,False,False,False,False,False,True,False,True,False,True,False,False,False,True,False,False,True,True,False,False,False,False,False,False,False,True,True,True,False,False,False,True,True,False,True,True,True,False,True,True,True,False,False,True,False,False,False,False,False,False,True,True,False,True,False,False,True,False,True,False,True,False,False,True,False,True,True,False,False
003.Sooty_Albatross,True,False,True,True,True,False,False,False,False,True,False,True,True,True,True,True,True,False,False,False,True,False,False,True,False,True,False,True,True,True,False,True,False,False,False,True,True,False,True,True,False,True,True,False,False,True,True,False,True,True,True,True,True,True,True,False,False,True,True,True,False,True,True,True,False,True,False,False,True,False,True,False,True,True,True,False,False,True,True,False,False,True,True,True,True,True,True,False,True,True,False,True,True,True,True,True,True,False,True,True,False,True,True,False,False,False,True,True,False,False,True,True,False,False,False,True,False,False,True,False,True,False,True,False,False,False,True,True,True,True,True,False,False,False,True,False,False,False,False,False,False,False,True,True,False,False,False,False,True,False,False,True,False,False,False,False,False,True,False,False,False,False,False,True,False,True,False,False,False,True,False,False,False,True,False,False,False,False,False,False,False,False,True,True,True,False,False,True,False,True,False,False,True,False,False,True,True,True,False,False,True,False,False,False,True,True,False,True,False,False,False,True,False,False,True,True,False,False,False,True,False,True,False,True,False,False,False,False,False,False,True,False,True,False,False,False,False,True,False,False,True,False,True,False,False,False,False,False,True,False,False,False,True,True,True,True,False,True,False,False,True,True,True,False,False,False,False,False,False,False,True,False,False,False,True,False,False,True,False,True,False,True,False,False,True,True,False,False,False,True,False,True,True,False,True,True,False,False,False,True,True,True,False,True,False,True,False,True,True,False,False,False
004.Groove_billed_Ani,False,False,True,False,True,True,False,False,False,True,True,True,False,False,True,True,False,True,False,True,True,True,True,True,True,False,True,False,False,True,True,True,True,True,True,True,False,True,True,True,False,True,True,True,True,False,True,False,True,False,True,False,False,False,True,True,False,False,False,True,True,False,True,True,True,True,False,True,True,True,True,True,True,True,False,True,True,True,False,False,True,False,True,True,False,True,True,True,False,True,False,True,True,False,True,False,False,False,False,True,True,True,False,True,True,True,False,True,True,False,True,False,False,False,True,True,True,True,False,False,False,True,True,True,False,True,False,True,False,True,False,False,False,True,False,True,True,False,False,True,False,False,False,True,False,False,True,False,False,True,True,True,False,False,False,False,True,False,False,False,False,True,True,True,False,False,False,False,False,False,True,True,False,False,False,False,True,True,False,False,True,True,True,False,True,True,False,True,False,True,False,False,True,False,True,True,False,True,False,False,True,False,True,False,False,True,False,True,False,False,False,True,False,False,True,True,False,False,False,False,False,False,False,False,True,False,True,False,False,True,False,False,False,True,False,False,False,True,False,True,False,False,False,True,False,False,False,False,True,False,True,False,False,False,False,False,False,True,True,True,False,False,False,False,True,False,True,False,True,True,True,True,False,True,False,False,False,False,False,False,False,False,False,False,True,False,False,False,False,False,True,False,True,False,True,False,False,True,True,False,True,True,False,False,True,True,True,True,False,True,False,False
005.Crested_Auklet,True,False,True,True,True,False,True,False,True,True,True,False,True,False,False,True,False,True,True,False,False,False,True,True,False,False,True,False,True,True,True,False,False,False,True,True,True,True,True,True,True,True,False,True,True,True,True,True,True,False,False,False,False,True,True,False,True,True,True,False,False,True,True,True,True,True,False,True,False,True,True,True,False,True,True,False,False,False,True,True,False,True,True,True,True,False,True,True,True,False,True,True,True,True,True,False,True,True,True,False,True,True,True,True,True,False,True,False,False,False,False,False,False,False,True,False,True,False,True,False,True,False,False,True,False,False,True,False,False,True,True,True,True,True,True,True,False,False,True,False,False,False,False,False,False,True,True,False,True,False,False,False,False,True,False,True,False,True,True,False,True,False,True,False,False,False,False,True,False,True,False,True,True,False,False,False,False,True,False,False,False,False,False,False,False,True,True,True,False,False,False,True,False,False,True,True,True,False,False,True,True,False,False,True,True,False,True,True,False,False,False,False,False,False,False,True,True,True,True,True,False,False,False,False,False,False,False,True,True,False,True,False,True,False,False,True,False,True,True,False,False,False,False,False,True,True,True,True,False,True,True,False,False,False,False,True,False,True,False,False,False,False,False,True,True,True,False,True,False,False,True,True,False,True,True,False,False,True,True,False,True,False,False,False,True,False,True,False,False,False,False,False,False,False,True,False,False,True,False,False,False,False,False,True,False,False,False,True,True,False,True,False
006.Least_Auklet,False,True,True,True,True,True,True,False,True,True,False,True,True,True,True,False,True,False,True,True,True,True,True,True,False,False,False,False,True,True,True,True,True,True,True,True,True,False,True,False,False,False,True,True,True,True,False,True,False,True,True,False,True,False,False,False,True,True,True,True,False,True,True,False,True,False,True,False,True,True,True,False,True,False,False,True,False,False,True,True,True,True,True,True,False,True,True,True,False,True,False,True,True,True,False,False,True,True,True,False,False,True,True,True,False,True,False,False,False,True,True,True,False,False,True,True,True,False,False,False,False,False,True,False,True,True,True,True,False,False,True,False,False,False,False,False,False,False,True,False,False,False,True,True,False,False,True,False,True,False,False,False,False,False,False,False,True,True,True,False,True,True,False,True,False,False,True,True,True,False,True,False,False,False,False,True,True,False,False,False,True,True,False,False,True,False,False,True,True,True,False,True,False,False,False,False,True,True,True,True,False,False,False,False,False,False,False,False,True,False,False,False,True,False,False,True,True,True,True,False,True,True,True,False,False,True,False,False,True,False,True,False,True,False,False,True,False,True,False,False,True,False,True,True,False,True,False,False,True,True,False,False,False,False,False,False,True,True,True,False,False,False,False,False,True,False,True,False,True,False,True,False,False,False,False,True,True,False,False,True,True,True,False,False,True,True,True,False,False,False,False,False,False,False,True,True,False,False,False,True,True,True,False,False,False,False,True,True,False,False,True,False
007.Parakeet_Auklet,False,True,True,False,True,True,True,True,True,False,False,True,True,False,False,False,True,False,True,False,False,True,True,False,False,True,True,True,False,False,True,False,False,False,False,False,True,False,True,False,True,False,False,True,False,True,False,False,False,False,True,True,False,False,True,True,False,True,False,False,True,True,False,True,False,True,True,True,True,True,False,True,False,False,False,False,False,True,True,True,False,False,False,True,False,False,False,True,False,False,False,True,False,False,False,False,False,True,False,True,False,True,True,False,True,True,True,False,True,False,True,True,False,False,True,False,True,False,True,True,True,False,True,True,False,True,False,True,False,True,True,True,False,False,False,False,False,False,False,True,False,True,False,False,False,False,False,True,False,False,False,True,False,True,False,True,True,True,True,False,True,False,True,False,False,True,False,True,False,True,True,False,True,False,False,False,True,False,False,False,False,False,False,True,True,True,True,True,False,True,True,False,True,True,True,False,True,True,False,False,True,True,True,True,True,False,True,False,True,False,False,True,False,True,True,True,False,True,True,True,True,False,False,False,False,False,False,True,True,False,False,False,True,True,False,True,False,False,True,True,False,False,False,True,True,False,True,True,True,False,False,False,True,True,True,False,False,False,True,False,False,False,False,True,False,True,False,True,True,True,False,False,False,False,True,False,True,False,True,True,True,False,False,True,False,False,False,False,True,False,False,False,False,True,False,False,False,True,False,False,True,False,False,True,True,False,False,True,False,False,True,True
008.Rhinoceros_Auklet,True,False,False,False,False,False,True,True,False,False,False,True,True,True,False,False,True,True,True,False,False,True,True,False,True,True,False,False,True,True,True,True,True,True,False,True,True,False,True,True,True,False,True,True,True,True,True,True,True,False,True,True,True,False,False,False,True,True,False,False,True,True,False,True,True,False,True,True,False,True,True,False,False,True,False,True,False,False,True,True,True,True,False,True,True,True,True,False,True,True,False,True,True,True,False,True,True,True,False,True,True,False,True,False,True,True,True,True,False,True,True,True,False,False,False,True,False,False,False,True,True,False,True,False,False,False,False,False,False,True,False,False,True,False,True,False,False,True,False,True,False,False,False,True,False,True,False,False,False,False,False,True,False,False,False,False,True,True,False,False,False,False,True,False,True,False,True,True,False,False,False,True,True,False,False,False,True,False,False,False,False,True,False,False,False,False,False,False,True,False,False,False,False,False,True,True,False,False,False,True,True,True,False,False,True,False,False,False,False,False,False,True,True,True,False,True,False,True,False,True,False,True,False,False,True,True,False,False,False,True,True,True,False,False,False,True,False,False,True,False,False,True,False,False,False,False,True,True,True,False,False,False,False,False,False,True,False,False,False,False,True,True,True,False,False,True,False,True,False,False,False,False,False,False,False,False,False,True,True,False,False,True,False,False,True,True,True,False,False,True,True,False,False,True,False,True,False,True,True,True,True,False,False,True,True,False,True,False,True,False,False,False
009.Brewer_Blackbird,False,False,False,True,False,False,False,False,True,True,True,False,True,True,True,False,True,False,True,True,True,False,True,True,True,False,True,True,False,True,False,False,False,True,False,True,True,False,True,False,True,False,True,True,False,False,False,True,True,False,False,True,True,True,True,True,False,True,True,True,False,True,True,False,True,True,False,False,True,False,True,True,True,True,True,False,True,False,False,True,True,True,False,False,True,False,True,True,True,False,False,True,True,True,False,False,True,False,True,False,True,True,True,False,True,True,True,True,True,True,True,True,False,False,True,False,False,False,True,False,False,False,True,False,False,False,False,True,True,True,True,False,True,True,False,False,True,True,False,True,False,True,False,False,False,True,True,True,False,False,False,False,True,True,False,True,True,True,True,True,True,True,False,False,False,False,True,False,False,True,False,False,True,False,True,True,True,False,False,True,True,False,True,False,False,True,True,False,True,True,False,False,False,True,True,False,False,False,True,False,True,False,False,False,False,False,True,False,False,True,False,True,False,True,True,False,False,False,False,True,False,False,False,True,False,False,False,False,False,False,False,False,True,True,False,False,False,False,False,True,True,False,False,True,False,False,True,False,True,True,True,False,True,True,True,False,True,False,True,False,False,True,True,False,False,False,False,True,True,False,False,True,True,False,False,False,True,False,False,False,False,True,False,False,False,False,False,False,True,False,True,True,True,False,False,False,True,False,False,True,True,False,False,False,False,False,False,False,True,True,False,True
010.Red_winged_Blackbird,False,True,True,True,False,False,False,True,False,False,False,True,False,True,True,False,True,True,True,False,True,True,True,True,False,False,False,True,True,False,False,False,True,True,False,True,True,True,True,False,True,True,True,False,True,True,False,True,False,False,True,False,False,False,False,True,False,True,True,False,True,False,True,True,True,False,False,False,True,False,True,True,True,False,False,False,False,True,True,True,True,False,True,True,True,True,True,True,False,False,True,False,True,True,True,False,True,False,False,True,True,False,False,False,False,True,False,False,True,True,True,True,False,True,False,True,False,False,False,False,False,False,False,True,False,True,True,True,False,True,True,True,True,True,False,True,True,True,False,False,True,True,True,False,False,False,False,False,False,True,True,False,True,True,True,False,False,False,False,False,True,False,False,False,False,True,False,True,False,False,False,False,False,False,False,False,True,True,True,False,False,False,False,True,True,False,False,True,True,False,False,True,False,True,False,False,False,True,True,True,True,True,False,True,False,False,False,False,False,False,False,False,True,True,False,False,True,True,True,False,False,False,False,False,True,True,True,True,False,True,True,False,False,False,True,False,False,False,True,False,False,False,False,False,True,True,True,False,False,True,False,False,False,True,False,True,False,False,True,False,True,False,True,True,True,False,False,False,False,False,False,False,False,False,False,False,False,True,False,False,True,True,True,False,False,True,False,False,True,True,True,False,False,True,False,False,False,False,True,False,False,False,False,False,True,False,False,False,False,False,False,True
011.Rusty_Blackbird,True,True,True,False,False,True,True,True,True,True,True,False,True,True,True,True,True,False,True,False,False,True,False,True,True,True,True,False,False,True,True,False,False,True,True,False,True,False,False,True,True,True,True,True,True,False,True,True,False,True,False,False,True,False,True,True,True,False,False,True,True,False,True,False,True,False,False,True,True,True,True,True,False,True,True,False,True,True,True,True,True,True,False,True,True,True,True,False,True,False,True,True,False,True,False,True,True,True,True,True,True,False,False,True,True,True,True,True,False,False,False,False,False,True,True,False,False,False,True,True,True,True,False,True,True,False,False,False,False,False,False,False,True,True,False,True,True,False,True,False,False,True,False,True,False,False,False,False,True,False,True,True,False,False,True,False,True,False,False,True,False,False,True,True,False,True,True,False,False,True,True,True,True,True,True,True,False,False,False,True,False,False,False,False,False,False,True,False,False,False,False,False,True,False,True,True,False,True,False,False,False,True,False,False,True,False,True,True,False,False,True,False,False,True,True,False,True,True,False,False,False,False,True,True,True,True,False,True,True,True,False,False,True,True,False,False,False,False,True,False,True,False,False,False,False,True,False,False,False,True,False,False,True,False,False,False,True,False,True,True,False,False,False,True,False,False,True,True,False,True,False,True,True,False,False,False,True,False,False,True,False,False,True,False,False,True,True,False,False,True,True,False,False,False,True,False,True,False,False,False,False,False,False,False,False,False,True,True,False,False,True,True
012.Yellow_headed_Blackbird,True,False,True,False,True,True,True,False,False,False,True,True,False,True,True,True,True,True,False,False,True,False,True,False,True,False,True,True,False,False,False,True,False,True,True,False,True,False,True,True,False,True,False,True,True,False,False,False,False,False,False,False,True,False,False,True,False,True,True,True,True,False,True,True,True,False,True,True,False,False,False,True,False,True,True,True,False,False,True,True,True,True,True,True,True,True,False,False,False,True,False,False,False,True,True,True,False,True,True,True,True,False,False,True,True,False,False,False,True,True,True,False,True,True,True,True,False,True,False,True,False,False,False,True,False,False,False,True,False,False,True,True,False,False,False,True,True,False,False,False,False,False,False,False,False,True,False,False,False,False,True,False,False,False,True,True,False,True,True,False,True,True,False,False,False,False,True,True,False,True,False,False,False,False,False,True,False,True,False,False,True,False,True,True,False,False,False,False,True,False,True,True,False,True,True,False,False,True,False,False,False,True,False,True,True,False,False,False,False,False,False,False,True,False,True,False,False,True,False,True,True,False,False,False,False,False,True,False,False,False,True,True,False,False,False,False,True,True,False,False,False,True,False,False,False,True,True,True,True,True,True,False,False,False,False,False,False,True,True,True,True,False,True,False,False,True,True,True,False,True,False,False,False,True,False,False,True,False,True,True,False,False,True,True,True,True,True,True,False,True,False,False,True,False,True,False,False,True,True,True,True,True,True,True,True,False,True,True,True,True,False,False
013.Bobolink,True,True,False,False,True,True,True,True,True,True,True,False,False,False,False,True,False,True,False,True,False,False,True,True,False,False,False,True,False,True,False,True,True,False,False,False,True,True,False,False,False,True,True,False,True,True,True,True,True,False,False,True,True,False,False,False,True,True,False,True,False,True,False,True,False,False,False,True,False,False,True,False,True,False,True,True,True,True,True,True,False,False,True,False,True,True,False,True,True,False,True,False,True,True,True,True,True,False,True,True,False,True,True,True,True,True,True,False,False,True,True,False,False,False,False,False,False,True,False,True,False,False,True,True,False,False,True,True,False,False,True,False,False,True,False,False,False,False,False,False,False,False,False,False,False,False,False,False,False,True,False,False,False,False,False,True,True,True,False,False,False,False,False,False,False,False,True,False,False,False,False,False,False,False,False,False,False,True,True,False,False,True,False,True,False,False,False,False,True,False,False,False,True,False,False,True,True,True,True,True,True,False,False,False,False,True,True,False,False,True,True,False,False,True,True,True,False,False,True,True,True,False,True,False,True,False,False,False,True,True,False,False,False,False,True,True,False,False,False,True,True,False,False,True,True,False,False,False,True,True,True,True,True,False,False,True,False,False,False,True,False,True,False,True,False,False,False,False,True,False,True,False,True,True,False,False,True,False,False,True,False,False,False,False,False,True,True,False,False,False,False,True,False,False,True,False,True,True,False,False,True,False,True,False,False,True,False,True,True,False,False,True
014.Indigo_Bunting,False,False,True,True,False,True,True,True,False,False,True,False,False,False,False,False,False,False,True,False,True,True,True,False,False,True,True,True,False,False,False,False,True,True,True,False,True,False,True,False,True,True,True,False,True,True,True,False,False,True,True,True,False,True,True,True,True,False,True,True,False,False,True,False,True,True,False,False,True,True,True,False,False,True,True,True,True,False,True,True,True,True,False,False,False,False,False,True,True,True,True,True,True,False,True,True,False,False,True,True,False,False,False,True,True,False,True,True,True,False,False,False,True,False,True,False,True,False,True,False,True,False,False,True,False,False,False,False,False,False,False,True,False,False,False,False,True,False,False,False,True,True,False,False,True,False,False,True,False,False,True,False,True,False,True,True,True,True,False,True,False,False,False,True,True,True,True,True,False,False,True,False,False,True,False,True,False,True,False,False,False,False,False,False,True,False,True,True,False,True,True,True,False,True,True,False,False,False,False,False,False,True,False,False,True,True,True,False,False,False,False,False,True,True,True,False,False,False,False,True,False,True,False,False,True,False,False,True,False,False,True,False,True,False,True,False,False,True,True,False,True,False,False,True,False,True,False,True,False,True,False,True,False,True,False,False,False,True,False,False,True,True,False,True,True,False,False,False,False,False,True,True,False,True,False,False,True,False,False,True,False,False,False,False,False,False,False,False,True,False,False,False,False,True,True,True,False,False,False,True,False,False,True,True,True,True,False,False,False,False,True,True
015.Lazuli_Bunting,True,False,True,False,False,False,True,True,True,True,False,True,True,False,True,False,False,True,True,False,True,True,True,True,False,False,True,True,False,True,True,False,True,False,True,True,False,True,True,True,False,False,False,True,True,True,True,False,False,True,True,True,True,False,False,True,False,False,False,True,True,True,True,True,True,True,True,False,False,False,True,False,False,True,True,True,False,True,False,False,True,False,True,False,False,False,True,False,True,True,True,True,True,True,True,True,True,True,True,True,False,True,True,True,True,True,True,False,False,False,True,False,False,True,True,False,True,False,False,False,True,False,True,False,True,False,False,False,False,True,True,False,True,False,True,False,False,False,True,False,False,True,False,True,False,False,True,False,False,False,False,True,False,False,False,False,False,True,False,False,False,False,True,False,False,False,False,False,False,True,False,False,True,False,False,False,False,False,False,True,False,True,False,False,False,False,True,True,False,False,True,True,False,False,True,False,True,False,False,False,True,False,True,False,True,False,False,False,False,False,False,False,True,False,False,True,False,False,False,False,True,False,False,False,True,False,False,True,False,True,True,False,False,True,True,True,False,False,False,False,False,True,True,True,True,False,False,False,True,True,False,False,False,False,True,False,False,True,False,True,True,False,True,False,False,True,False,False,True,True,True,True,False,True,False,False,True,False,False,True,True,False,False,False,True,False,False,False,False,False,True,True,True,True,False,True,False,True,False,False,True,True,False,False,False,True,True,False,False,True,False,False
016.Painted_Bunting,False,True,False,False,True,False,True,True,True,False,True,True,False,False,True,True,False,True,False,True,True,False,False,True,False,True,False,True,True,False,False,True,True,False,False,True,False,True,True,False,False,True,True,True,False,False,True,False,True,True,False,True,False,True,True,False,False,True,False,True,True,True,True,True,True,False,False,False,True,True,True,True,False,True,True,True,False,False,True,False,False,True,True,True,False,False,False,True,True,True,False,False,True,True,False,True,True,True,False,True,True,False,False,True,False,True,False,True,True,True,False,True,True,False,False,True,False,False,False,True,False,True,False,False,True,False,False,False,True,False,True,False,False,False,False,False,False,False,True,True,True,False,True,True,False,False,False,False,False,False,False,False,False,True,True,False,False,True,False,False,True,False,True,False,True,True,False,False,True,True,True,False,False,True,True,True,True,False,True,False,False,True,False,True,True,False,False,False,False,True,True,False,False,False,False,True,False,False,False,False,True,False,True,False,False,True,False,True,False,False,False,True,False,False,True,True,False,True,False,False,True,True,False,False,False,False,True,True,False,True,False,True,True,False,True,True,False,True,False,True,False,True,False,False,True,False,True,False,True,False,False,False,True,True,False,True,False,False,False,False,True,True,True,False,False,False,True,False,True,True,True,False,False,True,True,False,False,False,True,True,False,True,False,False,False,False,True,True,True,False,False,False,False,False,False,True,False,False,False,True,False,False,False,False,False,False,False,False,True,False,True,True
017.Cardinal,True,True,False,False,True,True,True,True,True,True,True,True,True,False,True,True,True,True,True,True,True,True,False,True,False,False,True,True,False,True,True,False,True,True,True,False,False,True,False,True,True,False,True,False,True,True,True,False,True,True,False,True,True,False,True,True,False,False,False,False,True,True,True,False,True,False,False,True,True,False,False,False,False,True,True,False,True,True,True,True,False,True,False,True,True,True,True,True,True,True,True,True,True,True,True,True,True,False,False,False,True,True,False,False,True,False,False,False,False,True,True,True,True,False,True,False,False,False,False,False,False,True,False,False,False,False,True,False,True,False,True,False,False,True,False,False,False,True,True,False,False,False,True,False,True,True,True,False,False,False,False,True,True,True,True,False,False,False,False,False,False,True,True,False,False,False,True,False,False,True,False,False,True,True,False,False,False,False,True,False,False,False,False,False,False,False,False,False,True,False,False,True,True,True,False,False,False,True,True,True,False,False,False,False,False,False,False,False,False,True,False,False,True,False,False,False,False,False,True,False,True,True,False,False,False,False,False,False,True,False,True,False,True,False,False,False,True,False,True,True,False,False,False,False,True,True,False,False,False,True,False,False,False,False,False,True,True,True,False,False,False,False,False,False,True,False,True,True,False,False,False,False,False,True,True,False,True,False,True,False,False,False,False,False,False,False,False,False,False,False,False,True,False,False,False,False,False,False,False,True,False,False,False,False,True,False,True,True,False,True,True,True
018.Spotted_Catbird,True,False,True,True,False,False,True,True,True,False,False,True,True,False,True,True,False,True,True,True,False,False,True,True,False,False,True,True,False,True,False,True,True,True,False,False,True,True,False,False,False,True,True,True,True,True,True,True,False,True,False,False,False,True,False,False,True,False,False,False,True,True,False,False,True,True,True,True,True,False,True,False,True,True,True,True,True,False,True,True,False,True,False,False,False,False,True,True,True,True,True,True,False,False,False,True,True,True,True,False,True,True,True,True,False,True,True,False,True,True,True,True,False,False,False,True,True,False,False,True,True,False,False,False,False,False,False,False,True,False,True,True,True,False,False,True,True,False,False,False,True,False,False,False,False,False,False,True,False,False,False,True,True,False,False,False,True,True,False,True,False,False,True,False,False,True,False,False,False,False,False,True,True,False,True,False,True,True,False,False,True,False,True,False,False,True,False,False,False,False,False,True,False,False,False,False,True,True,False,True,False,False,False,False,False,False,True,False,True,False,True,False,True,False,False,False,True,False,False,True,False,False,False,True,True,True,False,False,False,True,False,True,True,True,False,False,False,True,False,False,True,False,False,False,False,True,True,False,True,False,True,False,False,True,True,True,False,False,True,False,True,False,False,True,True,True,False,True,False,True,False,False,True,False,False,True,False,False,False,False,False,False,False,False,False,True,True,True,False,False,False,False,True,False,True,True,False,True,True,False,True,False,True,False,False,True,False,True,False,False,False,False
019.Gray_Catbird,False,True,False,False,False,False,True,True,False,False,False,True,True,True,True,False,False,True,True,False,True,True,True,False,False,True,True,False,True,False,False,False,True,True,True,False,True,False,True,True,True,False,False,True,False,True,False,True,True,True,False,False,False,False,True,True,True,False,False,True,False,True,True,True,True,True,True,True,True,True,False,False,False,False,True,False,True,False,True,False,True,False,False,False,True,True,True,True,True,True,True,False,False,False,False,False,True,True,False,False,True,True,True,True,False,True,True,True,True,False,False,False,False,False,True,False,False,True,True,False,False,False,False,False,True,False,False,False,False,True,False,False,True,False,False,False,True,False,False,True,False,False,False,True,False,False,False,False,False,False,False,True,True,True,False,True,True,False,True,True,False,False,False,True,True,False,True,False,False,False,True,False,False,True,True,False,False,False,False,False,False,False,True,True,False,False,True,False,True,False,False,False,False,True,False,True,False,True,False,True,False,True,True,False,False,True,False,True,False,False,True,False,False,True,True,False,False,True,True,False,False,True,False,True,False,True,True,False,False,False,False,True,True,True,False,False,False,True,False,True,True,True,False,True,False,False,False,True,True,False,False,False,False,True,True,True,True,True,True,False,False,False,True,False,False,False,False,False,True,False,True,False,False,False,True,True,False,False,False,False,False,False,False,False,False,False,False,True,False,False,True,False,True,False,False,False,False,False,False,True,False,False,True,True,False,False,False,False,False,False,False,True
020.Yellow_breasted_Chat,False,True,False,True,False,True,False,False,True,True,True,False,False,False,False,True,False,False,True,False,True,True,True,True,True,True,False,False,True,False,True,True,True,False,True,True,False,True,True,True,False,True,False,True,False,False,True,False,True,True,True,False,True,True,True,True,True,True,True,False,False,False,True,False,True,True,True,True,False,True,True,True,True,True,True,False,False,False,True,False,False,True,False,False,True,False,False,False,True,False,False,False,True,False,True,True,True,True,True,True,False,False,True,False,True,True,True,True,True,False,True,True,True,False,True,True,True,False,False,False,False,True,False,True,False,False,False,True,False,False,True,False,False,False,False,True,False,False,True,False,False,True,False,False,False,False,False,False,False,True,True,False,True,False,False,True,False,False,False,False,False,True,False,False,False,False,True,False,False,False,False,True,True,False,False,True,False,False,True,False,True,False,True,True,False,False,False,False,False,False,False,False,False,False,False,True,False,True,True,True,False,True,False,True,False,False,False,False,True,True,True,False,False,True,False,True,True,False,True,False,False,False,False,True,True,True,False,False,False,False,False,False,True,False,False,False,False,False,True,False,False,False,False,True,True,False,False,False,True,True,True,False,True,True,True,False,True,True,True,False,False,False,False,True,False,True,True,False,False,False,False,False,False,False,True,False,False,True,False,False,False,True,False,False,False,False,True,True,True,False,True,False,True,False,False,False,False,False,True,False,False,True,False,False,False,False,False,True,False,False,False,False
021.Eastern_Towhee,False,False,True,True,False,True,False,True,True,True,True,False,True,False,False,True,True,True,True,True,False,True,False,True,True,False,False,False,True,True,True,False,False,True,False,True,True,False,False,False,True,True,True,True,True,True,False,True,True,False,False,False,True,True,True,True,True,False,False,True,True,True,False,False,True,False,False,True,True,True,False,False,True,True,False,False,True,True,False,True,True,False,True,True,True,True,False,True,True,False,True,True,True,True,True,True,True,True,True,True,True,True,True,False,True,False,True,True,True,False,True,True,False,False,True,True,False,True,True,False,False,False,False,True,False,True,True,False,False,True,False,True,False,True,True,False,False,True,False,False,False,False,True,False,True,False,False,True,False,False,False,False,True,False,False,False,False,True,True,False,False,True,False,False,False,False,True,True,False,False,True,True,True,False,True,True,False,True,False,False,False,False,True,False,True,False,False,False,True,False,True,True,True,False,True,False,False,True,True,False,False,False,False,True,True,False,False,True,False,False,True,False,False,False,False,True,False,False,False,False,True,True,True,False,False,False,False,False,False,False,True,True,False,False,False,False,True,True,False,True,False,False,True,False,True,True,False,False,False,False,True,True,False,False,False,False,False,True,False,True,False,False,False,True,False,False,False,True,False,True,False,False,False,False,False,False,False,True,False,False,False,True,False,True,True,True,False,False,True,False,False,False,False,True,True,False,False,False,True,False,True,False,False,False,True,False,False,True,False,False,False,False
022.Chuck_will_Widow,True,False,False,True,True,False,True,True,False,False,False,True,False,True,False,True,True,True,True,True,True,True,True,True,True,True,False,True,False,True,True,False,False,True,False,False,False,False,True,False,True,True,True,False,False,False,False,False,True,False,True,False,False,False,True,False,True,False,True,False,True,True,True,False,True,True,True,False,True,True,True,False,False,False,True,False,False,True,True,False,True,False,False,True,False,True,True,True,True,True,False,False,True,True,True,True,False,True,True,False,False,True,False,False,False,True,True,False,True,True,True,True,False,False,False,True,False,True,True,False,False,True,True,True,False,False,True,False,False,False,False,False,True,True,False,False,False,False,False,False,False,False,False,True,False,False,False,False,False,False,True,True,True,True,False,False,False,False,True,False,True,False,True,True,True,True,False,False,False,False,True,True,True,False,True,True,True,False,True,True,False,False,True,True,True,False,True,True,True,True,True,False,True,True,False,True,False,True,False,False,False,False,False,True,False,False,False,False,False,False,False,False,False,True,False,True,True,True,False,True,False,True,True,True,False,False,True,False,False,False,False,False,False,False,False,False,True,False,False,False,True,False,False,False,False,False,False,True,True,True,False,False,False,True,False,False,False,True,True,True,False,False,False,True,True,False,False,False,True,False,False,False,True,False,False,False,True,True,False,True,True,False,False,False,False,False,False,True,False,False,False,True,True,True,True,True,True,False,True,False,False,True,False,False,False,False,True,False,True,False,False,False
023.Brandt_Cormorant,True,True,True,True,False,True,True,False,False,True,False,False,True,True,False,True,True,False,True,False,False,True,False,True,True,True,True,True,True,True,True,False,False,False,False,True,False,True,False,False,True,True,True,False,True,False,False,True,True,True,True,True,False,False,False,True,True,False,False,True,True,False,False,False,False,True,True,True,True,True,True,True,False,True,False,False,False,False,True,True,False,False,True,False,False,True,True,True,False,True,True,True,True,True,False,False,True,False,True,False,False,False,True,True,False,False,False,True,False,True,False,True,False,True,True,True,False,True,False,True,True,False,False,False,False,False,False,True,True,True,False,True,False,False,True,True,False,False,False,True,False,True,True,False,False,False,False,True,False,False,False,False,True,False,False,False,True,False,True,False,False,True,True,True,True,False,True,True,True,False,False,False,False,False,False,True,False,False,True,False,True,False,False,False,False,True,False,False,False,False,False,True,True,True,True,True,True,False,True,True,False,True,False,False,False,False,False,True,True,False,True,False,False,False,False,True,True,False,False,True,False,False,False,False,True,False,True,False,True,True,False,True,False,False,False,False,False,False,False,False,False,False,False,False,False,True,False,True,False,False,True,True,False,False,False,False,False,True,False,True,False,False,False,False,False,False,False,True,False,False,True,False,False,True,True,False,False,True,False,True,False,False,False,False,False,False,False,True,False,True,True,False,False,False,True,False,False,False,False,False,True,False,False,False,False,False,False,False,True,False,True,False
024.Red_faced_Cormorant,True,False,True,True,True,False,True,True,False,True,True,False,True,True,True,True,False,False,True,False,True,True,False,False,True,True,False,False,False,False,True,False,True,True,True,True,True,True,True,False,True,True,False,False,True,True,True,False,False,True,True,True,False,True,True,True,False,False,False,False,True,True,True,True,True,False,True,True,True,True,False,True,False,False,True,True,True,True,False,True,False,False,True,False,False,False,True,False,False,True,True,True,False,True,True,True,True,False,True,True,True,True,False,True,False,False,True,False,True,False,True,False,False,False,True,False,False,True,False,False,False,True,True,True,False,False,True,False,True,False,False,False,False,False,False,False,True,True,False,False,True,True,True,True,True,True,False,True,True,False,False,True,True,False,False,True,True,False,False,True,True,False,True,False,True,False,False,False,False,True,False,False,True,True,False,False,True,False,False,False,True,False,False,False,False,False,False,True,False,False,True,True,False,True,False,False,True,False,False,False,False,False,False,False,True,False,False,True,False,False,False,False,True,True,False,False,False,False,False,False,True,True,True,False,False,True,False,True,True,True,True,True,True,True,True,False,False,False,False,False,True,False,True,True,True,True,False,False,False,False,True,False,True,False,True,True,True,False,False,False,True,True,False,True,True,True,True,True,True,False,False,False,False,True,True,False,True,False,False,True,True,False,False,False,False,True,True,True,True,False,True,False,True,False,True,True,False,False,False,False,True,True,False,True,True,False,True,True,False,False,False,True
025.Pelagic_Cormorant,True,False,True,True,False,True,True,True,False,True,True,True,False,True,True,False,False,True,True,False,True,False,False,True,False,True,False,True,False,True,True,True,True,False,True,True,False,True,True,True,True,False,True,False,True,True,True,False,True,True,True,True,True,True,False,True,True,False,False,True,False,False,True,True,False,True,False,True,True,True,False,False,False,True,True,True,True,False,True,False,True,True,False,False,True,True,True,False,False,True,True,True,False,False,True,True,True,True,False,False,False,True,False,False,False,True,True,False,False,True,False,True,True,False,True,True,False,True,False,False,False,False,False,True,False,False,False,True,False,False,True,True,True,True,False,False,True,True,True,False,True,True,True,False,False,True,False,False,False,True,False,False,True,False,False,False,True,False,False,False,True,False,False,True,True,False,False,False,True,False,False,False,False,False,True,False,False,True,False,False,False,False,False,False,False,False,True,False,False,False,True,False,True,False,False,False,False,False,True,True,True,True,True,False,False,True,True,True,True,True,True,False,False,False,True,True,True,False,True,False,False,False,True,False,True,False,True,False,True,False,False,True,False,False,False,False,False,True,False,True,True,False,True,False,True,False,False,False,True,True,True,True,False,True,False,False,False,True,False,True,False,True,True,True,False,False,False,False,False,False,False,False,False,True,False,False,False,False,False,False,False,True,False,False,False,True,False,False,False,True,False,False,False,False,False,False,False,False,False,False,True,False,True,True,False,False,False,False,False,False,True,False
026.Bronzed_Cowbird,True,True,True,True,False,False,False,True,False,True,False,False,False,False,False,True,True,True,False,True,True,True,False,True,True,True,True,True,False,True,True,True,False,True,True,False,True,False,True,False,False,True,False,False,False,False,True,False,True,True,True,True,True,True,True,False,False,False,True,True,True,True,True,True,True,True,True,True,True,True,False,False,False,False,False,False,False,False,True,True,False,True,True,False,True,False,True,True,False,True,True,False,False,False,False,False,False,True,False,True,False,True,True,False,True,True,True,False,False,False,False,True,False,False,True,True,False,True,False,False,False,False,True,False,False,False,False,False,True,True,False,False,True,True,False,False,False,True,False,False,True,False,False,True,True,True,True,True,False,False,False,False,False,False,True,False,True,True,False,True,False,False,True,False,True,True,False,False,False,False,True,False,False,False,False,False,False,True,False,False,True,False,False,True,False,True,True,False,True,True,False,True,False,True,False,False,True,True,False,True,False,False,True,False,False,False,False,True,False,False,True,True,False,False,False,False,False,False,True,False,True,False,True,False,True,True,False,False,False,False,True,False,False,False,False,True,True,True,True,False,False,True,False,True,False,False,False,False,False,False,False,False,True,True,False,False,True,False,True,False,True,True,False,False,True,True,False,True,True,False,True,False,True,True,True,False,True,False,True,False,False,False,False,False,True,True,False,False,False,True,True,False,True,False,False,True,True,True,True,False,False,False,True,True,False,True,True,True,True,False,False,False
027.Shiny_Cowbird,True,False,False,True,True,False,False,True,True,True,True,True,False,True,True,False,True,True,False,True,True,False,True,False,True,True,True,True,True,True,False,False,True,False,True,False,False,False,True,False,True,False,True,False,False,False,True,True,True,True,True,False,True,True,False,False,True,True,True,False,True,False,False,False,False,True,True,True,False,True,True,True,False,True,False,True,True,True,False,True,True,False,False,False,False,True,False,True,True,True,True,True,False,True,True,True,True,True,True,False,True,True,True,True,True,False,False,True,True,True,True,False,False,True,False,False,False,False,False,True,True,True,True,True,False,False,True,False,False,True,False,True,False,False,True,False,False,False,True,True,False,False,True,True,True,True,True,False,False,False,False,False,False,False,True,False,False,False,False,True,False,True,False,True,True,True,True,False,True,False,True,False,False,True,True,True,False,False,False,True,False,False,False,False,False,True,True,False,False,True,False,False,True,True,True,True,False,False,False,False,False,False,True,False,True,False,True,True,True,True,True,False,False,True,False,True,True,False,True,False,False,False,True,True,True,False,False,False,True,False,True,False,True,False,True,True,False,False,True,False,True,True,False,True,True,True,False,True,False,True,False,False,True,True,True,True,False,True,True,True,True,False,False,True,True,False,True,False,True,False,True,False,False,False,False,True,False,False,False,False,False,False,False,False,True,False,True,True,False,True,False,False,False,True,True,False,True,False,True,False,True,False,True,False,False,False,True,True,False,False,True,False
028.Brown_Creeper,True,True,True,True,True,True,False,True,True,True,True,False,False,False,False,True,True,True,True,False,True,False,False,True,True,False,True,True,True,True,False,False,True,True,True,True,True,False,False,False,False,False,False,False,False,True,False,True,False,False,True,True,False,False,True,False,True,False,True,False,False,True,True,True,False,False,True,True,True,False,False,False,True,False,False,False,False,False,False,False,True,True,True,True,False,False,False,True,False,True,True,False,False,False,True,True,False,False,False,False,True,False,False,False,False,True,True,True,True,True,False,True,False,False,True,False,False,True,False,True,True,True,True,False,True,True,True,False,False,True,False,True,False,False,False,False,True,False,False,True,True,False,False,False,False,True,True,True,False,False,True,True,True,True,True,True,True,False,False,True,False,False,False,False,False,False,False,False,False,False,False,False,False,True,False,False,False,True,False,False,False,False,False,False,True,True,True,False,True,True,False,False,False,False,False,True,True,True,False,False,True,True,True,False,True,True,True,False,False,True,True,True,False,False,True,True,True,True,False,True,False,False,True,False,False,True,True,True,False,False,False,False,False,True,False,True,True,False,True,False,False,True,True,True,True,True,True,False,True,False,True,True,True,True,False,True,False,False,True,False,True,False,False,True,True,False,False,False,False,False,False,True,False,False,True,False,True,False,True,False,True,True,True,False,True,False,False,False,False,True,True,False,False,False,False,False,True,False,True,False,True,False,True,False,False,False,False,False,False,False,True,False
029.American_Crow,True,True,True,True,True,False,False,True,True,True,False,True,False,True,True,True,True,False,False,False,True,True,True,True,True,True,True,True,False,True,False,True,False,True,False,False,True,False,False,False,True,True,True,True,True,False,False,True,True,False,False,False,False,True,False,True,True,True,True,True,True,False,False,False,True,False,False,True,True,True,False,True,False,True,True,True,True,True,False,True,True,True,False,False,False,True,True,True,True,False,True,True,True,True,False,True,False,True,True,True,True,False,True,True,True,False,True,True,False,True,True,True,True,False,True,True,True,False,False,False,True,True,False,False,True,True,False,False,False,False,True,True,False,False,False,True,False,False,True,False,True,True,True,True,False,True,False,True,False,True,True,False,False,False,False,True,True,True,False,False,False,False,False,False,False,True,True,False,False,True,False,True,False,True,False,True,True,False,True,False,True,True,False,True,False,True,False,False,False,True,True,False,False,False,False,True,False,False,False,True,False,True,False,False,True,True,False,False,False,True,False,True,True,False,True,False,True,False,True,True,True,True,False,False,False,True,False,True,True,False,False,False,True,True,False,False,True,False,True,True,True,True,False,False,False,False,True,True,True,False,True,False,False,False,True,False,False,True,False,False,False,True,False,True,True,False,False,True,True,False,False,False,True,True,True,True,False,False,False,False,True,False,True,True,False,False,False,False,False,False,False,True,False,False,False,False,False,False,True,False,False,False,True,False,True,True,False,False,True,False,False,False
030.Fish_Crow,False,False,False,True,True,True,True,False,False,True,True,False,True,True,False,False,True,False,True,True,True,True,False,True,True,True,False,True,True,True,False,True,False,True,False,False,False,True,True,True,True,True,True,True,True,True,False,True,False,True,False,False,True,True,False,True,True,True,True,True,True,True,True,False,False,True,True,False,True,False,True,True,True,False,False,True,True,True,False,False,False,True,True,False,False,True,False,False,True,False,False,True,True,True,True,True,False,True,False,False,True,True,False,False,False,False,True,True,True,True,True,True,False,True,False,False,True,False,False,False,False,True,False,True,False,False,True,False,False,False,False,False,False,False,False,False,False,False,True,False,True,True,False,False,False,False,True,False,False,False,False,True,True,True,False,True,True,True,False,True,True,True,False,False,False,True,True,False,True,False,False,False,False,False,False,False,False,True,True,True,False,False,False,True,False,True,False,False,False,False,False,False,True,False,False,False,False,True,True,True,True,True,False,False,False,False,False,False,False,True,False,True,False,True,False,False,False,False,False,False,False,False,False,True,False,True,True,False,False,True,True,False,False,True,True,False,False,True,False,True,True,True,False,True,False,True,True,False,False,False,False,True,True,False,False,False,True,False,False,True,False,True,True,True,False,False,True,False,True,True,False,True,True,False,False,True,False,False,True,True,False,True,False,False,True,True,True,False,False,True,False,True,False,False,True,False,True,True,False,False,True,False,True,True,True,False,False,True,True,True,False,False
031.Black_billed_Cuckoo,True,False,False,False,False,True,True,True,True,True,True,False,False,False,True,True,True,True,True,True,False,True,False,False,True,True,True,True,True,False,True,True,True,True,True,False,False,True,False,False,True,True,True,False,True,False,True,True,False,True,True,False,True,False,True,True,True,False,False,False,True,False,False,True,True,True,False,False,True,True,False,True,True,False,True,True,True,False,True,True,True,True,False,True,False,True,False,False,True,True,True,True,True,True,True,True,True,True,True,True,False,True,True,True,True,True,True,True,True,True,True,True,True,False,False,False,True,True,False,False,True,True,True,False,False,True,False,True,True,False,False,False,True,True,True,False,False,False,False,True,False,False,True,False,True,True,True,False,True,True,False,False,True,True,True,True,False,False,False,True,True,True,True,True,False,False,False,True,True,False,True,False,False,False,False,False,False,True,False,False,False,False,True,True,True,False,False,False,False,False,False,False,True,False,True,False,True,True,True,False,False,True,False,True,False,False,False,False,False,True,True,True,True,True,False,True,False,True,True,True,False,False,False,False,False,True,True,False,True,False,True,False,False,True,False,False,False,True,True,True,False,False,False,False,False,False,True,True,True,False,False,False,False,True,False,False,False,False,True,True,False,False,True,False,False,False,False,False,False,False,False,False,False,True,True,False,False,False,True,False,False,False,False,False,False,False,False,True,False,False,False,False,True,True,False,False,False,True,False,False,False,True,True,False,False,False,False,False,False,False,False,False
032.Mangrove_Cuckoo,True,False,True,True,True,False,False,True,True,False,True,True,True,True,True,True,False,True,False,False,False,False,True,True,True,False,True,False,False,False,True,False,True,True,True,True,True,True,False,True,False,False,False,True,True,True,False,True,False,True,False,True,False,True,True,False,False,False,True,True,False,False,False,True,False,True,False,False,True,False,False,True,True,False,True,False,True,False,False,True,True,True,False,True,False,True,True,True,True,False,True,False,False,True,True,False,True,True,False,False,True,False,True,False,True,False,False,True,True,True,False,True,False,True,False,False,False,False,False,True,False,True,False,True,False,False,True,False,False,False,False,True,True,False,True,True,False,True,False,False,False,False,False,True,True,False,True,False,False,False,True,False,False,True,False,False,True,False,False,True,False,True,False,True,False,False,False,False,False,True,False,True,True,True,False,False,True,False,False,False,True,True,False,True,True,False,True,True,True,False,True,True,True,False,True,False,True,False,True,True,False,True,False,False,True,False,False,False,False,False,False,False,False,False,True,False,True,True,False,False,False,False,False,True,False,False,False,True,False,True,False,False,False,True,True,False,False,True,False,False,True,False,True,False,True,False,False,True,False,True,True,False,True,True,True,False,False,True,False,True,False,False,False,False,False,False,True,False,True,False,False,False,False,True,False,False,False,False,True,True,False,True,True,False,False,True,True,True,False,False,True,True,False,True,True,False,True,True,False,True,True,True,False,False,True,True,True,True,False,True,False,False
033.Yellow_billed_Cuckoo,True,True,True,True,False,True,True,True,False,True,False,True,False,False,False,False,False,True,False,False,False,False,False,True,False,True,False,True,False,False,False,True,True,True,False,False,False,True,True,True,True,True,True,True,True,False,True,True,False,True,True,False,False,False,True,True,True,True,True,True,False,False,True,True,False,True,True,True,True,True,True,False,False,False,True,True,True,False,True,False,False,False,False,False,True,True,False,True,True,True,False,True,False,False,False,False,False,True,True,True,True,True,True,True,True,True,True,False,True,True,True,True,False,False,False,False,False,True,True,True,False,False,True,True,True,True,False,False,True,False,False,False,False,False,False,False,False,True,True,False,False,False,False,False,True,True,False,False,True,False,True,False,False,False,False,True,False,False,False,True,True,False,False,True,True,False,False,False,False,False,False,True,True,False,False,True,True,True,True,False,False,True,False,False,False,False,False,True,False,False,False,False,True,False,False,False,False,True,False,False,False,False,False,True,True,False,False,False,False,False,False,True,False,False,True,False,False,False,True,False,False,True,True,True,True,True,False,True,False,False,False,False,False,True,False,False,True,True,False,False,False,False,False,False,True,False,False,False,False,False,False,False,True,True,False,False,True,False,True,True,False,True,False,True,False,False,True,False,False,False,True,True,False,False,True,False,False,True,True,False,False,False,False,False,True,True,True,False,False,True,False,True,True,False,False,False,False,False,True,False,True,True,False,True,False,True,False,True,False,False,False,False
034.Gray_crowned_Rosy_Finch,False,True,True,False,False,False,True,False,False,True,True,True,True,True,False,True,False,True,False,True,True,True,False,True,True,False,False,True,True,True,False,True,False,True,True,True,True,True,False,False,True,True,True,True,False,True,True,False,False,True,False,False,True,False,True,False,False,True,True,True,True,True,True,True,True,True,False,True,False,False,True,True,True,True,False,True,True,False,True,False,False,True,False,False,True,False,False,False,True,True,False,True,False,False,True,True,True,False,True,False,True,False,True,True,True,False,False,True,True,True,False,True,False,False,True,False,True,True,True,False,False,True,False,True,True,False,False,True,False,True,True,True,False,False,True,False,False,False,True,False,False,False,True,False,True,True,False,True,True,False,False,False,True,False,True,True,True,False,True,False,True,False,False,False,True,False,False,False,False,True,True,True,True,True,True,True,False,False,True,True,False,False,True,False,True,False,False,True,False,True,False,False,False,True,True,True,True,False,True,False,True,False,False,False,True,False,True,True,False,False,True,True,False,True,False,False,True,False,True,False,False,True,True,False,False,False,False,False,False,False,True,False,True,False,True,False,False,False,True,True,False,True,True,False,True,False,False,False,False,False,True,False,False,False,False,False,False,False,False,True,True,False,True,True,False,False,False,False,False,False,False,False,True,True,True,True,True,False,False,False,True,True,False,False,True,False,False,True,False,True,True,False,True,False,False,False,True,False,False,True,False,False,False,True,False,False,False,False,False,False,True,False
035.Purple_Finch,False,True,False,True,True,False,True,True,True,False,True,True,True,False,False,True,True,True,True,False,True,True,False,True,True,True,False,False,False,False,False,False,False,True,True,False,False,True,False,True,True,True,True,True,False,False,True,True,True,True,False,True,False,True,True,True,False,False,True,True,False,True,False,True,False,True,True,False,True,False,True,True,True,True,False,True,True,True,True,True,False,False,True,True,True,True,False,True,False,True,True,True,True,True,True,False,True,True,True,True,True,True,False,False,True,True,True,False,False,True,False,True,True,True,False,True,True,False,True,False,True,True,False,True,True,False,False,True,True,False,False,False,False,False,False,False,False,False,True,True,True,True,False,False,True,True,True,False,False,True,True,False,True,True,False,False,False,False,False,True,True,False,False,False,False,False,False,False,False,True,False,False,False,False,False,False,False,True,False,False,True,True,False,True,True,False,False,True,True,False,False,False,False,False,False,False,True,True,False,False,False,False,False,True,True,False,True,True,False,False,False,False,False,True,False,False,False,False,False,False,False,True,True,False,True,False,True,False,False,False,False,True,False,False,True,False,False,True,True,True,True,False,False,False,False,False,True,False,False,False,True,True,True,True,True,False,True,True,False,False,True,False,False,True,False,False,True,True,True,False,False,False,False,True,False,False,True,True,False,True,True,False,False,False,True,False,True,False,False,False,False,True,True,False,False,False,False,True,True,False,True,True,False,False,True,False,False,True,True,False,True,True
036.Northern_Flicker,True,True,True,False,True,True,False,True,True,False,True,True,True,True,False,True,False,True,True,True,True,True,False,True,False,False,True,True,True,True,True,True,True,False,False,True,True,False,True,True,True,True,False,True,True,True,True,True,False,True,True,True,False,False,False,True,True,True,True,False,True,True,False,False,False,True,False,True,True,False,True,True,False,True,True,True,False,False,False,False,True,True,False,False,True,True,False,True,False,False,False,False,True,True,True,False,True,True,True,True,True,True,True,False,False,False,True,False,True,True,True,False,True,False,False,False,True,True,True,True,True,True,False,False,False,True,True,False,False,True,True,True,False,True,False,False,True,True,False,False,True,True,False,False,True,True,True,False,False,True,False,False,False,False,False,True,False,True,True,False,False,False,False,False,True,False,False,False,True,True,False,False,False,False,True,False,True,False,False,False,False,False,False,True,False,False,False,False,False,False,True,True,True,True,True,False,False,True,False,True,False,False,False,False,True,True,False,False,False,False,False,True,True,True,False,False,False,False,True,False,False,False,False,False,False,False,False,True,False,False,True,True,True,True,False,False,True,False,True,False,False,True,False,False,False,True,False,False,False,False,True,True,False,True,False,False,False,True,False,False,False,False,True,False,False,True,False,True,True,False,True,False,False,False,False,True,False,False,False,True,False,False,False,False,True,False,False,True,True,False,False,True,True,True,False,True,False,True,False,False,True,True,True,False,False,True,False,False,True,True,True,True
037.Acadian_Flycatcher,False,True,False,True,True,False,True,True,True,True,True,True,True,True,True,False,True,True,True,True,True,True,True,False,False,False,False,True,False,False,True,True,True,False,False,True,False,True,True,False,True,False,True,True,True,False,True,True,True,False,False,False,False,False,True,True,True,True,True,True,True,True,False,False,True,True,True,True,False,True,False,False,True,True,False,False,True,False,True,False,True,True,True,False,True,True,True,True,False,False,False,False,False,True,True,True,True,False,False,True,True,False,True,False,True,False,True,True,True,True,False,True,True,False,False,True,False,False,False,False,False,False,True,True,True,False,False,True,False,False,True,True,False,False,True,False,False,True,False,True,True,True,True,True,True,False,False,True,True,False,False,True,True,True,False,False,False,False,False,True,False,True,False,True,True,True,True,False,False,False,False,True,False,False,True,False,True,True,True,False,False,False,False,True,False,False,True,True,False,True,False,False,True,False,True,True,False,False,True,True,False,False,True,True,False,True,True,True,True,False,False,True,False,False,False,True,True,False,False,False,False,False,True,True,True,True,True,True,False,False,False,False,False,True,True,False,True,True,False,False,True,False,False,True,False,False,False,True,True,False,False,True,False,True,False,False,False,False,True,False,True,True,True,True,False,False,False,False,False,False,False,True,False,False,True,True,False,True,False,False,True,True,True,False,True,False,True,False,True,False,False,False,True,True,True,True,True,False,True,True,True,True,True,True,True,True,True,False,False,False,False,False
038.Great_Crested_Flycatcher,False,True,True,True,False,True,True,False,False,True,True,False,True,True,True,True,True,False,True,False,True,False,True,False,True,True,True,False,True,True,False,False,False,False,True,False,False,True,True,False,True,True,True,True,True,True,True,True,False,False,False,False,False,True,True,True,False,True,False,False,True,True,True,True,False,True,False,False,True,False,True,True,False,False,True,False,False,True,False,False,False,False,True,False,True,False,False,False,False,False,True,False,False,True,True,False,False,False,True,True,True,False,False,True,False,False,True,False,False,True,True,False,False,False,False,False,False,False,False,False,False,True,True,True,False,False,False,True,False,True,True,False,True,False,True,False,False,False,False,False,False,True,True,False,True,False,True,True,False,True,False,True,False,True,False,False,True,False,False,False,True,False,True,False,True,True,False,True,True,True,False,False,True,False,True,False,False,False,False,True,False,False,False,False,False,False,False,True,False,False,False,False,False,True,False,True,True,True,True,True,False,False,False,True,True,False,True,False,True,False,False,True,False,False,False,False,True,False,False,False,True,True,True,True,True,True,True,False,False,True,False,True,True,False,True,False,True,False,True,False,True,True,False,False,False,True,False,False,False,False,True,True,True,True,False,False,False,True,False,True,False,False,False,True,False,False,True,True,False,False,False,True,False,True,False,False,True,True,False,False,True,False,True,False,True,True,False,True,True,False,True,False,False,False,False,True,False,False,False,False,True,True,True,False,True,True,True,False,False,False,True,False
039.Least_Flycatcher,False,True,False,False,False,False,True,True,True,False,True,True,False,False,False,False,False,True,False,False,False,True,True,False,False,True,True,True,True,True,False,False,False,True,False,True,True,False,True,False,True,False,False,True,True,False,False,False,True,False,True,True,False,False,False,False,False,True,True,True,True,True,False,False,False,True,True,False,False,True,True,True,True,True,True,True,False,False,True,True,True,True,True,False,False,True,False,False,True,False,False,True,True,False,True,False,True,True,False,True,True,True,False,False,True,False,False,False,True,True,True,True,True,True,False,False,False,True,False,False,False,False,True,False,True,True,False,False,False,True,False,False,True,False,False,True,False,True,False,False,True,False,False,False,False,True,True,False,False,False,False,True,False,False,False,False,False,False,False,False,False,False,False,False,False,True,True,False,False,False,False,False,False,True,False,False,False,False,True,False,False,True,False,True,True,True,False,True,True,False,True,True,False,False,False,False,False,True,True,False,True,False,False,True,False,False,False,False,False,True,False,False,True,True,True,True,True,True,True,True,False,True,False,False,False,False,False,True,False,False,True,False,False,False,False,False,False,True,True,False,False,False,True,True,False,True,True,True,False,False,False,False,False,False,False,True,False,True,False,False,False,False,True,False,False,False,False,False,False,True,True,False,False,False,False,True,False,False,False,False,False,False,False,False,False,False,True,False,False,False,False,True,False,False,False,False,False,False,True,False,False,True,False,True,False,False,False,False,False,False,True,False
040.Olive_sided_Flycatcher,True,True,False,True,True,True,True,True,True,False,True,True,False,True,True,True,False,True,False,False,False,True,True,False,False,True,True,False,True,False,True,False,False,False,True,False,True,False,False,True,True,True,False,False,False,False,True,True,True,False,True,True,True,True,True,True,True,True,True,True,True,True,True,False,True,False,True,True,True,False,False,False,True,True,False,True,False,True,False,True,True,True,False,False,False,True,True,True,False,False,True,True,False,False,False,True,False,False,False,True,True,True,True,False,False,True,True,True,True,True,True,True,True,False,True,False,False,False,True,False,True,False,True,True,True,True,False,True,True,False,False,False,False,False,False,False,False,False,False,True,True,False,True,True,False,False,False,False,True,False,False,True,True,False,False,False,False,False,False,False,False,False,False,True,False,False,False,False,True,False,False,False,True,False,True,False,False,True,False,False,False,False,True,False,True,False,True,True,False,True,False,True,False,True,True,False,False,False,True,True,False,False,True,False,True,True,False,False,False,False,True,False,False,True,False,False,False,True,True,True,False,True,True,True,False,False,False,False,False,False,False,True,False,False,False,False,True,True,False,False,True,False,True,True,False,False,True,False,True,True,False,True,True,False,False,True,False,True,False,False,True,False,False,True,False,False,True,False,True,False,True,True,False,True,False,False,True,False,True,False,False,False,False,False,True,False,False,True,True,True,False,False,True,True,False,False,False,True,False,False,True,True,False,False,True,False,False,False,False,False,True,False
041.Scissor_tailed_Flycatcher,False,True,True,False,False,True,True,True,True,False,True,False,False,False,True,True,True,False,False,True,False,False,True,False,True,False,False,True,True,False,False,True,False,True,True,True,True,False,True,True,True,False,True,False,False,False,True,True,True,True,True,True,True,False,True,True,True,True,True,False,False,False,False,False,False,False,True,False,False,True,True,False,True,True,True,False,False,False,True,False,False,False,True,True,False,True,False,True,True,False,True,False,False,True,False,False,False,False,True,True,True,False,True,False,False,False,False,True,True,True,True,False,True,True,False,False,False,False,False,True,True,False,False,False,False,True,True,False,False,False,True,True,False,True,False,False,True,False,False,False,False,True,False,False,False,True,True,False,True,True,False,False,True,False,True,False,False,True,True,False,True,False,False,False,True,False,False,False,False,False,False,True,True,False,False,False,True,False,False,True,False,True,True,False,False,False,False,False,True,True,False,True,True,False,False,True,True,False,False,True,True,True,False,False,True,False,True,True,False,False,True,False,False,True,True,False,True,True,True,False,False,True,True,True,True,False,False,False,False,False,False,True,False,False,True,False,False,False,False,False,False,False,False,True,False,False,False,False,False,False,True,False,False,False,True,False,False,True,True,False,False,False,False,False,False,False,True,True,False,True,False,False,False,True,True,False,False,False,False,False,True,False,False,False,True,True,True,False,False,True,True,False,False,False,False,False,False,False,False,False,True,False,False,False,False,False,False,False,True,False,False,False
042.Vermilion_Flycatcher,True,True,False,True,False,False,False,True,True,True,True,True,True,True,False,False,True,False,True,True,True,False,True,False,True,False,True,True,True,False,False,True,True,True,True,True,True,False,True,True,False,False,True,False,True,False,True,True,True,False,True,False,False,False,False,True,True,True,True,True,False,False,True,True,True,True,True,True,False,False,True,True,False,True,True,True,False,False,True,False,False,False,True,True,False,True,False,True,True,True,True,True,True,False,False,False,False,False,True,True,True,True,True,False,True,False,True,False,True,True,False,True,True,False,False,False,False,True,False,False,True,True,True,False,True,True,False,False,True,True,True,True,True,False,False,False,False,True,True,False,False,False,True,False,True,False,False,False,False,False,True,False,True,False,False,False,True,False,False,False,True,False,False,True,True,False,False,False,False,False,True,False,True,False,True,False,False,True,False,True,True,False,True,True,False,False,True,True,False,False,False,False,False,True,True,False,True,False,False,False,False,False,False,True,False,False,False,False,False,False,True,False,False,True,False,False,False,True,False,False,True,False,False,False,False,False,False,False,True,False,True,True,True,True,False,False,False,False,False,True,False,False,False,False,False,True,True,False,False,False,True,False,True,True,True,False,False,False,False,True,True,False,True,False,True,False,False,False,True,False,False,True,False,False,True,False,False,True,True,True,False,True,False,True,False,False,False,False,False,False,False,True,True,False,True,False,True,False,True,False,False,True,True,False,False,False,False,False,True,False,False,False
043.Yellow_bellied_Flycatcher,True,False,True,True,False,False,False,True,True,False,False,True,True,True,False,True,True,False,True,True,True,True,False,False,False,True,False,True,True,True,True,True,False,True,True,False,True,True,True,False,True,False,False,False,False,True,True,False,True,True,True,True,True,True,True,True,True,True,True,True,True,True,True,False,False,False,False,False,False,True,True,True,True,True,False,True,False,True,True,True,True,True,True,True,True,False,False,True,False,False,True,False,True,True,False,True,False,False,True,True,True,True,False,True,False,True,False,False,False,True,True,False,False,True,False,False,True,False,False,True,True,True,False,True,True,False,True,False,False,False,False,True,False,False,False,True,False,False,False,True,False,False,False,False,False,True,False,True,True,True,False,True,True,True,True,False,False,False,False,True,False,False,False,True,False,True,True,True,False,True,False,True,False,False,True,False,False,True,True,True,False,False,True,True,False,False,True,True,False,False,True,True,True,False,False,False,False,False,False,True,False,False,False,False,False,False,True,True,False,True,True,False,False,True,False,False,True,True,True,False,False,False,False,False,False,False,False,False,False,True,False,True,True,False,False,False,False,False,False,True,False,False,False,False,False,False,False,False,True,False,False,True,False,False,True,True,False,False,False,True,False,True,False,False,True,True,True,True,True,False,True,False,True,False,True,False,False,False,True,True,False,True,False,False,False,True,False,True,False,False,True,False,False,True,False,False,False,False,True,False,True,True,False,False,False,False,False,False,True,True,True,False
044.Frigatebird,False,False,False,True,True,False,False,True,True,True,False,True,True,False,True,False,False,True,False,True,False,True,False,True,False,False,True,False,False,True,False,True,False,True,False,True,True,True,True,True,True,False,True,True,False,True,True,True,False,False,False,False,False,False,True,False,True,False,False,True,False,True,False,True,True,False,False,True,True,True,False,True,True,True,False,True,True,True,True,True,False,True,True,False,False,False,False,True,False,False,True,False,False,True,False,True,False,True,True,True,True,True,True,False,True,True,False,False,False,True,True,True,False,True,True,True,False,True,True,True,False,True,True,True,True,False,True,False,True,False,False,True,False,True,False,False,True,True,False,True,True,False,True,False,False,False,True,True,False,True,False,True,False,False,True,True,False,False,False,False,False,False,True,True,True,True,False,True,True,False,False,True,True,False,False,True,False,False,False,True,False,True,True,False,False,False,False,False,True,False,False,True,False,True,False,False,False,True,False,False,False,False,True,False,False,False,True,False,True,False,False,True,False,False,False,True,False,False,False,True,False,False,False,False,True,True,True,False,False,False,False,True,True,True,True,False,False,True,False,False,True,False,True,True,False,False,False,False,False,False,False,False,False,False,False,False,False,False,True,True,True,False,False,False,True,True,False,False,True,False,False,False,False,False,False,True,False,True,False,True,False,False,False,True,False,False,False,False,False,False,False,False,True,False,False,False,False,False,False,False,False,False,False,True,True,True,False,True,False,False,False,False
045.Northern_Fulmar,True,False,True,False,True,False,False,False,True,False,True,False,True,True,True,True,True,True,False,False,True,True,False,False,False,False,False,True,True,False,False,False,True,True,True,False,True,True,True,True,True,False,False,False,False,True,False,False,False,True,True,True,True,True,True,False,False,False,False,False,False,True,False,True,True,True,False,False,False,False,True,True,False,True,False,False,False,False,True,True,True,False,False,False,True,False,False,True,False,False,True,True,True,True,True,True,True,True,True,False,True,False,False,False,False,True,True,True,True,True,True,False,False,True,False,False,True,False,True,False,False,True,True,True,False,False,False,True,False,False,True,False,False,True,False,True,True,False,False,True,False,False,True,False,False,True,False,False,False,False,False,False,False,True,True,True,True,False,False,True,True,False,True,True,False,True,False,False,True,False,False,False,False,True,True,True,False,True,True,True,True,True,False,False,True,True,False,True,True,True,False,False,True,True,True,True,False,False,False,False,False,True,True,False,False,False,False,True,True,False,False,False,False,False,True,False,False,False,False,False,False,True,True,False,True,False,False,False,False,False,True,False,False,True,True,True,True,True,False,True,False,True,True,True,True,True,False,False,False,True,True,False,False,True,False,False,False,True,False,False,True,False,False,True,True,True,False,False,True,False,False,True,True,False,False,True,True,True,False,False,False,True,False,False,True,True,True,True,False,True,True,True,False,False,False,False,False,True,False,True,False,False,True,False,True,False,True,True,True,False,False,False
046.Gadwall,False,False,True,True,False,False,True,False,True,False,False,True,False,True,True,False,True,True,True,True,False,True,False,True,True,True,True,True,True,True,True,True,False,False,False,True,True,True,True,True,True,True,True,False,True,False,True,True,True,True,False,True,True,True,False,True,True,True,True,True,True,True,True,False,False,True,True,False,True,True,True,False,False,True,False,True,True,True,True,False,False,False,True,True,True,True,True,True,True,True,False,True,True,False,True,True,True,True,False,False,True,True,True,False,True,True,False,True,False,False,False,False,False,False,False,False,False,True,False,False,False,False,True,True,True,True,False,True,True,True,False,False,False,False,True,False,False,True,True,False,True,True,True,True,True,False,True,False,False,False,False,False,True,False,False,False,True,True,True,True,False,True,True,False,False,False,True,True,False,True,True,True,True,False,False,True,False,False,True,False,False,True,False,False,True,False,False,False,False,True,False,True,False,False,True,True,False,False,False,True,False,True,False,True,True,False,True,True,True,True,False,False,False,True,False,True,False,True,True,True,False,True,False,False,True,False,True,True,True,True,True,False,True,True,True,False,False,False,True,True,True,False,False,True,False,False,False,False,True,False,False,True,False,False,False,False,True,False,False,False,False,True,True,False,False,False,False,True,False,True,False,False,False,False,False,False,True,True,True,True,False,False,True,True,True,False,False,False,False,False,False,True,True,True,False,True,True,False,True,True,True,False,True,False,False,False,False,False,False,False,False,False
047.American_Goldfinch,True,True,True,True,True,False,False,False,False,False,True,True,True,True,True,False,False,True,True,True,True,True,False,True,False,False,True,True,True,True,False,False,True,True,True,True,True,False,True,True,True,False,True,False,False,False,True,True,True,True,False,False,True,True,True,False,False,True,True,False,True,True,False,False,True,True,False,True,True,True,True,True,True,True,False,False,False,True,False,True,False,True,True,False,True,True,False,True,True,True,True,True,True,True,True,True,False,True,True,True,True,False,True,True,False,True,True,True,True,True,True,True,True,False,True,False,False,True,False,True,False,False,False,True,True,False,False,False,True,True,False,False,True,True,False,True,False,False,False,False,False,False,False,False,False,True,False,False,True,False,False,False,False,True,False,False,True,False,False,True,False,True,True,True,True,False,False,False,True,False,False,False,False,False,False,False,True,True,True,False,False,False,True,False,False,False,False,False,False,False,False,False,False,False,True,False,False,True,True,True,False,True,False,False,False,False,False,False,True,False,False,False,False,True,False,True,True,False,True,False,False,True,True,False,True,False,True,True,False,False,True,False,False,False,True,False,False,False,True,True,True,False,False,False,True,False,True,False,True,False,False,False,True,True,False,True,False,False,False,True,False,False,True,False,False,True,False,True,False,True,False,True,False,True,False,True,False,True,False,False,True,False,False,True,False,True,False,True,False,False,True,False,False,False,True,False,True,True,False,True,False,True,False,False,False,False,True,True,False,False,False,False
048.European_Goldfinch,False,False,True,False,False,False,False,False,False,True,True,False,True,False,True,True,True,True,False,False,True,True,False,False,False,True,False,False,False,False,True,True,True,False,False,True,False,False,True,False,True,False,True,True,True,True,True,True,True,False,True,False,False,False,True,False,False,True,True,True,True,True,True,True,True,True,False,False,True,True,True,True,True,False,True,False,False,True,True,False,False,False,False,True,False,True,False,True,True,False,False,True,False,False,False,False,True,False,True,True,True,False,True,True,True,False,False,True,False,True,True,True,True,False,False,True,False,False,False,False,False,False,False,True,False,True,False,False,False,False,False,True,False,False,True,False,True,False,True,False,False,True,True,False,False,False,False,True,True,True,False,False,False,False,True,True,True,False,True,True,False,False,True,True,False,False,True,False,False,False,True,True,True,True,False,False,False,True,False,True,False,True,True,False,False,True,False,True,True,False,True,True,False,False,False,False,False,True,True,False,False,False,True,False,True,False,False,True,False,False,True,False,False,False,False,False,False,True,True,False,True,False,True,False,False,False,True,False,False,True,False,False,False,False,False,False,False,False,True,True,False,True,True,False,False,True,True,True,False,True,False,True,False,True,False,False,False,False,False,False,True,True,True,True,False,False,True,False,False,False,False,True,False,True,False,True,False,True,False,True,True,False,True,False,False,True,True,False,True,True,True,False,True,True,False,True,False,True,True,True,False,False,False,True,False,False,True,True,False,False,False,False
049.Boat_tailed_Grackle,False,True,True,False,False,False,False,True,True,True,True,False,False,True,True,True,True,False,False,True,True,True,True,True,False,True,True,True,False,False,True,True,True,True,True,True,False,False,True,False,True,True,False,True,True,False,False,True,True,True,True,False,False,False,True,True,True,True,True,True,True,False,True,False,False,True,False,False,False,True,False,True,False,True,False,True,True,True,False,False,True,True,False,True,True,False,False,True,True,False,False,False,True,True,True,True,False,True,False,False,False,True,True,True,True,True,True,True,True,True,False,False,True,False,False,False,True,True,True,False,False,True,True,False,True,False,True,False,True,False,True,True,False,False,False,True,False,True,False,False,False,False,True,True,False,False,False,False,False,False,False,False,False,False,False,False,False,False,False,True,False,True,True,False,False,False,False,False,True,False,False,True,False,True,True,False,False,True,True,True,True,True,False,False,False,True,True,False,False,True,False,False,True,True,True,True,False,True,True,True,False,False,False,False,True,True,False,False,False,True,True,False,True,False,False,True,False,False,False,False,True,False,False,True,True,True,False,False,True,False,False,False,False,True,True,False,False,False,False,True,True,True,False,False,False,True,True,False,True,False,True,False,False,False,True,False,False,False,True,False,True,True,False,True,False,True,True,True,False,False,True,False,True,False,False,True,True,False,True,False,True,True,True,False,False,False,False,True,False,False,True,False,False,True,True,False,False,True,False,False,True,True,False,False,True,False,False,False,False,False,False,False
050.Eared_Grebe,True,True,True,True,True,False,True,False,False,False,True,True,True,True,True,False,True,False,True,True,True,False,False,True,False,True,True,True,False,True,True,False,True,False,True,True,True,True,True,True,False,False,False,True,True,True,True,True,True,False,False,False,True,False,True,False,False,False,False,False,False,False,True,False,True,True,True,False,False,False,False,True,True,False,False,False,False,True,False,True,True,True,True,True,True,True,True,True,True,False,False,True,True,False,False,True,True,True,True,True,True,True,False,True,False,False,False,True,True,True,True,True,True,True,False,True,True,False,False,False,False,True,True,False,True,True,True,True,False,True,True,False,False,True,True,True,False,False,True,False,False,True,False,True,False,True,False,True,False,False,False,False,False,True,False,False,True,False,False,True,False,False,False,True,True,False,True,False,False,False,True,False,False,True,True,True,False,False,False,False,True,False,False,False,False,False,True,False,False,False,False,False,False,False,False,True,False,False,False,True,False,True,False,True,True,True,False,True,False,False,False,False,True,False,True,True,True,False,False,True,True,True,False,False,False,False,False,False,False,False,False,False,False,True,False,True,False,False,True,False,True,False,True,False,False,False,True,False,True,False,False,True,False,True,False,True,True,True,False,False,True,False,True,False,True,False,False,True,False,False,False,True,False,False,False,False,False,True,False,False,False,False,True,False,False,True,True,False,False,False,True,True,False,False,False,True,False,True,True,True,False,True,False,True,True,False,False,False,False,False,False,False
051.Horned_Grebe,True,False,True,False,False,False,True,True,True,True,True,False,True,True,False,True,False,True,False,False,False,True,False,True,False,False,False,False,True,False,True,False,True,True,True,False,True,True,True,False,True,True,False,True,False,True,True,False,True,False,True,True,False,True,False,False,False,False,False,False,False,True,False,True,True,False,False,False,True,False,True,False,True,False,True,False,False,True,True,True,False,True,True,True,False,False,True,True,True,True,False,True,False,True,True,True,True,False,False,False,True,True,True,False,True,False,False,True,False,True,True,True,False,False,False,False,False,False,False,False,False,True,False,False,True,True,True,True,False,True,False,False,True,False,False,False,False,False,True,False,True,False,True,False,False,True,True,False,True,False,False,False,True,False,True,True,False,False,True,False,False,False,True,True,True,True,False,False,False,False,False,True,False,False,True,False,False,False,False,False,False,True,True,False,False,False,True,True,True,False,False,False,False,False,True,False,False,True,True,False,False,False,True,False,True,False,True,True,False,True,True,False,True,False,False,False,False,False,True,True,False,False,False,False,False,False,False,False,True,False,False,False,False,False,True,True,False,True,True,True,True,False,True,True,True,False,True,True,True,True,False,False,False,True,True,False,False,True,False,True,False,True,False,True,True,False,False,True,True,False,False,True,True,False,False,False,True,False,True,True,False,False,False,False,False,False,False,False,False,False,False,False,False,False,True,True,False,False,True,True,False,True,False,False,False,True,False,False,True,True,True,False
052.Pied_billed_Grebe,False,True,True,True,False,False,True,False,True,False,False,True,True,True,True,True,False,False,True,True,True,False,True,True,True,False,True,True,True,False,False,False,True,True,True,False,False,False,True,True,True,True,False,False,True,False,True,True,True,True,True,True,True,True,True,True,False,True,False,True,True,False,True,True,False,True,False,True,False,False,True,True,True,False,True,False,False,True,True,False,True,False,False,True,True,False,True,True,True,True,False,False,False,False,True,True,True,True,True,False,True,True,True,True,True,True,True,True,False,True,True,False,False,True,False,False,False,True,False,False,False,False,True,True,False,True,False,True,True,True,False,False,True,False,True,False,True,False,False,False,False,False,True,False,False,False,True,False,False,False,True,True,False,True,True,False,False,False,True,False,True,False,False,True,True,True,False,False,False,True,False,False,False,False,False,False,True,False,True,True,False,True,True,False,True,True,False,False,False,True,False,True,False,False,False,False,True,True,False,True,False,False,False,True,False,False,True,False,True,True,True,False,True,True,False,False,True,True,False,True,True,True,False,True,True,True,True,False,False,False,False,False,True,False,True,False,True,True,False,False,True,False,False,True,False,True,True,False,False,False,False,True,True,False,True,False,False,False,False,True,False,False,True,False,False,True,False,False,False,False,False,False,False,False,False,False,True,False,True,False,False,False,False,True,True,True,False,True,True,True,True,False,True,False,False,True,False,False,True,True,False,False,True,True,False,False,False,True,True,False,True,False
053.Western_Grebe,True,True,True,True,True,False,True,False,False,True,False,False,True,True,True,True,True,True,True,False,True,False,True,True,True,True,True,False,True,False,True,False,True,False,False,False,True,False,True,False,True,True,False,True,True,True,True,False,False,False,True,True,True,False,True,True,True,False,True,False,True,False,False,False,True,True,True,True,True,False,True,True,False,False,True,False,True,True,True,True,False,False,False,True,True,True,False,False,False,False,True,True,True,True,True,False,False,True,True,False,False,True,False,True,True,True,True,True,False,True,True,False,False,False,True,True,True,False,True,False,False,True,True,False,False,False,False,True,False,False,False,True,False,False,False,False,True,True,False,True,True,False,True,True,True,False,True,True,False,False,True,False,False,True,True,True,False,False,False,True,False,False,False,True,False,False,False,True,True,True,False,True,False,False,True,False,False,True,False,True,False,False,True,False,True,True,True,True,True,True,False,False,True,True,False,True,True,True,False,False,False,True,True,True,False,False,True,False,False,True,True,False,False,False,True,True,True,False,False,True,True,True,False,False,False,False,False,True,False,False,False,False,True,False,True,True,False,False,False,True,False,False,False,True,False,False,False,True,False,False,False,True,True,True,False,False,False,True,False,True,True,True,True,True,False,False,False,True,True,False,False,True,True,True,True,False,True,False,True,True,True,False,False,False,True,False,False,False,False,False,True,False,True,False,False,False,False,False,True,False,False,False,True,False,False,True,False,True,False,False,False,False
054.Blue_Grosbeak,False,True,False,True,True,False,True,False,False,True,False,True,True,False,False,True,False,False,False,True,True,False,False,True,True,True,False,False,False,True,True,False,True,False,False,False,True,True,False,False,False,False,False,True,True,True,False,True,False,False,False,True,False,True,True,True,True,True,True,True,True,False,True,True,True,True,False,True,True,False,True,False,True,True,False,False,True,True,True,False,True,True,True,False,True,True,True,False,True,False,True,True,True,True,False,False,False,False,True,False,True,True,False,False,False,False,False,False,False,False,True,True,True,True,False,False,False,False,True,True,True,False,True,False,False,False,True,False,False,False,False,True,False,False,False,False,True,True,True,False,True,False,False,True,False,True,True,True,False,False,False,True,True,True,True,False,True,False,False,True,False,False,False,True,False,False,True,False,True,False,False,True,True,False,False,False,False,False,False,False,False,True,False,True,False,True,True,False,True,True,True,True,False,False,False,False,False,True,True,False,True,True,True,False,True,True,True,False,True,False,False,False,True,False,False,True,True,False,True,True,False,False,False,False,True,False,False,True,False,False,False,False,True,False,True,True,False,True,False,False,True,False,False,False,False,False,True,False,True,False,False,True,True,False,False,False,False,False,False,False,True,False,False,True,True,True,True,True,False,True,True,False,True,False,True,True,False,True,False,False,False,False,False,False,False,True,True,True,False,False,False,True,False,False,False,True,False,True,False,False,True,True,False,False,True,True,False,True,True,False,False,False
055.Evening_Grosbeak,True,True,True,True,True,True,False,False,True,False,True,True,False,True,True,False,True,False,True,True,False,False,True,False,True,True,True,True,True,True,True,True,False,False,True,False,True,False,True,False,True,True,True,True,False,True,True,True,True,False,True,True,True,True,False,False,True,True,True,False,False,True,False,True,False,False,True,False,True,False,False,True,True,True,True,True,False,False,False,False,True,True,True,True,True,True,True,False,False,True,True,False,False,False,True,True,False,False,True,True,True,True,False,False,True,False,False,True,True,True,False,False,False,True,True,True,False,False,False,True,False,False,True,False,False,True,False,False,False,False,False,True,False,False,False,False,True,False,True,True,False,True,True,True,True,False,False,False,False,False,True,True,True,False,False,False,False,True,True,False,True,True,False,False,True,True,True,False,False,False,False,False,True,False,True,False,True,False,False,True,True,False,False,True,False,False,False,True,False,False,True,False,False,False,True,True,False,False,False,False,False,False,False,False,True,False,False,False,False,True,False,False,False,False,True,False,False,True,False,False,False,False,False,False,False,False,False,True,True,True,False,True,True,False,True,True,True,False,True,True,True,True,False,False,False,True,True,True,False,True,True,True,False,False,False,False,True,True,True,False,True,True,True,False,False,True,True,True,False,True,True,True,True,False,False,False,True,False,True,True,False,False,True,True,True,False,False,False,False,False,True,True,True,False,True,False,False,True,True,True,True,False,True,True,False,False,True,False,True,False,True,False
056.Pine_Grosbeak,True,True,True,False,True,True,False,True,True,True,True,False,True,True,True,True,True,False,False,True,False,True,True,True,True,True,True,True,True,True,False,False,True,True,True,False,True,True,True,False,False,True,True,True,True,True,False,True,False,True,True,True,True,False,True,True,False,True,False,False,False,True,True,True,True,True,True,False,True,True,True,True,False,True,True,False,False,False,True,True,True,True,True,True,False,False,False,True,False,True,True,True,False,True,True,True,False,True,True,True,True,True,True,True,True,True,True,False,True,False,False,True,False,False,False,True,False,False,True,True,False,False,True,False,False,True,True,False,True,False,False,False,True,False,True,False,False,True,False,False,False,False,True,True,False,True,False,False,False,False,False,False,True,False,True,True,False,False,True,True,True,True,True,True,False,False,False,True,False,False,True,True,False,False,True,False,True,True,False,False,False,True,True,False,False,False,True,True,False,True,False,True,True,True,False,False,False,False,True,False,True,False,True,False,False,True,True,True,False,False,True,False,True,False,True,False,True,False,False,False,False,False,True,True,False,True,False,True,False,False,True,False,True,True,True,False,True,False,True,True,True,True,False,False,False,True,True,False,False,False,True,False,False,False,False,False,False,False,False,False,False,False,False,False,False,False,True,False,False,False,False,False,False,False,False,True,True,False,False,False,True,True,False,False,False,False,False,False,True,False,True,True,False,False,False,True,False,False,False,False,True,False,False,False,False,False,True,False,False,False,False,True
057.Rose_breasted_Grosbeak,True,True,False,True,False,True,True,True,False,True,True,False,False,True,True,False,True,True,False,False,True,True,False,True,True,True,True,False,False,False,False,True,False,True,False,True,True,False,True,True,False,False,True,False,False,True,True,True,False,False,True,True,True,True,True,False,True,True,True,True,True,True,False,True,True,False,True,False,False,True,True,False,False,False,True,False,False,True,False,False,True,True,True,True,True,False,False,False,True,False,True,True,False,False,True,False,True,False,False,True,True,True,True,False,True,False,True,True,True,False,False,True,False,False,False,False,False,False,False,False,True,True,True,True,False,True,True,True,False,True,False,True,False,True,False,False,False,True,True,True,False,False,False,False,False,True,False,False,False,False,True,False,False,False,False,False,True,False,True,True,False,True,False,True,False,False,True,False,True,True,True,False,True,True,True,False,False,False,True,False,False,False,False,True,True,True,True,False,False,True,False,False,False,False,False,False,True,False,False,True,False,False,False,True,True,True,False,False,False,False,True,False,True,True,False,True,False,True,False,True,False,True,True,True,False,True,True,True,False,True,True,False,True,True,False,False,False,False,False,False,False,False,True,True,True,False,False,True,False,False,False,True,False,False,False,False,False,False,True,True,True,True,False,False,False,True,True,True,False,True,False,False,False,False,True,False,True,False,False,False,False,False,False,False,False,True,False,False,True,False,True,False,False,True,False,True,False,False,True,True,True,False,False,False,True,False,False,True,True,True,False,False
058.Pigeon_Guillemot,True,True,False,False,False,True,False,True,False,True,True,False,True,True,False,True,True,False,True,False,True,False,True,True,True,False,False,True,False,True,False,False,False,True,True,True,True,False,False,True,False,True,True,True,True,True,True,False,True,True,True,True,True,False,True,True,True,True,True,False,True,True,False,True,True,False,True,False,True,True,True,True,False,False,False,False,True,True,True,True,True,True,False,True,True,False,False,True,False,False,False,True,True,True,False,False,True,True,True,True,False,True,False,False,False,False,False,False,True,True,False,True,False,False,False,True,False,True,True,True,False,False,False,True,False,True,False,True,False,False,False,True,True,True,False,True,False,False,True,False,True,False,False,True,False,True,True,False,True,False,False,True,False,False,False,True,True,True,False,False,False,False,True,False,False,True,True,False,True,False,True,True,False,False,True,False,True,True,False,True,True,True,True,False,False,True,True,False,False,False,True,True,True,True,False,True,False,False,False,False,False,False,True,False,True,False,False,False,False,True,False,True,True,False,True,True,False,False,True,False,False,False,True,True,True,True,False,False,True,True,False,True,False,True,True,False,False,True,True,False,False,True,False,True,False,False,True,False,True,True,False,True,True,False,False,True,False,True,False,False,True,False,False,False,False,True,False,True,False,False,False,True,False,False,False,True,False,True,True,True,False,False,False,False,True,True,False,False,False,False,False,True,True,True,False,True,False,False,False,True,True,False,True,True,True,False,True,False,True,False,False,False
059.California_Gull,False,False,True,False,False,True,True,True,True,False,True,False,False,False,False,True,False,False,True,True,True,True,True,True,False,True,False,False,False,True,True,True,True,True,True,False,True,False,False,True,True,False,True,True,False,True,True,True,False,False,True,False,False,True,False,True,False,False,True,True,True,True,True,True,True,True,True,True,True,True,False,False,True,True,True,True,False,False,False,False,True,True,True,True,True,True,True,True,True,False,False,True,True,False,True,False,False,True,True,False,True,False,True,False,True,True,False,True,True,False,True,True,True,False,False,True,False,True,True,True,True,False,False,True,False,True,False,False,False,False,False,False,True,False,False,False,True,False,True,False,False,True,True,True,False,True,True,False,False,False,False,False,False,True,False,False,True,True,True,True,False,False,False,False,True,False,False,False,False,False,False,True,False,False,False,False,True,False,True,True,True,False,False,False,False,False,False,False,True,False,True,True,True,False,True,False,False,False,False,True,True,False,False,False,False,False,False,True,True,True,False,False,True,True,True,False,False,True,True,False,True,True,True,True,True,False,False,False,True,False,True,False,False,True,False,False,False,False,True,False,False,False,True,True,False,True,True,False,False,True,False,False,True,True,True,True,False,False,False,False,False,False,True,True,False,True,False,False,False,False,False,False,True,False,False,False,False,False,False,False,False,True,False,False,False,True,True,False,False,True,True,False,True,False,False,False,False,True,False,False,True,True,False,False,True,False,False,False,False,False,True,False
060.Glaucous_winged_Gull,False,True,False,False,False,False,True,True,True,True,True,True,True,False,False,False,False,True,True,True,True,False,True,False,True,False,False,False,False,False,True,True,True,True,True,False,False,False,True,True,True,False,True,False,False,True,True,False,True,True,True,True,True,False,False,True,True,True,True,True,False,True,False,True,True,True,False,True,True,False,True,False,True,True,True,True,True,True,True,True,True,True,False,True,True,True,False,False,False,True,False,False,True,False,False,True,True,True,True,True,False,True,False,True,False,True,True,True,False,False,True,True,False,False,False,False,True,True,False,False,True,True,False,False,False,False,False,False,False,True,False,False,True,True,True,False,False,False,True,True,False,False,False,False,False,True,False,True,False,True,True,True,False,False,True,False,True,False,False,True,False,False,True,True,True,False,True,True,False,True,False,True,False,True,False,True,False,False,True,False,False,False,True,True,False,True,False,False,False,True,False,False,False,False,False,False,True,False,True,True,True,True,False,True,False,False,False,True,True,False,False,True,True,False,True,True,False,True,False,False,False,False,True,False,False,False,True,True,True,False,False,True,True,True,False,True,False,False,False,False,True,True,False,True,False,True,True,False,False,True,False,False,False,True,False,True,False,False,True,False,True,True,False,True,False,True,False,True,False,False,False,False,True,False,False,False,True,True,False,True,False,True,True,False,False,True,False,False,False,False,False,False,True,False,False,True,False,False,False,False,True,True,False,False,False,False,True,True,True,True,True,False
061.Heermann_Gull,True,False,True,True,True,True,True,False,False,False,True,False,True,True,False,True,False,False,True,True,False,True,True,True,True,True,False,True,True,False,False,True,True,True,True,False,True,True,True,True,True,True,True,False,True,True,True,True,False,True,True,False,True,False,True,False,True,True,False,False,True,True,False,True,True,False,True,True,False,False,False,True,True,True,True,True,False,True,True,False,True,True,True,False,True,True,True,True,True,False,True,True,True,False,True,False,True,True,True,False,False,True,True,True,True,False,True,True,True,False,True,False,True,False,False,False,False,False,False,True,True,True,False,False,False,True,False,True,True,False,True,False,True,True,True,False,False,False,True,True,False,False,True,False,True,False,True,False,True,True,True,False,True,False,False,False,False,False,False,False,True,False,False,False,False,False,True,False,True,False,True,False,False,False,True,False,False,False,False,False,True,True,True,False,False,False,True,True,False,True,False,False,False,False,True,False,True,False,True,False,False,False,False,True,False,False,False,False,False,False,False,False,True,False,False,False,True,True,False,False,True,True,False,True,False,False,True,True,False,True,False,False,False,False,True,False,True,False,True,False,False,True,True,False,False,False,False,False,True,True,False,False,False,False,True,True,False,False,True,False,True,True,False,False,False,True,True,False,False,True,False,True,True,False,True,False,False,False,False,False,False,True,False,False,True,False,False,False,True,True,True,False,False,False,False,False,False,False,True,True,True,True,False,True,True,False,False,False,True,False,True,True
062.Herring_Gull,True,True,True,True,True,False,True,False,True,True,True,True,True,True,True,False,True,True,False,True,True,True,True,False,False,False,False,True,False,True,True,True,False,False,False,True,True,False,True,False,False,True,False,False,False,True,False,True,True,False,True,False,True,True,True,True,True,True,True,True,True,True,True,True,False,False,True,True,True,True,False,False,True,True,True,True,True,False,True,True,False,False,True,False,True,True,True,True,False,True,True,False,True,False,True,True,True,True,True,True,True,False,True,True,True,True,False,True,False,True,False,True,True,True,False,False,False,False,False,True,True,False,True,True,False,False,False,True,False,False,False,False,False,False,False,False,True,True,False,True,False,False,False,False,False,False,False,False,True,True,False,False,False,False,False,True,True,False,True,True,True,True,False,False,False,False,False,True,False,False,True,False,True,False,True,False,False,False,False,False,True,False,True,True,True,False,False,False,False,True,False,True,False,False,False,False,True,True,True,False,True,False,True,True,True,False,True,True,False,True,True,False,False,False,True,True,False,False,True,False,False,True,False,False,False,False,True,True,True,False,True,True,False,True,True,True,True,True,False,True,False,True,True,True,True,True,False,True,True,False,True,False,True,True,True,False,True,False,True,True,False,True,True,False,False,True,False,False,False,False,False,True,False,True,True,False,True,False,True,False,True,True,False,False,False,True,True,True,False,True,False,True,True,False,False,False,False,False,False,False,True,True,False,False,True,True,True,False,False,True,False,False
063.Ivory_Gull,True,True,True,True,False,True,False,False,False,False,True,True,False,True,True,False,True,True,True,False,False,True,False,False,True,True,True,False,True,False,True,False,False,True,True,True,True,True,False,True,True,True,True,False,False,False,True,False,True,False,False,False,True,False,True,True,True,False,False,True,False,True,False,True,False,False,False,True,False,True,True,True,False,False,True,False,True,False,True,True,True,True,True,False,True,False,True,True,False,True,True,True,True,True,False,False,True,True,False,False,True,True,False,False,True,False,False,True,True,False,True,False,True,False,False,False,True,True,False,True,True,True,False,True,True,True,False,False,False,True,False,True,True,False,True,True,True,False,False,True,True,False,True,False,False,True,False,False,False,False,True,False,False,True,False,True,False,False,True,False,True,True,False,True,True,False,False,False,True,True,True,True,True,False,False,False,False,True,False,False,False,False,False,True,True,False,False,True,False,False,False,False,False,False,False,False,False,False,False,True,False,False,False,True,True,False,True,False,True,False,False,False,False,False,True,True,False,True,True,True,True,False,False,False,True,False,True,False,False,True,True,False,False,False,True,False,False,True,False,False,False,False,False,True,False,False,True,True,False,False,False,False,True,False,False,False,True,False,True,False,False,False,False,False,False,True,True,True,True,False,False,False,False,True,False,False,False,False,False,True,False,True,False,False,True,True,False,False,True,True,True,True,True,True,False,False,False,False,True,False,True,True,True,True,True,False,True,True,False,True,True,False
064.Ring_billed_Gull,True,True,False,True,False,False,False,False,False,False,True,True,True,True,True,False,False,True,True,False,False,True,False,False,True,False,True,False,False,False,True,True,False,False,True,True,True,False,True,False,True,False,True,True,True,False,True,True,True,True,True,True,True,False,True,False,True,True,True,True,True,False,True,False,True,True,False,True,False,True,True,False,True,True,True,False,False,False,True,False,True,True,True,True,True,True,False,True,False,True,False,False,True,True,True,False,False,True,False,False,True,True,True,False,True,True,True,True,True,True,True,False,True,False,True,True,False,False,False,True,True,False,True,True,True,True,False,False,False,False,True,False,True,False,False,False,False,False,True,False,False,True,False,True,False,True,False,False,False,False,False,True,True,False,False,True,True,True,True,False,True,False,True,False,False,False,True,False,False,False,True,True,False,True,False,False,False,False,False,False,False,True,True,False,True,False,False,True,True,False,False,False,True,True,False,False,False,True,True,True,True,True,True,True,False,True,True,False,False,True,True,True,True,False,True,False,False,False,True,True,False,False,True,True,True,True,False,False,True,True,True,False,True,True,False,False,False,False,False,True,False,False,True,False,True,False,True,False,False,True,False,False,True,False,True,False,False,False,False,False,False,False,True,False,False,True,False,False,False,True,False,False,True,True,False,False,True,False,True,True,False,True,False,True,False,False,False,False,False,False,True,False,True,False,False,True,False,True,False,False,False,False,True,False,False,False,True,True,True,False,False,True
065.Slaty_backed_Gull,True,True,True,False,False,False,True,True,True,True,True,False,True,True,False,False,True,True,True,True,True,False,True,False,True,False,False,False,False,True,True,True,True,True,True,True,False,False,False,False,True,False,False,False,True,True,True,False,False,False,True,False,True,True,True,False,True,True,False,True,True,True,True,False,True,True,True,False,True,True,False,False,True,True,True,True,False,True,True,True,False,True,True,False,True,True,True,False,True,True,True,True,False,False,True,False,False,True,True,True,True,True,False,True,True,True,False,True,False,False,True,False,False,False,True,False,False,False,False,False,False,False,False,True,False,False,False,False,False,True,True,True,False,False,False,True,True,False,False,False,True,False,False,False,False,True,False,False,True,False,False,False,False,False,False,False,False,False,True,True,True,False,True,False,True,False,False,True,False,True,False,False,False,True,True,False,True,False,True,True,False,True,False,False,True,False,True,False,True,False,True,False,False,True,False,True,False,False,False,True,False,True,False,True,False,True,False,False,False,True,True,False,False,False,True,True,True,False,True,False,False,True,False,False,True,True,True,False,False,True,True,False,True,False,True,True,True,False,True,False,True,True,False,False,False,True,True,True,True,True,False,False,False,False,False,True,False,True,True,True,False,False,False,False,False,True,False,True,False,False,True,False,False,False,False,False,False,False,False,True,False,True,True,True,True,True,True,False,True,False,True,False,True,True,False,False,True,False,True,True,False,False,False,True,True,True,False,True,False,True,False,False
066.Western_Gull,False,True,True,False,True,True,True,False,True,False,False,False,False,True,False,True,False,True,True,True,False,True,False,True,True,False,False,False,True,False,True,True,False,True,False,False,True,True,True,True,True,True,False,False,True,True,False,False,True,False,True,False,True,True,False,True,True,False,False,False,True,True,True,True,True,False,False,False,True,False,True,True,True,False,True,True,False,False,True,True,True,True,False,False,True,False,False,False,True,True,False,True,True,False,False,False,True,True,True,False,True,False,True,False,False,True,False,True,False,True,True,True,False,False,True,False,False,True,False,True,True,False,True,False,False,False,True,False,False,True,True,True,False,True,False,False,True,True,True,False,False,False,False,True,False,True,True,True,True,False,True,False,True,False,False,True,False,True,True,True,True,True,True,False,False,False,True,True,False,True,False,True,False,True,True,False,False,False,True,False,True,True,False,False,True,False,True,False,False,False,False,False,False,False,False,False,False,True,False,True,True,False,True,True,True,False,False,False,False,False,True,False,False,True,True,False,True,True,False,False,False,True,False,False,False,False,False,False,True,False,True,False,False,False,False,False,True,True,True,False,False,True,False,True,False,False,False,False,False,False,False,False,True,True,False,False,True,True,False,False,False,True,True,True,False,False,False,True,False,True,True,True,False,True,False,False,False,False,True,False,False,True,True,False,True,False,False,True,False,True,False,True,False,True,False,True,False,False,True,True,False,False,False,False,True,False,True,True,False,False,False,False
067.Anna_Hummingbird,True,True,False,True,True,True,False,True,True,True,False,False,True,True,False,True,True,False,True,False,True,False,False,True,False,True,True,False,True,True,True,True,True,False,False,True,True,True,False,True,True,True,True,False,True,True,True,True,True,True,False,True,True,True,True,True,True,True,True,False,True,True,True,True,False,True,False,False,False,False,False,True,False,False,True,True,False,True,True,True,False,True,False,True,True,True,True,True,True,True,False,True,True,True,True,True,False,True,True,False,False,False,True,False,True,False,False,True,False,False,False,True,True,False,True,True,True,True,False,False,True,False,True,False,False,False,False,True,False,False,False,False,False,False,False,False,True,True,False,True,True,False,True,False,True,False,False,False,True,False,False,True,True,False,False,False,False,False,False,False,True,False,True,False,False,False,False,False,False,True,False,False,False,False,False,True,True,False,True,True,False,False,False,False,False,True,False,False,True,True,False,True,False,True,True,False,False,False,True,True,False,False,True,False,False,False,True,True,True,True,False,False,False,True,True,False,False,True,False,False,False,False,False,False,True,True,True,False,True,False,False,False,False,False,False,False,False,True,True,False,True,False,True,True,False,False,False,False,False,False,True,True,True,False,True,True,False,False,True,True,True,False,False,False,True,True,False,True,False,False,False,True,True,False,True,False,False,False,True,False,False,False,False,True,False,False,False,False,True,True,False,True,False,True,True,False,True,True,True,True,False,True,True,True,False,False,False,False,True,True,False,False
068.Ruby_throated_Hummingbird,False,False,False,True,True,False,False,False,False,True,False,False,True,True,False,True,True,False,True,True,True,True,True,True,False,False,True,True,False,True,False,False,True,True,True,True,True,False,False,True,True,True,False,True,True,True,False,False,True,True,False,False,True,True,True,True,True,True,False,False,True,True,True,True,False,True,False,True,True,True,False,True,True,True,False,True,True,True,True,True,True,False,False,True,True,True,True,False,True,False,True,True,False,False,False,True,True,False,True,True,True,False,True,False,True,True,False,True,True,False,True,True,False,True,True,True,False,True,True,True,False,False,True,False,False,False,False,False,True,False,True,True,False,False,False,False,False,True,True,False,False,True,False,False,False,False,False,False,False,False,False,False,False,True,True,True,False,True,False,False,False,True,False,True,True,True,False,False,True,False,False,True,True,True,False,False,False,False,True,False,True,True,True,False,True,True,False,False,False,False,True,True,False,False,True,True,False,False,True,False,False,False,False,True,True,True,True,False,True,True,False,False,True,True,False,False,True,True,False,True,False,True,True,False,False,True,False,False,True,False,False,False,False,False,False,False,False,False,False,True,True,False,True,True,True,False,True,False,False,False,False,True,False,False,False,False,False,True,False,False,True,False,True,False,True,True,False,True,True,False,False,False,False,True,False,True,True,False,False,True,False,False,False,True,True,False,True,False,True,False,False,True,True,False,False,True,True,False,True,True,True,False,False,False,True,False,False,True,True,True,False,True
069.Rufous_Hummingbird,False,False,True,True,True,True,False,True,True,True,True,False,False,False,True,True,True,True,True,True,True,False,True,False,True,True,False,False,True,True,True,False,False,False,False,False,False,False,False,False,True,False,True,True,True,True,True,True,True,True,True,True,False,False,False,True,True,True,True,True,True,False,False,False,False,True,False,True,False,True,True,True,True,True,False,True,False,True,True,True,True,True,False,False,False,False,True,True,True,True,False,True,True,True,True,True,False,True,False,False,True,False,True,False,False,True,False,False,False,True,True,True,True,True,True,True,False,False,False,True,False,True,False,False,False,False,False,True,True,True,False,False,True,False,True,True,True,True,False,True,True,False,True,False,True,True,True,False,True,False,True,False,False,True,False,False,True,False,False,False,False,False,False,True,False,True,False,False,False,False,True,False,False,False,False,False,False,True,True,False,True,False,True,True,True,False,True,True,False,True,False,False,False,False,True,False,False,True,False,True,False,True,True,True,False,True,True,False,False,False,True,False,False,False,False,True,False,False,False,True,True,True,False,True,False,True,False,True,False,True,True,False,True,True,False,True,True,False,False,False,False,False,False,True,False,False,True,True,False,False,False,False,True,False,True,False,False,False,False,False,True,True,True,True,True,True,False,False,True,True,True,False,False,False,False,False,True,False,False,False,True,False,False,True,False,False,False,True,True,True,True,False,False,False,False,False,False,True,False,True,False,True,True,True,False,True,False,False,True,False,False,True
070.Green_Violetear,True,False,True,True,True,True,True,False,True,False,True,True,True,False,True,True,True,True,True,False,True,False,True,True,True,True,False,False,False,False,False,True,True,True,True,True,False,True,False,False,True,False,False,True,True,True,True,True,True,False,False,False,True,False,True,False,False,True,True,True,False,False,True,True,True,False,True,False,False,True,True,True,True,True,False,False,False,False,False,True,False,True,False,True,False,True,True,False,True,True,False,False,True,False,False,True,True,True,True,False,True,True,False,True,True,True,True,True,True,True,False,False,True,False,True,True,False,True,False,True,False,False,True,False,True,True,False,False,False,False,True,False,False,True,False,False,True,False,True,False,True,False,False,False,False,False,True,False,True,False,False,True,False,False,True,False,False,True,False,False,True,True,False,True,True,True,False,True,False,True,True,False,False,False,False,True,False,False,False,False,False,True,False,False,True,True,False,False,True,False,True,False,True,False,False,True,False,False,False,True,True,False,False,True,False,False,False,True,False,True,True,True,False,False,False,True,True,False,True,False,True,False,False,False,True,False,False,True,False,False,True,False,False,True,True,False,False,True,True,False,False,True,True,False,True,False,False,True,True,False,False,True,True,False,True,True,False,False,False,True,True,False,False,True,False,False,False,False,False,True,False,False,True,True,False,False,False,False,False,False,True,False,True,False,False,True,False,False,True,True,False,False,False,True,False,False,True,False,False,True,True,False,False,False,True,True,True,True,False,False,False,False
071.Long_tailed_Jaeger,False,True,True,True,True,True,False,False,False,True,False,True,False,True,True,True,True,False,False,True,True,False,True,True,False,False,True,False,True,False,False,True,False,False,True,True,False,False,True,True,True,True,True,False,True,False,False,True,False,False,True,True,True,True,False,False,False,True,False,True,True,False,False,False,True,True,True,True,False,True,False,True,True,True,True,True,False,True,False,True,True,False,True,True,False,False,False,True,True,False,True,False,True,True,True,True,True,True,True,True,False,True,False,True,True,False,True,True,False,False,False,True,True,False,True,True,True,True,True,True,False,False,True,False,False,True,False,False,False,False,False,False,False,False,True,False,False,False,False,True,False,False,False,False,False,True,True,False,True,True,False,False,True,False,False,True,False,False,False,True,False,True,True,False,True,True,True,True,False,True,True,True,False,True,True,False,True,True,True,False,False,True,True,True,False,True,True,True,True,True,False,False,True,True,True,False,False,False,True,False,False,True,False,False,True,True,False,False,False,False,True,True,False,True,True,False,False,False,True,True,True,False,False,True,False,True,False,True,False,True,True,False,False,False,False,True,False,False,False,False,False,False,False,False,False,True,False,False,False,True,False,False,False,True,False,False,True,False,False,False,True,True,True,False,False,True,False,False,True,False,True,True,False,True,False,False,False,False,False,False,True,True,True,False,False,True,False,False,False,False,False,False,False,False,False,True,True,False,False,False,True,False,True,True,True,False,False,False,False,False,False,True
072.Pomarine_Jaeger,True,False,False,True,True,True,False,False,True,True,True,True,False,True,True,True,True,True,False,True,True,False,True,True,True,False,False,True,True,True,True,True,True,False,True,False,True,False,True,True,True,False,True,False,False,True,True,True,True,False,False,False,True,True,False,True,True,False,True,True,True,True,True,True,False,True,True,True,True,False,True,True,False,False,False,True,True,False,False,True,True,True,True,False,False,False,True,True,True,True,False,True,True,False,False,True,False,True,False,True,True,True,False,True,False,True,False,True,False,True,False,True,True,False,False,False,True,True,True,True,False,False,True,False,False,True,False,True,True,False,True,True,False,True,True,False,False,False,False,True,True,False,False,True,True,True,False,False,True,False,True,False,False,True,True,True,True,False,False,True,True,True,False,True,False,False,True,True,True,True,False,True,False,False,False,False,True,True,True,True,True,True,False,True,False,False,False,True,False,False,False,False,True,False,True,False,False,True,False,True,False,False,False,False,True,True,False,True,False,True,False,False,False,False,True,False,True,False,True,True,False,False,True,True,False,False,False,False,False,True,False,True,False,True,False,False,True,False,False,False,True,True,False,False,False,True,False,False,False,True,True,False,False,False,False,True,False,False,False,True,True,False,False,True,False,True,False,False,False,True,True,False,False,True,True,False,False,True,True,False,False,False,False,True,True,False,True,False,False,True,True,False,True,False,True,False,False,False,False,False,False,False,False,True,False,False,True,False,False,False,True,True
073.Blue_Jay,True,True,True,False,False,False,True,True,True,True,True,True,True,True,True,True,False,True,True,False,True,True,True,False,True,False,False,False,False,False,True,False,True,True,False,False,True,False,True,True,True,False,False,True,False,True,True,False,True,False,False,False,True,True,True,False,True,True,True,True,True,False,True,True,True,False,True,True,True,False,True,True,True,True,True,False,True,False,False,False,True,True,True,True,False,True,True,False,True,False,True,True,False,False,True,False,True,True,True,True,True,False,True,True,False,True,False,True,True,True,True,True,False,False,False,False,True,True,False,True,True,True,True,False,False,False,False,False,False,False,False,False,False,False,False,True,True,False,True,False,False,False,False,False,False,True,False,False,False,False,False,False,False,False,True,False,True,False,True,False,True,False,False,False,False,True,False,False,False,False,False,False,True,True,True,True,False,True,True,False,True,True,False,True,True,False,False,False,True,True,False,True,False,True,False,False,False,False,False,False,True,False,True,True,True,False,False,True,False,True,False,False,True,False,True,True,False,False,False,True,True,False,True,True,False,False,True,False,False,True,False,True,False,False,True,True,True,False,True,True,True,False,True,False,True,False,True,True,False,False,True,True,True,False,True,False,False,False,False,False,False,True,True,True,True,True,True,False,False,False,False,False,False,True,True,False,True,False,False,True,False,False,False,False,True,False,True,False,False,True,False,False,False,True,False,True,False,False,True,False,False,False,False,False,False,False,False,True,True,True,False,False
074.Florida_Jay,True,False,True,True,True,True,False,False,True,True,True,False,False,True,False,False,True,False,True,False,False,False,True,True,False,True,False,False,True,True,False,True,True,False,True,False,False,True,False,True,True,False,False,True,True,True,True,False,True,True,True,True,True,False,True,False,False,False,True,True,True,False,True,False,True,True,True,True,True,True,True,True,True,False,True,True,True,True,True,True,False,True,True,True,True,False,False,True,True,False,True,True,False,False,True,True,True,True,False,False,True,True,True,True,False,False,True,False,True,True,True,False,False,False,True,False,False,False,False,False,True,False,False,False,False,False,False,False,False,False,False,False,False,False,False,True,False,False,True,False,False,True,True,False,True,False,False,True,False,True,False,False,True,False,False,True,False,False,True,True,False,False,False,False,True,True,False,False,True,True,False,True,False,False,True,False,False,False,True,True,False,False,False,True,False,False,True,False,True,False,False,True,False,False,True,False,False,False,False,False,True,False,False,True,True,True,False,True,True,False,False,True,False,True,False,True,True,False,False,False,True,True,True,False,True,False,True,True,False,True,False,False,False,False,False,False,False,True,True,True,False,True,False,False,False,False,False,False,False,True,True,True,False,True,True,False,False,False,True,True,True,False,True,False,False,True,False,False,False,False,False,False,True,False,True,False,False,True,False,False,True,True,False,True,True,False,True,False,True,True,False,False,False,False,True,False,False,True,True,False,False,False,False,False,False,True,False,False,False,False,True,True
075.Green_Jay,True,True,False,True,False,True,False,True,False,True,False,False,False,True,False,False,True,False,True,False,True,True,False,False,True,False,False,False,False,True,True,True,True,True,False,False,True,False,False,False,False,True,True,False,True,False,False,False,True,True,False,True,False,False,False,False,False,True,False,True,True,True,False,True,True,False,True,False,False,True,True,True,False,False,False,False,True,False,True,True,True,False,False,True,True,True,True,True,True,True,False,True,False,True,True,False,True,True,True,True,True,False,True,True,True,True,False,True,True,True,False,False,False,False,True,True,False,True,True,True,False,False,False,False,False,False,True,False,True,False,False,False,False,False,False,False,False,False,False,True,True,True,True,False,False,False,False,False,False,False,True,False,False,True,False,False,False,False,False,True,True,False,False,True,False,True,True,False,False,True,True,False,False,True,False,False,False,True,False,False,True,False,False,False,True,True,False,False,False,True,True,False,True,True,False,True,True,True,False,True,False,False,False,True,False,False,False,True,False,True,True,False,True,True,True,False,False,False,True,False,False,False,False,False,False,False,False,False,False,True,False,True,True,False,False,False,True,False,True,True,True,False,False,True,False,True,True,False,False,False,False,False,False,True,True,False,False,True,False,True,True,False,False,False,False,False,True,False,True,True,False,False,True,False,False,False,False,True,False,False,True,False,True,False,True,False,False,False,False,False,False,False,False,False,True,False,True,True,True,False,False,True,False,False,False,False,True,False,True,False,False,True
076.Dark_eyed_Junco,False,True,True,True,False,True,False,True,True,False,False,True,True,True,True,True,False,False,False,True,False,True,True,False,False,False,True,True,False,True,False,True,False,True,False,True,False,True,True,False,False,False,False,True,False,False,True,True,True,True,True,True,False,False,True,False,False,False,False,True,False,False,False,True,True,True,True,False,True,False,True,False,False,True,False,True,True,False,False,True,True,True,False,True,True,True,True,False,False,True,True,True,True,False,False,True,True,True,True,True,True,False,True,False,True,True,True,False,True,False,True,True,False,True,False,True,True,True,False,False,True,False,False,True,False,False,False,True,False,True,False,False,True,True,False,False,True,True,False,True,False,False,False,False,False,False,False,False,False,False,False,False,False,False,False,False,False,True,False,False,False,False,True,True,True,True,False,True,False,False,False,False,True,False,True,False,True,False,False,False,True,True,False,False,False,False,False,True,False,True,False,True,False,False,True,False,False,False,False,False,True,False,True,True,False,True,True,False,True,False,True,False,False,False,False,False,True,False,False,False,False,True,True,False,False,False,True,False,False,True,True,False,True,True,False,False,False,False,False,False,True,True,True,False,True,True,False,False,False,True,False,False,True,True,False,False,False,False,True,False,True,False,False,False,False,False,False,False,True,False,False,False,False,True,True,False,True,False,True,False,False,True,True,True,False,True,False,True,True,True,False,False,False,False,False,True,False,False,False,False,False,True,False,True,False,False,False,False,True,True,True,True
077.Tropical_Kingbird,True,True,False,True,False,True,False,True,True,True,True,True,True,True,True,True,True,True,False,True,False,False,False,False,True,False,True,False,False,True,True,True,True,True,True,True,False,True,False,True,False,False,True,False,False,False,True,True,True,False,True,True,False,True,False,True,False,True,True,True,True,True,False,True,True,False,True,False,True,True,True,False,True,True,True,True,False,True,False,False,True,False,False,True,True,False,False,True,False,True,True,False,True,True,False,True,True,True,False,True,True,False,False,True,True,True,True,True,False,False,True,True,False,False,True,True,False,False,False,False,False,True,False,False,False,True,True,True,True,False,True,False,True,False,True,False,False,False,True,True,True,False,True,True,True,True,True,True,False,True,False,False,False,True,True,False,False,True,True,False,False,False,False,True,True,True,True,True,True,False,True,True,True,False,True,True,False,True,False,False,False,False,False,False,False,True,False,False,True,True,False,False,True,True,False,False,False,False,False,False,True,False,False,False,True,False,False,False,False,True,False,False,True,True,True,True,False,False,False,False,False,False,False,False,False,False,True,True,True,True,False,False,True,False,False,True,True,False,True,False,False,False,False,False,True,False,False,False,True,True,True,False,False,False,False,False,False,True,False,True,True,True,False,False,True,False,True,True,False,False,False,False,True,True,False,True,False,False,False,True,False,False,False,False,False,True,True,False,True,False,True,False,True,True,False,True,False,True,False,False,False,True,True,False,True,True,True,True,False,False,True,False
078.Gray_Kingbird,True,False,False,True,True,False,False,False,False,False,False,True,True,True,False,True,True,True,True,True,False,False,False,False,True,False,True,False,False,False,True,False,True,True,False,False,True,True,True,False,False,True,True,False,True,True,False,False,True,False,True,True,True,False,False,True,False,False,True,True,True,False,True,False,True,True,True,True,False,False,False,True,False,False,True,False,True,True,True,True,True,True,True,True,False,False,True,True,False,True,False,True,True,False,True,False,True,True,True,True,True,True,True,True,True,False,False,True,False,False,False,False,False,False,False,False,False,False,True,True,False,False,True,True,False,True,False,False,False,True,True,True,True,False,True,False,True,False,True,True,False,False,False,True,True,True,True,False,True,False,False,True,False,True,False,True,True,True,True,True,False,False,True,False,True,False,False,True,False,True,True,False,False,True,True,True,False,False,False,False,False,False,True,True,True,False,True,True,False,True,False,False,False,False,True,False,True,False,False,False,False,True,True,False,False,True,True,False,False,True,False,True,True,False,True,False,False,False,False,False,True,True,False,True,True,False,False,True,False,True,False,True,False,False,False,True,False,False,True,True,False,True,False,False,True,True,True,True,False,False,False,True,False,True,False,True,False,True,False,True,True,True,False,False,False,False,False,True,False,False,False,False,True,False,False,True,False,False,True,False,False,False,False,False,False,False,True,False,True,True,False,False,True,True,True,False,False,True,False,False,True,False,True,False,False,False,False,True,False,False,False,False
079.Belted_Kingfisher,True,True,True,True,False,True,True,False,False,True,True,True,False,False,True,True,True,True,False,True,False,False,True,False,False,False,True,False,True,True,False,True,True,False,True,True,True,False,True,True,False,True,True,True,True,True,False,False,False,True,True,False,False,True,False,True,False,False,False,False,False,False,True,True,True,True,True,True,True,False,True,True,True,True,False,False,True,True,False,True,True,False,True,False,True,False,True,True,True,True,False,True,True,True,True,False,False,True,False,True,True,True,True,False,True,False,False,True,False,True,True,True,False,True,True,True,False,True,False,False,False,False,False,False,False,False,True,False,False,False,True,False,False,False,False,True,True,False,False,False,False,True,True,False,False,False,True,True,False,False,False,False,False,False,False,False,True,True,False,False,True,True,False,True,False,True,False,True,True,True,False,False,True,False,False,False,False,True,True,False,True,False,False,False,True,True,True,False,False,False,True,False,True,True,False,False,True,False,False,False,True,False,False,False,False,False,False,False,True,False,False,True,False,False,True,False,False,True,True,True,False,False,False,True,False,False,False,False,False,False,False,True,False,True,False,False,False,True,True,True,True,True,False,False,False,True,True,True,False,False,False,False,True,False,True,True,False,False,True,False,False,True,True,True,False,True,True,False,False,True,True,False,True,False,False,False,False,True,False,True,False,False,False,True,False,False,False,False,True,True,False,True,False,True,True,False,False,False,True,False,False,False,False,False,True,False,False,False,False,False,True,False
080.Green_Kingfisher,False,True,True,True,True,True,False,False,True,True,True,True,True,False,True,False,True,False,False,True,False,False,False,True,True,True,True,True,True,False,True,False,True,True,False,False,True,False,False,False,False,True,False,True,True,False,True,False,True,False,False,False,True,True,True,False,False,True,True,False,True,False,True,False,False,True,True,False,False,True,False,False,True,False,False,True,True,True,False,False,True,False,True,False,True,True,False,False,False,True,True,True,True,False,True,False,True,True,False,True,True,False,False,True,True,True,True,False,True,True,True,True,False,False,False,True,False,True,True,False,False,True,True,True,True,True,True,False,True,True,True,False,True,False,False,True,False,False,False,False,True,True,True,False,True,False,True,True,True,False,False,True,False,False,False,True,False,True,False,False,False,True,False,False,False,True,False,False,True,True,False,True,False,False,True,True,False,True,True,True,False,False,True,True,False,False,False,False,False,False,False,True,True,True,True,False,True,False,True,False,False,False,False,True,False,False,False,False,False,True,False,False,False,False,True,False,True,True,False,False,True,False,True,False,False,False,True,True,True,True,False,True,False,True,False,False,False,False,True,False,False,False,False,True,False,True,False,False,False,False,True,False,False,False,False,False,False,False,True,True,False,True,False,False,True,False,False,False,True,False,False,False,True,False,False,False,True,False,False,True,False,False,True,True,False,False,False,False,True,False,True,True,True,True,False,False,True,False,False,False,False,False,True,False,True,True,True,True,False,False,True,False
081.Pied_Kingfisher,False,True,True,True,True,True,True,True,True,True,False,False,False,False,True,False,True,True,False,True,True,True,True,True,False,False,True,True,False,True,False,False,True,True,False,True,True,False,False,False,True,False,True,True,False,False,True,True,True,False,True,False,True,False,True,False,False,False,True,True,False,False,True,False,True,True,True,False,False,True,False,True,False,True,True,True,True,True,True,True,True,True,True,True,False,True,True,True,True,False,True,True,False,True,True,False,True,True,True,True,False,True,True,False,True,False,False,True,True,True,False,True,False,True,False,True,False,False,True,False,False,False,False,True,False,False,False,False,False,False,False,False,False,True,True,False,False,False,False,False,True,False,True,False,False,True,False,False,False,False,False,False,False,False,True,True,False,False,False,False,False,True,False,False,True,True,True,True,True,True,True,False,False,False,False,True,False,False,False,True,False,False,False,False,False,False,False,False,False,False,True,False,True,False,False,False,False,False,False,False,False,False,False,False,False,True,False,True,False,False,False,False,False,True,False,False,True,True,True,True,True,False,False,False,True,False,False,False,True,False,True,True,True,False,True,True,False,False,False,True,False,True,False,True,False,False,False,False,True,False,True,False,True,False,False,False,True,False,False,False,False,False,True,True,True,False,True,False,False,True,False,False,False,True,True,False,False,True,False,False,True,False,True,True,False,True,False,True,True,False,False,True,False,False,False,False,True,True,False,True,False,False,True,False,False,True,False,True,False,False,False,False
082.Ringed_Kingfisher,True,True,True,True,True,True,False,True,True,True,True,False,True,True,False,True,False,True,False,False,True,True,True,True,True,True,False,False,False,True,True,True,True,True,False,False,False,True,True,True,True,True,False,False,True,True,False,True,False,True,False,False,False,False,True,False,True,False,True,False,True,False,True,False,True,False,False,True,True,True,False,False,True,True,True,True,False,True,True,True,True,True,False,False,True,True,True,True,True,True,True,True,True,True,False,False,True,True,False,True,True,True,False,False,True,False,True,True,False,False,True,True,False,False,True,True,False,True,False,False,True,False,True,False,False,False,False,True,False,False,False,False,False,True,False,True,True,False,False,False,True,False,False,False,False,False,True,False,False,False,True,True,False,True,True,False,False,True,True,False,True,True,True,True,False,False,False,False,False,True,True,False,False,True,True,True,True,False,False,False,True,True,False,False,False,False,False,False,False,False,False,False,False,True,False,False,True,False,False,True,False,False,False,False,True,False,False,True,True,False,False,True,False,False,True,True,True,False,False,False,True,False,False,False,False,False,False,True,True,False,False,True,False,True,False,False,False,False,False,True,False,False,False,False,True,True,True,True,False,True,False,False,True,False,False,True,False,False,False,False,True,False,True,False,False,False,False,False,False,True,True,False,True,False,True,False,True,False,True,True,False,False,True,False,True,True,True,True,False,True,True,True,False,True,False,True,False,False,True,False,False,False,False,False,True,True,False,False,False,False,False,True
083.White_breasted_Kingfisher,False,True,True,False,False,False,True,False,False,False,False,False,False,True,False,False,True,True,True,True,True,False,True,False,True,True,False,True,False,True,False,True,True,True,True,True,False,True,False,True,False,True,True,True,True,False,True,True,False,True,True,False,True,True,False,True,False,False,True,False,False,True,False,False,True,True,False,True,False,True,False,False,False,False,True,False,False,False,True,True,True,True,True,False,True,False,True,False,True,False,False,False,True,True,True,True,True,True,True,True,True,True,False,True,True,True,False,False,False,True,True,True,False,True,True,False,False,True,True,True,True,True,True,False,True,False,False,True,True,True,True,False,False,False,True,False,False,False,True,True,False,False,False,False,False,False,False,True,True,True,False,False,False,False,True,False,False,False,False,True,False,False,True,True,True,False,False,False,False,True,True,True,False,False,False,False,False,False,False,True,False,True,False,False,False,False,False,True,True,False,False,True,False,False,True,False,False,True,False,False,True,False,False,False,True,True,False,False,True,True,False,False,False,True,True,True,False,False,True,True,False,False,True,True,True,True,False,False,False,False,False,False,False,False,False,False,False,True,True,True,False,False,True,True,True,True,False,False,False,True,False,True,False,False,False,False,True,False,False,False,True,False,False,False,True,False,True,True,True,False,False,True,False,True,True,False,False,False,True,True,False,False,True,False,False,False,False,True,True,True,False,True,True,True,True,True,False,True,True,False,False,False,False,False,False,False,True,False,False,False,False,False
084.Red_legged_Kittiwake,False,True,True,True,True,True,True,False,False,True,True,True,False,True,False,True,True,True,False,True,True,True,False,True,True,False,False,True,True,True,True,True,True,True,True,True,False,True,False,False,True,False,False,False,True,False,True,True,False,True,True,False,False,True,False,False,True,False,True,True,True,True,True,True,True,True,True,True,True,True,False,False,True,False,True,False,True,False,False,False,False,True,False,True,False,False,True,False,True,False,False,True,False,True,True,False,False,False,True,True,False,True,False,True,True,False,True,False,False,True,True,False,False,True,True,False,False,True,True,False,True,True,True,False,False,True,False,True,False,False,False,False,True,False,True,False,True,True,False,False,False,False,True,False,False,True,False,True,True,False,False,True,False,True,True,True,True,True,True,False,False,False,True,False,False,True,False,False,False,True,True,True,False,True,True,False,False,True,True,False,False,True,False,False,False,False,False,True,False,False,False,False,True,False,False,False,True,False,True,True,False,False,True,False,True,False,False,True,True,True,False,False,False,False,False,True,True,True,True,False,False,False,False,True,True,False,False,True,True,False,False,False,True,False,True,False,False,False,False,True,False,False,True,False,False,True,True,False,False,True,False,False,True,True,False,True,False,True,False,True,False,False,False,False,False,True,False,True,True,False,False,False,False,False,False,False,False,True,False,False,True,False,True,False,False,True,False,False,False,True,True,False,False,True,False,False,True,False,True,False,False,False,False,False,False,False,False,False,False,False,True,True
085.Horned_Lark,True,False,True,True,True,True,True,True,False,False,False,True,True,True,False,False,False,True,True,False,True,True,True,False,False,True,False,False,False,True,True,True,True,True,True,True,True,False,True,True,True,True,True,False,False,False,True,False,True,False,True,True,False,False,False,True,True,False,False,False,True,False,False,True,False,True,False,True,False,False,True,False,True,False,True,False,False,True,False,False,False,True,True,True,False,False,False,True,True,False,False,True,False,True,True,True,True,False,True,True,True,True,True,True,True,True,False,True,True,False,False,False,True,False,False,False,True,False,True,False,False,True,True,False,False,False,False,True,False,False,False,True,False,False,False,True,False,True,False,False,True,False,False,False,False,False,False,False,True,False,False,True,False,False,True,False,False,False,False,True,False,True,False,True,False,False,True,True,True,True,True,False,False,False,True,False,False,True,True,False,False,True,True,True,True,False,False,True,True,False,False,False,False,True,True,False,False,True,False,False,True,False,True,False,False,True,False,True,False,False,True,True,False,False,True,True,False,False,False,True,True,False,False,True,True,True,False,False,True,False,True,False,True,True,True,False,False,False,False,False,False,False,True,False,False,False,True,False,False,False,False,False,False,True,False,False,False,False,False,False,False,True,False,False,True,False,False,True,False,False,False,True,False,True,False,False,True,True,True,True,False,False,False,False,False,True,False,False,True,False,False,False,False,False,False,True,False,False,True,False,True,False,False,False,False,False,False,True,False,True,False,True
086.Pacific_Loon,False,False,True,True,True,True,True,True,False,False,True,True,True,True,True,True,True,False,True,True,False,True,True,True,False,True,False,True,False,False,True,False,True,True,True,False,True,False,True,False,False,True,True,False,True,True,True,False,True,True,False,False,True,True,True,False,True,True,True,True,False,True,True,True,True,False,True,True,True,False,True,True,True,True,False,False,False,True,True,True,False,True,True,False,False,True,False,True,True,True,False,True,False,False,True,False,True,False,True,True,False,True,True,True,False,False,False,False,True,False,False,True,False,False,True,True,False,True,True,True,False,False,True,True,True,True,False,False,False,True,True,False,True,True,False,True,False,True,True,False,True,False,False,False,False,True,False,True,False,False,False,False,True,False,False,False,True,False,True,False,True,True,True,False,False,True,True,False,True,True,False,False,False,True,True,True,False,False,False,False,True,False,True,False,True,False,False,False,True,False,True,True,True,False,True,False,True,False,True,False,False,True,False,True,False,True,False,False,False,False,False,True,True,False,False,True,True,False,True,False,True,True,False,False,False,False,False,False,False,True,True,False,False,False,True,True,False,False,True,False,True,False,True,False,False,False,False,True,True,True,False,True,True,False,False,True,False,True,False,False,False,False,True,False,True,False,False,True,False,False,False,False,False,True,False,True,False,True,False,True,True,True,True,False,False,True,True,False,False,False,False,True,False,False,False,False,True,False,False,True,True,False,False,True,True,False,True,False,False,True,False,False
087.Mallard,True,True,True,True,True,False,False,False,True,False,True,True,False,True,True,True,True,False,True,True,False,False,False,False,False,False,True,False,True,False,True,True,False,True,False,False,True,False,True,True,True,True,False,False,True,False,False,False,True,False,False,True,True,True,False,True,False,False,True,True,True,False,False,True,True,False,False,False,True,True,True,False,False,True,True,True,False,True,False,False,False,False,False,True,True,True,True,True,True,True,True,False,True,False,False,True,False,True,True,True,False,True,False,False,True,True,False,True,False,True,False,True,False,True,False,True,True,False,False,False,False,False,True,True,True,True,False,True,False,False,False,True,False,False,True,False,False,False,True,False,False,False,False,False,False,True,False,False,True,False,False,True,False,False,False,False,False,False,True,True,True,False,False,False,False,False,True,False,False,False,True,False,False,False,False,True,False,False,False,False,True,False,True,False,False,False,True,True,False,False,False,False,True,True,False,False,False,False,True,True,False,True,False,False,False,False,False,False,False,True,False,True,True,False,True,True,False,False,False,False,True,False,False,True,True,False,False,False,False,True,False,True,False,True,True,False,False,False,False,False,False,False,False,True,True,False,False,False,True,False,True,False,True,True,False,False,False,True,False,False,True,True,True,True,False,True,True,False,False,False,False,True,True,False,False,False,True,False,False,True,False,False,False,False,True,False,False,True,True,False,False,True,False,True,False,True,False,True,False,False,True,False,False,True,False,True,False,False,True,True,False,True
088.Western_Meadowlark,True,True,False,False,True,True,True,True,True,True,False,True,True,True,True,False,True,True,True,True,True,False,True,True,True,False,False,True,False,False,True,False,False,False,True,True,True,True,False,False,True,True,False,False,False,True,False,False,True,True,True,False,False,True,False,False,True,True,True,False,False,False,True,False,False,False,True,False,True,True,True,False,True,False,True,True,True,True,False,True,False,False,False,False,False,False,True,True,True,True,True,True,True,True,False,False,True,True,True,True,True,True,False,True,False,True,True,True,False,True,True,True,False,False,False,False,True,False,True,True,True,True,True,False,False,False,False,True,False,True,False,True,False,True,True,True,True,False,False,True,False,True,True,True,False,True,True,False,True,False,True,False,True,False,True,False,False,False,True,False,False,True,False,True,True,False,False,False,True,False,False,False,True,True,False,True,False,False,False,False,False,False,True,True,False,False,False,True,False,False,False,False,False,False,True,True,False,True,False,False,False,False,True,False,False,True,False,False,False,False,False,False,True,False,False,False,True,True,False,False,False,True,False,False,False,True,False,False,True,False,True,False,False,True,True,False,True,True,False,True,True,True,False,True,True,False,False,False,False,True,True,False,True,False,True,False,False,False,False,True,True,False,True,False,False,True,True,True,False,True,False,False,True,False,False,False,False,False,True,False,True,True,False,False,False,False,True,True,False,True,True,False,False,False,True,False,False,False,False,True,True,False,False,False,True,True,True,False,True,True,False,True
089.Hooded_Merganser,False,True,True,True,False,False,False,True,False,True,True,False,True,False,False,False,False,False,False,True,True,True,True,False,False,False,True,True,True,True,True,True,True,False,False,True,False,True,True,False,False,False,True,True,True,True,True,False,False,True,True,True,True,True,False,False,False,True,True,True,False,True,True,True,True,True,True,False,True,True,True,False,True,True,False,True,False,True,False,False,True,False,True,True,False,True,True,True,False,True,True,False,False,True,True,True,False,False,False,False,True,True,True,True,False,False,True,True,True,True,True,True,True,True,False,False,False,False,True,False,False,False,False,True,False,False,False,True,False,False,True,True,False,False,False,False,True,True,False,True,True,False,False,True,True,False,False,False,False,True,True,False,False,False,False,True,False,True,True,False,True,True,True,True,False,False,False,False,False,False,True,False,True,True,False,False,True,False,False,True,False,False,False,True,False,False,True,True,False,True,False,True,False,False,False,False,True,False,False,False,True,False,False,True,True,True,False,True,False,False,False,False,False,False,False,True,False,False,True,False,True,True,True,False,False,True,False,True,True,True,True,False,False,True,False,False,True,False,False,False,True,True,False,False,False,False,True,True,False,False,True,False,True,False,True,True,False,True,False,False,True,True,True,False,False,True,True,False,True,True,False,False,False,True,True,True,True,True,True,False,True,False,True,True,False,False,False,False,True,False,False,False,True,False,True,True,True,False,False,False,True,True,True,False,False,True,True,False,False,False,False,False
090.Red_breasted_Merganser,True,False,True,True,True,False,True,True,True,True,True,True,False,True,True,False,True,True,True,True,False,True,True,True,False,False,True,False,False,False,True,False,False,False,True,False,False,True,False,True,False,True,False,True,False,True,True,True,True,True,True,False,False,True,True,True,False,True,True,True,True,True,True,True,False,True,False,False,False,True,True,True,True,False,True,True,True,False,False,True,False,True,True,True,True,True,True,True,False,False,True,True,False,True,True,True,False,False,True,True,True,True,False,True,True,True,False,True,True,False,True,True,False,True,True,False,False,False,True,False,False,False,False,False,False,True,True,True,False,False,False,False,True,False,False,False,False,False,True,True,False,True,False,True,True,False,True,False,True,False,False,True,False,False,True,False,False,False,True,False,False,False,False,False,False,True,True,True,True,True,True,False,True,True,True,True,False,False,False,False,False,True,True,True,True,False,False,False,False,True,False,True,False,True,False,True,True,False,False,False,False,False,True,True,False,True,True,True,False,False,False,False,False,True,False,False,False,True,True,False,False,False,False,False,False,False,False,True,False,False,False,False,True,True,True,True,True,True,True,False,False,False,True,False,False,False,False,False,False,False,False,True,True,False,True,False,False,False,False,False,False,True,True,False,False,True,True,False,False,True,False,True,True,False,False,False,False,False,False,False,True,True,False,True,False,True,True,True,True,True,False,True,False,True,False,False,False,True,False,False,False,True,False,False,False,False,False,False,True,False,False,False
091.Mockingbird,True,False,True,False,True,False,True,False,True,True,True,False,False,False,False,True,True,False,True,True,True,False,True,True,False,False,True,True,True,False,True,False,True,False,False,True,False,True,True,False,True,True,True,True,True,True,False,False,False,True,False,False,True,True,False,False,True,False,True,False,False,False,True,True,False,True,True,True,True,True,True,True,True,True,True,True,True,False,True,True,True,True,True,False,True,True,False,True,True,True,False,True,True,True,True,False,True,False,False,True,False,False,True,False,False,True,True,True,True,True,False,True,True,False,True,False,False,True,False,False,True,False,True,True,False,False,False,False,False,True,True,True,False,False,False,True,False,True,True,False,True,True,True,True,False,True,False,False,True,True,True,False,True,True,False,False,False,True,False,False,True,True,True,False,False,True,False,False,True,True,False,False,False,False,False,False,False,True,True,True,False,True,False,False,False,True,False,True,True,False,True,False,True,False,True,True,False,False,False,True,False,False,True,False,False,True,False,False,False,False,True,False,False,True,False,False,False,False,True,True,False,True,False,False,False,True,False,True,False,False,False,False,True,True,False,True,False,True,False,False,True,False,True,True,False,True,True,True,True,True,True,True,False,True,True,True,True,True,True,True,False,True,False,True,False,True,False,False,False,False,False,False,True,False,False,True,True,False,False,True,False,True,False,True,False,False,True,True,False,False,True,False,False,False,True,True,False,False,False,False,True,False,True,True,False,True,False,False,False,False,True,True
092.Nighthawk,True,False,False,False,False,True,False,True,True,True,False,False,True,True,False,False,True,True,False,True,True,True,True,False,False,True,False,True,True,False,True,True,True,False,False,True,True,True,True,True,True,False,False,True,True,False,True,False,True,True,False,True,True,True,True,True,True,True,False,True,True,True,True,False,False,False,True,False,True,False,True,True,True,True,True,False,True,True,False,True,False,True,True,False,True,True,True,False,False,False,False,True,True,False,True,True,False,True,False,False,True,False,True,True,False,True,True,False,False,False,False,False,True,True,False,False,False,True,False,False,False,True,False,True,False,False,True,False,False,False,False,True,False,True,True,True,True,False,False,False,True,True,False,False,False,False,False,True,False,False,False,False,True,False,False,False,True,False,False,True,False,True,False,True,True,False,True,True,False,True,True,False,False,False,False,True,True,True,False,False,True,True,False,True,True,True,False,False,True,False,True,False,False,False,True,False,False,False,False,False,True,True,False,True,True,False,True,False,False,False,False,True,True,False,True,False,False,False,True,False,False,True,False,False,False,False,True,True,False,True,False,False,False,False,False,False,True,False,True,False,False,False,False,True,False,True,True,False,False,False,False,False,False,False,False,False,True,False,False,False,False,False,False,True,False,True,False,False,False,True,False,True,False,True,True,False,False,False,True,True,False,False,True,True,True,False,False,False,False,False,False,True,True,False,True,True,False,False,False,False,False,True,False,True,False,False,True,True,False,False,True,False
093.Clark_Nutcracker,False,True,True,False,True,False,True,True,True,False,True,False,True,False,False,True,True,False,True,True,True,False,False,True,True,False,True,False,True,False,True,True,False,False,True,True,False,False,False,True,True,True,True,True,True,True,False,True,True,False,True,False,False,False,False,True,True,True,True,True,False,True,False,False,False,True,False,False,False,False,False,True,False,False,True,True,True,True,True,True,True,True,True,True,True,True,True,False,True,False,False,True,False,False,False,False,True,True,True,True,False,False,True,False,False,True,True,False,True,False,True,False,False,False,False,True,True,False,False,True,False,False,False,True,False,True,False,False,True,False,True,True,False,True,True,False,True,False,True,False,True,False,True,False,False,False,False,False,True,False,True,True,False,False,False,True,True,True,True,True,False,False,False,False,False,False,False,True,False,False,False,False,True,False,True,False,False,True,True,False,False,True,False,False,True,True,False,True,True,False,True,True,False,False,False,False,True,False,False,False,False,True,False,False,True,True,True,True,False,False,False,False,True,True,False,True,False,True,False,False,False,False,False,False,False,True,False,False,False,False,False,False,False,False,False,False,True,False,True,True,True,True,False,True,False,False,False,False,False,False,False,False,False,True,True,True,True,False,False,False,False,False,False,False,False,False,False,False,True,True,False,False,False,False,True,False,False,True,True,False,True,False,True,False,False,False,False,True,True,True,False,False,True,False,False,False,True,True,True,False,False,False,True,True,True,False,False,True,False,False,True,False
094.White_breasted_Nuthatch,False,True,True,True,True,True,False,True,True,True,False,True,True,True,False,False,True,True,True,True,True,True,False,False,True,True,True,True,True,True,False,True,False,True,False,False,True,True,True,False,True,True,True,True,True,False,True,True,False,False,False,False,True,False,False,True,True,False,False,False,True,True,True,True,True,True,False,True,True,True,False,True,True,False,True,True,True,True,False,False,True,False,True,False,True,False,False,True,True,True,True,True,False,True,False,True,False,True,False,False,False,True,True,True,True,True,False,False,False,True,True,True,True,False,False,True,False,True,True,False,False,False,False,False,True,False,False,True,False,False,False,False,False,False,True,False,True,False,False,False,True,True,False,True,False,False,False,False,False,True,False,True,True,True,False,True,False,False,False,True,True,True,True,False,False,False,True,False,False,False,True,False,False,False,True,True,True,False,False,True,False,False,False,True,False,False,True,False,False,False,False,False,False,False,False,True,True,False,True,True,True,False,False,True,False,True,False,True,False,False,True,True,False,True,False,False,False,False,True,False,True,True,False,False,True,True,False,False,False,False,False,False,True,False,False,False,False,False,True,True,False,False,False,True,False,True,True,False,False,True,False,True,False,False,True,False,False,False,False,False,True,True,False,True,False,True,False,False,True,True,True,False,True,True,False,True,False,False,False,False,True,False,False,False,False,False,True,True,True,True,False,False,True,False,False,False,False,True,False,False,True,False,False,False,True,False,True,False,True,True,True,False
095.Baltimore_Oriole,True,False,True,True,False,False,True,True,True,True,True,True,True,True,False,False,False,False,True,True,False,True,True,True,False,False,True,False,True,True,True,True,True,True,False,True,False,True,False,True,True,False,True,True,True,False,False,True,True,True,False,False,False,True,True,True,True,False,False,False,False,False,False,True,True,True,True,True,True,True,True,True,True,False,True,False,True,True,True,False,True,True,True,True,True,False,False,True,True,True,True,True,True,False,True,True,True,True,True,False,True,False,True,True,True,False,True,False,False,False,True,False,True,False,False,False,True,False,False,True,False,False,True,False,False,False,False,True,False,False,True,False,False,False,False,False,False,False,True,False,True,False,False,True,False,False,False,False,True,False,True,False,False,False,False,True,True,True,True,True,False,False,True,False,True,True,False,True,True,False,False,False,False,False,True,False,True,True,False,False,False,False,True,True,False,False,False,False,False,True,True,True,False,True,True,False,False,False,False,True,True,False,True,False,False,False,False,False,True,False,False,False,True,False,False,True,True,True,False,False,False,False,False,False,False,False,False,True,True,True,True,False,False,False,True,True,True,False,False,False,False,True,True,False,False,False,False,False,False,False,True,False,True,False,True,True,False,True,False,False,True,False,True,False,True,False,False,False,False,False,False,False,True,True,True,True,False,True,False,False,True,True,True,False,True,False,True,False,False,False,True,False,True,False,False,False,False,True,False,True,False,False,False,True,False,True,False,True,True,False,False,True
096.Hooded_Oriole,True,True,True,True,True,False,True,True,True,True,False,True,False,True,False,False,False,True,False,False,False,True,True,False,True,False,True,True,False,True,False,True,True,False,False,False,True,True,False,True,False,True,False,True,False,True,False,True,False,False,False,False,True,True,False,True,True,True,True,True,True,False,True,True,True,False,False,False,True,True,True,True,False,True,True,False,True,True,False,False,False,True,True,False,True,False,True,False,True,True,True,False,False,True,False,True,False,False,True,False,False,False,False,False,True,False,False,True,True,False,False,False,False,False,False,True,True,True,False,False,True,False,True,False,True,False,True,False,True,False,True,True,True,False,False,False,True,False,True,False,True,False,False,False,False,True,True,False,False,False,True,True,True,False,True,True,True,False,True,True,True,False,False,False,True,False,True,False,True,True,False,True,True,True,False,False,True,True,False,False,True,True,True,False,True,True,False,False,False,True,True,True,False,True,True,False,False,True,False,False,False,False,True,True,True,False,False,True,True,True,False,True,False,False,True,True,False,False,False,True,False,False,True,False,True,False,False,False,False,False,True,False,True,False,True,False,False,False,True,False,False,False,False,False,False,False,True,False,False,False,True,False,True,False,False,True,True,False,False,False,True,False,False,False,True,False,False,True,True,False,True,True,False,False,True,False,False,False,False,False,True,False,False,True,True,True,True,True,True,True,False,True,False,True,False,False,True,True,False,False,False,False,False,True,True,False,False,True,True,True,True,True
097.Orchard_Oriole,True,False,False,True,True,True,True,True,False,True,True,True,True,False,False,True,True,True,False,False,True,False,True,False,True,False,True,False,True,True,True,False,True,False,False,True,True,False,True,True,False,True,True,False,False,True,False,False,False,False,True,True,True,True,False,False,True,True,False,False,True,False,True,True,False,True,True,True,True,True,False,False,True,False,True,True,False,False,False,True,True,True,True,False,True,True,False,True,False,False,False,False,False,True,True,True,True,True,True,False,False,True,False,False,False,True,False,True,False,False,False,True,True,False,True,False,False,False,False,False,False,False,False,False,False,False,True,False,True,False,False,True,True,True,True,False,False,False,False,False,False,False,False,True,True,False,True,True,False,True,False,True,True,True,False,False,True,False,False,True,True,False,True,False,False,False,False,False,True,False,True,False,False,False,True,False,False,False,False,True,False,False,False,True,True,True,False,False,True,True,True,False,False,True,False,True,False,False,True,False,False,False,True,False,False,True,False,True,False,False,False,True,False,False,False,True,True,False,True,False,False,True,False,False,True,True,False,False,True,False,False,False,False,False,False,False,False,True,False,True,True,False,True,False,False,False,True,False,False,False,False,True,False,False,False,True,False,False,False,False,False,True,False,False,False,False,True,False,True,False,False,False,False,False,False,False,True,True,False,False,True,True,False,False,True,True,False,True,False,True,False,False,False,True,False,False,False,False,False,False,True,False,True,False,False,False,False,False,True,True,False,True
098.Scott_Oriole,False,False,True,False,False,True,True,False,True,True,False,False,True,True,True,True,True,True,False,True,True,True,False,True,False,True,False,False,True,True,True,True,True,True,False,True,True,True,False,True,True,True,True,False,False,True,False,False,True,True,True,True,False,False,True,True,False,True,False,True,False,False,False,True,True,True,True,True,False,False,False,True,False,False,False,True,True,False,False,False,True,False,True,False,True,False,True,False,False,True,True,False,False,True,True,True,True,True,False,True,True,True,True,True,False,True,True,True,True,False,True,False,True,False,True,False,False,True,False,True,True,False,False,True,True,True,False,False,False,True,False,False,False,True,True,False,True,False,False,True,False,False,True,True,False,False,False,True,False,False,True,False,False,True,False,False,False,False,True,False,False,True,True,False,False,False,False,True,True,True,True,False,True,True,False,False,False,True,True,False,False,True,False,True,False,False,False,False,False,False,True,True,False,True,False,True,False,True,True,True,False,True,False,True,False,False,False,True,True,True,False,True,True,False,False,False,True,False,False,True,False,False,False,False,False,False,True,False,False,True,False,False,True,True,True,False,False,False,False,True,True,True,False,True,True,True,False,False,False,False,False,False,True,False,False,False,False,False,True,False,True,True,True,True,False,True,False,True,True,False,True,False,False,False,False,False,True,False,False,False,False,False,False,False,True,True,True,False,True,False,True,True,False,False,False,False,True,False,True,True,True,True,True,False,False,False,True,False,False,False,True,False
099.Ovenbird,True,True,True,True,False,False,True,False,True,False,True,True,True,True,False,True,False,False,False,False,False,True,False,False,False,True,True,True,False,True,True,False,False,False,False,False,False,False,False,True,False,True,False,False,True,True,False,True,False,False,True,True,True,True,True,False,True,False,False,False,False,True,True,True,True,True,True,False,True,True,True,True,False,False,False,True,True,True,False,True,True,False,True,True,False,False,True,True,True,False,False,True,True,True,False,False,True,False,False,False,True,False,True,False,True,True,True,False,False,False,True,True,True,False,False,False,True,True,False,False,True,False,True,False,False,True,True,False,False,True,True,True,False,False,True,False,True,False,False,True,True,True,False,True,False,False,True,False,False,False,False,False,False,True,True,False,False,True,False,True,False,False,False,True,False,True,False,True,False,False,True,False,True,True,True,False,True,False,False,False,True,True,False,False,False,True,False,False,True,False,False,False,True,False,True,False,False,False,True,True,True,True,False,False,False,False,True,True,False,False,True,False,False,True,True,False,False,True,True,False,False,True,True,True,False,True,True,False,True,True,False,False,False,True,True,False,False,False,True,True,False,False,False,False,True,False,False,False,True,False,True,True,False,False,True,False,False,False,False,False,False,True,True,True,False,True,False,False,False,False,False,False,False,False,False,False,True,True,True,False,False,True,False,False,True,True,False,False,False,False,True,True,False,False,True,False,False,True,True,False,True,True,False,False,False,False,False,False,True,True,True,False
100.Brown_Pelican,False,True,True,True,False,True,True,True,False,False,True,False,True,True,True,True,False,True,True,True,False,True,False,True,False,True,True,True,True,False,True,True,True,False,True,False,True,True,True,True,False,False,True,True,True,True,True,True,True,True,False,False,True,False,True,True,False,True,True,False,False,False,True,False,True,True,False,True,True,False,False,False,True,True,True,True,False,False,False,True,False,True,False,True,True,True,False,False,False,True,True,True,False,False,False,True,True,True,False,False,True,False,True,False,False,True,False,False,True,True,True,True,True,True,True,True,True,False,False,False,True,False,False,False,False,False,False,False,False,False,False,True,True,False,False,False,True,False,False,False,True,True,False,True,False,False,False,False,False,False,False,True,True,False,True,False,True,False,False,True,False,False,False,True,False,False,False,True,True,True,False,True,True,True,True,False,False,False,False,True,False,False,True,True,False,False,False,False,False,True,False,False,True,False,False,True,False,False,False,False,False,True,False,False,True,False,False,True,False,False,True,True,False,True,False,False,False,False,False,False,True,False,False,True,True,False,True,True,True,True,False,False,True,False,True,True,True,True,False,False,False,True,True,False,False,False,True,False,False,False,False,False,False,False,False,False,True,False,False,True,False,False,True,False,True,True,False,False,True,False,False,False,True,False,False,True,True,True,True,False,True,False,False,True,False,True,True,False,False,False,False,False,False,False,False,False,False,False,True,True,False,False,True,False,True,True,True,False,False,True,True,False
101.White_Pelican,False,True,True,True,True,True,True,True,False,False,False,True,True,True,True,False,True,True,False,False,True,False,False,False,True,False,True,False,True,True,False,True,False,True,True,False,True,True,True,True,True,True,True,True,True,False,True,False,True,False,True,True,False,True,False,True,True,True,False,False,False,True,True,True,True,False,True,False,True,False,False,True,False,False,True,True,False,False,False,True,True,True,True,True,False,False,True,True,False,True,True,True,True,False,True,True,False,False,True,True,False,False,True,True,True,True,True,True,True,True,True,True,False,True,False,True,False,False,True,False,False,False,False,False,True,True,True,True,True,True,True,False,True,False,True,False,False,False,True,False,False,True,False,False,False,False,False,False,False,False,True,False,True,True,False,False,False,False,False,True,True,False,False,False,False,True,True,False,False,False,False,False,False,False,True,False,False,True,False,False,True,True,False,False,True,False,False,False,True,False,False,False,False,False,False,True,True,True,True,False,False,True,True,False,False,False,False,False,False,False,False,True,True,True,True,False,False,True,True,False,False,False,False,False,False,True,True,True,False,False,False,True,False,True,True,False,True,True,False,True,True,False,True,True,True,True,True,True,False,False,True,True,False,False,True,True,False,False,True,True,False,False,False,True,False,False,False,False,True,False,False,True,False,True,False,False,False,True,False,True,True,True,False,True,True,True,False,False,True,False,False,False,False,True,False,False,True,False,True,False,True,False,False,True,True,False,False,False,False,False,False,True
102.Western_Wood_Pewee,True,False,True,False,True,True,False,True,True,True,True,False,True,True,False,True,False,False,True,False,False,True,True,True,False,False,False,True,True,True,False,True,True,True,True,True,True,False,True,False,True,True,False,True,False,False,True,False,False,True,True,False,True,True,True,False,True,False,True,True,False,False,True,False,True,True,False,True,False,True,True,False,True,True,False,True,True,True,False,True,True,True,True,False,True,True,False,False,True,False,True,False,False,False,False,True,False,False,True,True,True,True,True,True,False,False,False,True,True,False,True,False,False,True,True,True,False,False,False,True,False,True,True,False,False,True,False,True,False,False,False,False,False,True,False,True,False,True,True,False,True,True,False,False,True,True,False,True,False,False,False,False,True,True,False,False,False,False,False,False,False,True,False,True,False,False,False,False,True,False,True,False,False,True,False,False,True,False,False,False,False,False,False,True,False,False,False,True,False,True,True,False,True,True,True,True,True,False,False,True,False,True,False,True,False,True,False,False,False,False,False,True,True,True,False,True,False,False,True,True,False,False,False,True,True,False,True,False,False,True,True,False,False,False,False,True,True,True,False,False,False,False,False,False,True,True,True,False,False,True,False,True,True,True,False,True,False,False,False,False,True,False,False,True,False,True,True,True,False,True,True,False,True,True,False,False,False,False,False,False,True,False,True,True,True,True,False,False,False,False,True,True,True,False,False,True,False,False,True,True,True,True,True,False,False,False,False,False,True,True,True,True
103.Sayornis,False,False,False,True,True,False,True,True,True,False,True,False,False,True,True,False,False,True,True,True,True,True,False,False,True,True,False,True,True,False,True,True,True,True,True,True,True,True,True,True,False,True,False,False,True,True,True,True,True,False,True,False,False,False,True,True,False,False,False,False,False,True,False,False,True,False,False,True,False,False,True,False,False,True,True,True,True,False,False,True,True,False,True,True,False,True,True,True,True,False,True,True,True,True,True,True,True,True,True,True,False,True,True,True,True,True,True,True,True,True,True,False,False,True,True,True,False,True,True,False,False,False,False,False,True,False,False,True,False,True,True,True,True,True,True,False,True,True,True,False,False,False,False,False,True,True,True,False,False,False,False,True,False,True,False,False,False,True,True,False,True,False,False,True,False,True,False,False,True,True,True,False,False,True,True,False,True,False,True,True,True,True,False,False,True,False,False,False,False,True,False,False,False,False,False,False,True,True,False,False,True,True,True,False,False,False,False,False,True,False,False,False,False,True,False,True,True,True,False,True,False,False,False,True,False,True,False,True,False,True,False,True,False,False,True,False,True,False,False,False,True,False,False,True,False,True,False,False,True,True,False,True,False,False,False,False,False,False,False,False,False,False,True,False,True,False,False,False,True,True,True,True,True,False,True,True,True,True,False,False,True,True,True,True,True,False,False,False,True,False,False,True,True,False,True,True,False,False,True,False,False,False,True,False,True,False,True,True,True,True,True,False
104.American_Pipit,False,True,True,True,True,True,True,True,True,False,False,False,True,False,False,False,True,True,False,True,True,True,True,True,True,True,True,False,True,False,False,True,True,False,False,False,True,True,True,False,True,True,True,True,True,True,False,False,False,True,True,True,True,True,True,False,True,True,True,True,True,True,False,True,True,False,True,True,True,True,True,True,True,True,True,True,False,False,True,True,True,True,True,True,True,True,True,True,False,False,True,False,False,False,True,False,True,True,True,False,False,True,False,False,True,True,True,True,False,False,True,True,True,True,False,True,False,False,False,True,False,True,False,True,False,True,True,True,True,False,False,False,False,False,False,True,True,False,False,False,False,False,True,False,False,False,True,True,False,False,True,True,True,False,False,True,True,False,False,False,False,False,False,True,False,False,True,True,False,True,True,False,False,True,False,True,True,False,False,False,True,False,True,False,True,False,True,False,False,False,False,True,True,True,True,True,False,False,True,False,False,False,True,True,False,False,False,False,True,False,True,True,True,False,True,True,False,False,True,False,False,False,False,True,True,False,True,False,False,True,False,False,True,False,False,False,False,True,True,False,False,False,True,False,False,False,False,False,False,False,True,False,False,True,False,False,False,False,False,False,True,True,False,False,True,False,False,True,True,True,False,True,True,True,False,False,False,False,True,True,False,True,True,True,False,True,False,True,False,False,False,True,False,False,False,False,False,False,False,False,True,True,True,False,False,False,True,False,False,False,False,True
105.Whip_poor_Will,False,True,True,False,True,True,True,True,False,False,True,True,True,True,True,True,True,True,True,False,True,True,True,False,True,True,True,False,True,False,False,True,True,True,False,False,False,True,True,True,True,False,False,True,False,True,True,False,True,True,False,False,True,False,True,False,True,True,True,True,True,True,True,True,False,False,False,True,True,True,False,False,True,True,True,False,True,False,False,True,False,True,True,False,False,True,False,True,False,True,True,False,False,False,False,True,True,True,False,False,True,False,True,True,True,False,True,False,False,False,False,True,False,True,True,True,True,True,False,False,False,False,True,False,False,True,False,False,False,False,False,True,False,False,True,True,False,True,False,True,False,False,True,True,False,False,False,True,True,False,True,True,False,False,False,True,True,True,False,False,False,False,False,False,True,False,False,False,False,False,False,False,False,False,True,True,False,False,False,True,False,True,False,False,True,False,True,False,False,False,False,False,True,True,True,False,False,False,False,True,False,False,True,True,False,False,False,False,False,False,False,False,True,False,True,True,False,True,False,False,True,False,True,True,False,True,True,False,True,True,False,True,True,True,False,True,False,False,True,False,True,False,True,False,False,True,False,False,True,True,True,False,False,False,True,False,True,False,True,False,False,True,False,False,False,True,False,True,False,False,True,True,False,False,True,True,False,False,False,True,True,False,False,True,True,False,True,True,False,False,False,False,True,False,False,True,True,False,False,False,False,True,False,True,False,False,False,True,False,True,False,False
106.Horned_Puffin,False,True,True,True,True,False,True,True,True,True,True,True,True,True,False,False,True,True,False,False,True,False,False,True,False,False,False,True,True,True,True,True,False,True,False,False,True,True,True,True,True,False,True,True,False,False,True,False,False,False,True,True,False,True,False,True,True,True,True,False,False,True,False,False,False,True,False,False,False,True,False,True,False,False,True,False,False,False,True,True,False,False,True,False,True,True,False,True,False,True,False,True,False,True,True,False,True,False,False,True,False,True,False,False,False,False,True,False,True,True,False,True,False,False,True,False,False,False,False,False,False,True,True,False,False,False,True,False,True,False,False,False,False,False,False,False,True,True,True,True,False,True,False,False,False,False,False,False,True,False,True,True,False,False,False,False,False,False,False,False,False,True,True,False,False,False,True,True,True,True,False,False,True,True,False,False,True,False,False,False,True,True,False,True,False,True,False,True,False,False,False,False,True,True,False,True,True,False,False,False,False,True,False,False,True,False,False,True,False,False,False,False,True,False,False,False,True,True,True,False,False,True,True,False,True,True,True,False,False,False,True,False,False,True,True,False,True,False,False,False,False,False,False,False,False,True,True,False,True,False,True,False,False,False,False,True,True,False,False,False,False,True,True,True,False,False,True,False,False,False,False,False,True,True,True,False,False,True,False,False,False,True,False,False,False,True,False,False,False,False,True,False,False,False,True,True,True,False,True,False,False,False,False,True,False,False,True,True,False,True,False,True
107.Common_Raven,False,False,True,False,False,True,True,True,True,False,False,False,False,True,True,False,True,True,True,True,True,False,False,True,True,True,False,True,False,False,True,True,False,True,False,False,False,True,False,True,True,True,False,False,False,False,True,True,True,True,True,False,True,False,True,False,False,False,True,True,True,True,False,True,True,True,True,False,True,False,True,True,True,True,True,True,False,True,False,True,False,False,True,True,True,True,False,True,False,True,True,False,False,True,False,True,False,True,True,True,True,False,False,False,True,False,True,True,False,False,False,False,False,True,False,False,False,False,True,False,False,False,False,True,False,False,False,False,False,True,True,False,False,False,False,False,False,False,True,False,True,False,True,False,False,True,False,False,True,True,False,False,True,False,True,True,False,True,False,False,False,False,False,False,False,True,True,False,True,False,False,True,True,True,True,False,False,False,False,False,False,False,True,True,False,True,False,True,False,True,False,False,True,True,True,True,False,True,False,False,False,False,True,True,True,False,True,True,False,False,False,False,True,False,False,True,False,False,True,False,True,False,True,False,True,False,False,False,True,False,False,True,False,True,True,True,False,True,False,True,False,False,True,False,True,True,False,True,False,False,False,True,True,False,False,True,False,False,True,False,False,False,True,False,False,False,False,False,False,True,False,False,False,True,False,True,False,False,True,True,False,False,False,False,True,False,True,True,False,False,False,False,True,True,False,False,True,False,False,True,False,False,True,False,False,False,True,False,False,True,False,True
108.White_necked_Raven,True,True,True,False,True,True,False,True,False,False,True,True,False,False,True,True,True,False,True,False,True,True,True,True,False,False,False,False,True,True,False,True,False,True,True,False,False,True,True,True,True,True,True,False,True,True,True,True,True,True,True,True,True,True,True,True,False,False,False,True,False,True,False,True,True,True,True,True,True,True,True,False,False,True,False,False,False,False,True,True,True,True,True,False,True,True,True,True,False,True,True,True,False,False,True,True,False,False,True,True,True,True,False,True,True,False,False,False,False,True,True,False,True,False,True,False,False,False,False,False,True,True,False,True,True,True,True,False,False,True,False,True,False,False,False,True,False,False,False,True,False,True,False,False,True,False,False,False,False,True,False,False,True,False,False,True,True,False,False,False,True,False,False,False,False,True,False,False,False,False,False,False,True,False,False,False,True,True,True,False,True,True,True,False,False,True,False,False,False,False,True,False,False,True,True,False,False,False,True,False,False,False,False,False,True,False,False,False,True,False,False,False,False,False,False,True,False,False,False,True,False,True,False,True,False,True,True,False,True,True,False,False,True,False,False,True,True,True,False,False,False,False,False,False,False,False,True,False,False,False,True,True,False,True,False,True,True,False,True,False,False,True,False,True,True,False,False,True,False,False,False,False,True,True,True,True,False,True,False,False,True,False,False,True,True,False,False,False,False,True,False,True,False,False,False,True,True,False,True,True,True,True,False,True,True,True,True,False,False,False,True,False
109.American_Redstart,True,False,True,True,True,True,False,False,True,True,False,True,False,True,False,True,False,True,False,False,False,True,False,True,False,True,True,True,True,False,True,True,True,True,True,False,False,True,True,True,True,True,True,True,True,False,False,False,False,False,False,True,True,True,True,True,True,True,True,True,True,False,True,True,True,False,False,True,False,True,True,False,False,True,True,True,False,False,True,True,False,True,True,True,True,True,False,False,True,True,False,True,True,True,True,True,True,True,False,False,False,True,True,False,True,True,True,True,False,True,True,True,True,False,False,True,True,True,False,False,True,False,True,False,False,False,False,False,False,True,True,False,True,False,False,False,False,True,False,True,True,False,True,False,True,True,False,False,False,True,False,False,True,False,False,True,False,False,True,False,True,False,False,False,False,True,False,True,False,False,False,True,True,True,False,True,True,False,True,True,True,False,True,False,False,False,False,False,False,True,False,False,False,True,False,False,True,False,False,False,False,False,False,False,False,True,False,True,True,True,False,False,True,False,False,False,True,False,True,False,False,False,True,True,False,False,True,False,False,True,True,False,True,True,True,False,False,False,True,False,True,False,False,False,True,True,False,False,False,False,True,False,False,False,False,False,False,False,False,False,True,False,False,False,True,True,False,True,True,False,False,True,False,False,False,True,True,True,False,True,True,False,False,False,True,True,False,True,True,True,False,False,True,True,True,True,False,False,True,False,False,False,True,True,False,False,False,False,False,True,True,False
110.Geococcyx,False,False,False,False,True,True,False,False,False,False,True,True,False,True,True,False,False,False,True,True,True,True,True,False,False,True,True,False,True,False,True,True,True,True,True,True,True,False,False,False,True,True,True,True,False,True,False,False,False,True,True,False,False,True,False,False,True,True,True,True,True,False,False,False,True,True,True,True,False,False,False,False,True,False,False,False,False,True,False,True,True,True,True,True,True,False,False,True,True,True,False,True,True,False,True,True,False,False,True,False,True,True,True,True,True,True,False,True,True,True,True,True,True,False,False,True,True,True,True,True,True,True,True,False,False,True,False,True,False,False,False,False,False,False,True,True,False,True,False,True,False,True,True,True,False,False,False,True,True,False,False,True,False,True,True,True,False,False,True,True,True,False,False,False,True,False,False,False,False,False,False,False,False,False,False,False,False,False,False,False,False,False,False,False,False,False,False,True,True,True,False,False,False,True,False,False,False,True,False,False,False,False,False,True,False,True,True,True,True,False,False,False,False,False,False,True,True,True,True,True,False,True,False,True,False,False,True,False,False,True,True,False,False,False,True,False,False,False,True,False,False,False,False,False,False,True,False,True,True,False,False,True,True,False,False,False,False,False,True,False,True,True,True,False,True,False,True,True,False,False,False,False,False,True,False,False,True,False,False,False,False,False,False,True,True,False,True,True,True,True,False,True,True,False,False,False,True,True,False,True,False,True,False,False,False,False,False,True,True,False,True,True
111.Loggerhead_Shrike,False,True,True,False,True,True,True,False,False,False,False,True,True,True,False,False,False,True,True,False,True,True,True,True,True,True,True,True,False,False,True,True,True,True,False,True,False,True,True,True,False,True,True,True,True,True,False,True,False,True,False,True,True,True,False,True,False,True,False,True,False,False,True,True,True,False,False,True,True,True,True,False,True,True,True,True,True,False,True,True,True,True,True,False,False,True,True,False,False,True,True,True,False,True,True,False,False,True,True,True,False,False,False,False,False,True,False,True,False,False,True,False,False,True,False,False,False,False,False,False,True,False,True,True,True,True,True,True,True,False,False,False,False,False,False,False,True,True,True,True,True,False,False,False,False,False,False,False,False,True,False,False,False,False,False,False,False,False,True,True,False,False,True,True,True,True,True,False,True,True,False,False,True,False,False,True,False,False,True,True,True,True,True,True,False,False,False,False,True,False,True,True,True,True,False,False,True,False,False,False,False,True,False,True,False,False,False,False,True,False,False,False,True,False,True,True,True,False,False,False,False,True,False,False,True,False,False,False,False,True,False,False,True,False,False,True,False,False,False,False,True,True,True,True,False,False,True,True,True,True,False,True,True,False,False,True,False,True,False,False,False,False,False,False,False,True,False,False,True,False,True,False,True,False,False,False,False,False,True,False,True,False,False,False,True,False,True,False,True,True,False,False,True,False,False,False,True,True,False,False,False,False,True,False,False,False,False,False,False,False,False,False
112.Great_Grey_Shrike,False,True,False,True,True,True,False,True,False,False,True,False,False,True,True,True,True,True,True,False,True,True,False,True,True,True,True,True,True,False,False,True,True,False,False,True,True,False,True,False,False,True,False,True,True,True,True,True,True,True,False,False,True,False,True,True,False,True,True,False,False,True,False,False,False,False,True,True,True,True,True,False,False,True,False,True,True,False,False,True,False,False,True,False,True,True,True,True,False,False,False,False,True,True,True,True,False,True,False,True,False,False,True,False,False,False,True,True,True,True,False,True,False,False,True,False,False,False,True,False,False,False,False,True,False,True,False,False,True,True,False,False,False,True,False,True,False,True,True,True,False,True,False,True,False,True,False,True,False,False,False,False,False,False,True,False,True,True,False,False,True,False,True,False,False,False,True,False,True,True,False,False,False,True,True,False,True,False,True,True,False,True,True,True,False,True,False,True,False,True,True,False,False,False,True,False,True,False,True,True,False,False,True,False,True,True,False,True,True,True,True,True,True,False,True,True,True,True,False,False,True,True,True,True,False,True,True,False,True,True,False,False,False,True,True,True,True,False,False,True,False,False,False,False,True,False,True,False,True,False,False,False,False,False,False,False,False,True,False,False,False,False,True,True,True,True,False,False,True,True,False,True,True,False,True,False,False,True,False,True,False,True,True,False,True,False,False,False,False,False,False,True,False,True,True,False,True,True,False,False,True,False,False,True,False,False,False,False,True,True,False,False
113.Baird_Sparrow,False,False,False,False,False,True,True,True,False,False,True,True,True,False,False,True,True,True,False,True,False,True,True,True,False,True,False,True,True,False,False,True,False,True,False,True,True,True,False,True,True,True,True,True,True,False,True,True,False,True,True,True,True,False,True,True,True,True,True,False,False,True,True,False,False,True,True,True,True,False,False,True,False,False,True,True,True,False,False,True,True,False,True,True,True,False,True,False,False,True,True,True,True,True,True,False,True,False,False,True,True,False,True,False,False,False,True,True,True,True,False,False,False,True,False,True,True,True,True,True,False,True,True,False,True,False,True,True,False,True,True,True,False,False,True,False,True,False,False,False,False,False,False,False,False,True,True,False,True,True,False,False,True,False,False,True,False,True,True,False,True,True,False,False,False,False,False,True,True,False,True,True,True,False,False,True,False,False,False,True,True,False,True,True,False,False,False,False,True,True,True,False,False,False,False,False,False,False,False,True,True,False,True,True,False,False,True,False,True,False,False,False,True,False,True,False,True,True,True,False,False,True,True,True,False,False,True,False,False,False,True,False,False,False,False,False,True,False,False,False,True,True,True,False,True,True,False,False,False,False,False,True,False,True,False,False,True,False,False,False,True,False,False,True,True,False,True,False,False,False,True,True,False,True,False,False,False,False,False,True,True,True,False,False,True,False,True,False,False,True,True,False,False,False,True,False,True,False,True,False,True,True,True,False,True,False,False,False,False,False,True,True
114.Black_throated_Sparrow,True,True,False,True,True,True,True,False,True,False,True,True,True,False,True,True,True,True,False,True,True,False,False,False,True,True,True,False,True,True,False,True,False,True,True,True,False,True,True,False,False,True,True,False,False,True,False,True,True,True,True,False,True,True,False,True,False,True,True,True,True,True,False,True,False,True,True,False,False,True,True,False,True,True,True,True,True,True,True,False,True,True,False,False,True,False,False,False,True,True,False,False,False,False,True,True,False,True,True,False,False,True,False,False,False,False,True,True,False,False,True,True,False,False,False,False,False,False,False,False,True,True,False,False,False,False,True,True,False,False,False,False,True,False,False,False,True,False,True,False,False,False,False,False,False,False,False,True,True,False,True,True,False,False,False,False,True,True,False,False,False,False,True,True,False,False,False,True,False,True,True,False,False,True,False,True,False,True,True,True,True,False,False,False,True,False,False,False,True,False,True,False,True,False,True,False,False,False,True,False,True,False,False,False,False,False,False,True,True,True,False,True,False,True,False,False,False,True,False,False,False,False,True,False,False,True,False,False,False,False,False,True,False,True,True,False,False,True,False,True,False,False,False,False,True,False,False,False,False,False,False,False,True,True,False,False,True,False,True,False,True,True,True,False,True,True,True,False,False,True,False,True,False,False,True,False,False,False,False,False,True,False,False,True,True,False,True,True,True,False,True,False,False,True,False,True,True,True,False,True,False,False,False,False,False,False,False,False,True,False,True,True
115.Brewer_Sparrow,True,False,True,True,False,False,True,False,False,True,True,False,True,False,True,False,False,False,False,False,True,True,True,False,True,True,False,True,False,True,False,False,True,True,True,True,True,False,True,False,True,True,True,False,True,False,False,False,False,True,True,False,True,False,False,True,True,True,True,False,False,False,True,False,False,True,False,True,False,True,False,True,False,False,False,True,True,True,False,True,True,True,True,False,True,False,False,True,True,True,True,True,False,True,True,False,False,True,True,False,True,True,False,True,False,True,False,True,False,False,True,False,False,True,True,False,True,False,False,True,False,False,True,False,True,True,True,True,False,False,True,False,False,False,False,False,False,True,True,False,False,False,False,False,True,True,True,False,False,False,True,False,True,True,True,True,False,False,True,False,False,False,True,False,True,True,True,True,True,False,True,True,False,False,False,True,False,False,False,False,True,False,False,False,False,False,False,True,False,False,True,False,True,True,True,False,False,False,False,False,True,True,False,False,False,True,False,False,False,True,False,True,False,True,False,False,True,False,False,True,False,False,False,False,False,False,True,True,False,False,False,False,True,False,True,True,False,False,False,True,False,False,False,True,False,False,False,False,False,False,False,False,False,False,False,False,True,True,False,False,False,False,False,False,True,False,False,False,False,False,True,False,True,False,False,True,True,True,True,False,False,True,True,False,False,True,True,False,False,False,False,False,True,False,True,False,True,False,False,False,False,False,False,False,True,False,False,False,False,False,True,True
116.Chipping_Sparrow,False,False,False,True,True,False,False,False,False,True,False,False,False,True,False,True,False,False,True,False,False,False,True,True,True,True,True,True,False,True,False,False,True,False,True,False,False,False,True,True,False,False,True,False,False,True,False,False,False,True,False,True,False,True,False,False,True,True,True,False,False,True,False,False,False,False,True,True,False,False,True,True,True,False,False,True,False,True,False,True,False,True,True,False,True,True,True,False,False,False,True,False,True,False,False,False,False,False,True,False,False,False,False,True,True,True,True,True,True,True,False,True,True,False,True,True,False,True,True,True,False,False,False,False,False,False,False,True,True,True,True,False,False,True,True,True,False,False,False,True,True,False,True,True,True,False,False,True,False,False,True,False,False,True,False,False,False,False,False,False,True,False,True,True,False,True,True,False,False,False,False,False,False,False,True,True,True,True,True,False,True,False,False,True,False,True,False,False,False,False,True,True,True,False,True,False,True,True,True,True,False,False,True,True,False,False,False,False,False,False,False,False,False,True,True,True,True,False,False,True,False,False,False,True,False,False,True,False,True,True,True,True,True,True,True,True,False,False,True,True,True,True,True,False,False,False,False,True,True,True,False,False,False,False,True,False,False,True,True,True,False,True,False,True,False,False,False,False,True,True,True,True,False,False,False,False,True,False,False,False,False,False,True,True,False,True,False,True,False,False,False,False,True,True,True,False,False,False,False,False,True,True,True,False,False,False,True,False,True,False,True,False
117.Clay_colored_Sparrow,True,False,False,True,False,True,True,True,True,False,False,True,True,True,False,True,True,False,True,False,False,True,False,True,True,False,True,True,False,True,False,True,True,False,True,True,False,True,True,True,False,True,False,True,True,False,False,True,False,True,True,False,True,True,False,False,True,False,False,False,False,True,True,True,False,True,True,True,True,True,True,True,False,True,True,True,True,True,True,True,True,True,False,True,True,False,True,True,True,False,True,False,True,False,False,True,True,True,True,True,False,True,True,True,True,True,False,False,True,True,True,True,False,True,False,False,False,False,True,False,False,False,False,False,True,False,True,True,True,True,False,False,True,False,False,False,True,True,False,False,True,True,True,True,True,True,False,True,False,False,True,True,True,True,False,False,True,False,True,True,False,True,True,False,True,False,False,False,False,True,True,True,True,False,False,False,True,True,False,False,False,True,False,True,True,False,False,False,True,True,False,False,False,True,True,False,True,False,False,True,False,False,True,True,False,False,False,True,True,False,False,False,True,False,True,False,True,True,False,True,True,False,True,False,True,False,False,True,True,False,False,True,False,True,False,True,False,False,False,False,False,False,False,True,False,False,True,False,False,False,False,False,False,True,True,False,True,False,False,True,False,False,False,True,False,False,False,True,False,True,False,False,True,True,False,False,False,False,True,False,True,False,False,False,True,True,False,False,False,False,False,False,True,True,True,False,False,True,False,False,False,False,False,False,True,True,True,True,False,False,True,True
118.House_Sparrow,False,True,False,False,False,True,True,False,False,True,False,True,False,True,True,False,False,False,True,False,False,True,False,False,False,False,True,False,False,True,True,True,False,False,False,True,True,True,False,False,True,True,True,False,False,True,False,True,True,True,True,True,True,True,True,False,False,True,False,False,False,True,True,False,False,False,False,True,True,True,False,True,True,True,True,True,False,True,True,True,False,True,True,True,False,True,True,False,True,True,True,False,True,False,True,True,False,True,True,False,True,True,False,False,True,False,True,True,True,False,False,True,True,False,True,True,True,False,False,True,False,False,True,True,False,False,True,True,False,False,True,False,False,False,False,False,True,False,True,False,False,False,False,True,False,False,True,False,True,True,False,False,True,True,False,True,False,True,True,False,False,False,False,False,False,False,True,False,False,False,False,True,True,False,False,True,False,False,False,True,False,False,False,False,True,True,False,False,True,False,False,True,True,True,False,False,False,True,False,False,False,True,True,False,False,True,True,True,True,True,False,True,False,True,False,True,True,False,True,False,False,False,False,True,False,False,True,False,False,True,False,False,True,False,False,True,False,True,False,True,False,False,True,False,False,True,False,True,True,False,True,True,False,True,False,True,False,False,False,True,False,False,False,False,False,False,True,True,False,True,False,True,True,False,False,True,True,True,False,True,True,False,True,False,True,False,False,False,False,True,False,False,False,False,False,True,False,False,True,False,True,True,False,False,False,True,False,False,False,False,True,True
119.Field_Sparrow,False,False,True,False,False,True,False,True,True,False,True,True,True,False,True,True,True,True,True,True,False,True,True,False,True,True,True,False,True,True,True,True,False,True,True,True,False,True,False,True,False,True,False,True,False,True,True,False,False,True,True,False,False,True,True,True,True,False,False,True,False,True,True,False,True,True,True,False,False,False,True,False,True,True,True,False,False,False,True,True,True,False,True,True,True,False,True,False,False,True,True,True,False,False,True,False,False,True,True,True,False,True,True,True,True,True,True,True,True,False,True,True,False,True,True,False,True,True,True,True,False,True,True,False,True,True,True,False,True,True,False,True,True,False,False,True,False,False,True,False,False,False,False,False,False,False,False,False,False,True,True,True,True,True,True,False,False,False,False,False,False,False,False,True,False,False,False,True,False,True,True,False,False,False,True,True,False,False,True,False,True,False,True,False,True,True,True,False,True,False,True,False,False,True,False,False,True,False,False,True,True,True,True,True,True,False,False,True,False,True,False,True,False,False,False,False,False,False,True,False,False,False,False,False,False,True,True,True,True,False,True,True,True,False,False,False,False,False,True,False,True,True,False,False,False,False,False,True,False,True,False,False,False,False,False,True,True,False,True,True,False,False,False,False,False,True,False,False,True,False,False,True,True,False,True,False,False,True,True,False,True,False,False,False,False,False,True,True,False,False,False,True,True,False,True,True,True,False,True,False,True,True,True,False,False,True,False,False,False,False,True,False
120.Fox_Sparrow,True,False,True,True,False,True,False,False,True,False,False,True,True,False,True,False,True,True,True,True,False,True,True,False,True,True,True,False,True,True,False,False,False,True,True,True,True,True,True,True,True,False,True,False,False,True,False,False,True,True,True,False,True,False,True,False,False,False,False,True,False,True,True,True,False,True,False,False,False,True,True,True,False,False,True,True,False,False,True,False,True,True,False,True,True,False,False,True,False,True,True,True,True,True,True,False,False,True,True,False,False,True,False,False,False,True,True,False,True,True,True,False,True,False,False,True,True,False,True,False,False,True,True,True,False,False,True,True,False,True,False,False,False,True,True,False,False,False,False,False,False,False,False,True,False,True,True,False,True,False,True,False,True,False,True,False,True,True,False,False,False,True,False,True,False,False,True,False,False,True,False,True,False,False,False,False,False,False,False,False,True,False,False,False,False,False,True,False,False,False,True,False,False,True,False,False,True,True,False,False,True,True,False,False,False,True,False,True,False,False,False,False,False,True,True,False,False,False,False,False,False,True,True,True,False,False,False,False,False,True,False,True,True,False,True,True,False,True,False,False,False,True,True,True,False,True,False,False,True,True,True,False,True,False,False,False,False,True,False,True,True,False,False,False,False,True,False,False,False,False,False,False,True,False,False,True,True,True,False,False,True,False,True,True,False,False,True,False,False,False,False,True,False,False,True,True,False,True,True,True,False,False,False,False,True,False,False,False,False,True,True,False
121.Grasshopper_Sparrow,True,False,True,False,False,False,False,False,True,False,True,True,True,True,True,False,True,True,False,False,True,True,False,True,True,True,True,True,True,False,False,False,True,False,True,False,False,False,False,True,True,True,True,False,True,True,True,True,False,False,True,False,False,True,True,True,True,True,True,True,True,True,False,True,False,True,True,True,True,False,False,True,True,True,True,True,True,False,True,True,True,True,False,False,False,True,True,False,True,False,False,False,True,False,True,False,False,True,False,False,True,True,False,False,True,False,False,True,True,False,False,True,True,False,False,True,True,False,False,True,True,True,True,False,False,False,False,False,False,True,False,True,True,False,False,False,False,True,False,False,False,True,False,False,True,False,False,True,False,True,True,False,True,False,False,True,False,True,True,False,True,False,True,False,True,False,False,True,False,True,False,False,False,False,False,True,True,False,True,True,False,True,False,True,False,True,True,True,False,True,False,False,False,False,False,True,False,False,False,False,False,False,False,False,False,True,True,False,True,False,True,False,False,False,False,False,False,False,False,True,True,True,True,True,True,True,False,True,True,True,True,False,False,False,True,True,True,False,False,False,False,True,False,False,False,False,True,True,False,False,True,True,False,True,False,False,False,False,False,False,True,False,False,False,False,False,True,True,False,False,True,True,True,False,False,True,True,False,False,False,True,True,False,False,False,False,False,True,True,True,True,False,False,True,False,False,False,False,True,True,True,False,False,True,False,False,True,True,False,False,True,False
122.Harris_Sparrow,True,True,True,False,True,False,True,True,True,False,True,False,True,True,False,True,True,True,True,True,True,False,True,True,False,False,False,True,False,True,False,False,True,False,True,False,True,False,False,True,True,True,False,False,True,True,False,False,True,True,True,True,True,True,False,True,True,False,False,False,True,False,True,False,False,False,False,True,True,False,True,True,True,True,True,True,False,False,True,False,True,True,True,True,True,True,False,True,True,True,True,True,False,False,False,True,True,True,False,True,True,True,False,True,True,True,True,True,True,True,True,False,False,False,False,True,False,True,False,True,False,False,True,False,False,False,True,False,False,False,False,True,False,True,True,True,False,True,True,False,False,True,True,False,True,True,False,True,False,False,True,False,True,False,False,False,False,True,False,False,False,False,False,False,False,True,False,False,False,False,True,True,False,False,False,False,True,False,False,True,False,False,True,False,False,True,False,False,True,False,True,True,True,True,False,True,False,False,False,True,True,False,False,True,False,False,False,False,False,False,False,False,True,True,True,False,True,False,True,False,False,False,False,True,False,False,True,False,False,True,False,True,True,True,False,False,False,False,False,True,True,False,False,True,True,False,False,True,False,True,False,True,True,True,False,True,False,False,True,True,False,True,False,True,False,False,True,True,False,False,False,True,True,False,False,False,True,True,True,False,True,False,False,False,False,False,False,False,True,True,False,True,False,False,False,True,True,True,False,False,False,False,False,True,True,True,False,False,True,False,True,True
123.Henslow_Sparrow,False,True,True,True,False,True,True,True,False,True,True,True,True,True,True,False,False,True,True,False,False,True,True,False,True,True,True,True,True,True,False,True,False,True,True,False,True,True,True,True,False,True,True,True,False,True,True,True,False,True,True,True,False,True,True,True,True,True,False,False,False,False,False,False,True,True,False,True,False,False,False,False,True,True,True,True,True,False,True,False,True,False,False,True,False,True,False,True,False,True,True,True,True,True,True,True,False,False,True,True,False,True,True,False,True,True,True,True,True,False,True,False,True,False,True,True,False,True,False,True,False,False,True,False,False,True,True,False,True,True,True,True,False,False,False,True,False,True,True,False,False,False,False,True,True,False,True,True,True,False,False,False,False,True,False,True,False,False,True,False,True,True,False,True,False,False,True,False,True,True,False,False,False,True,True,False,True,False,False,True,True,False,True,True,False,False,False,False,False,False,False,True,False,True,False,False,False,True,True,False,False,True,False,True,True,True,False,False,True,False,True,True,True,False,False,True,True,False,False,False,True,False,False,False,True,False,False,True,True,False,False,True,False,False,True,True,True,True,True,True,False,False,False,False,False,True,True,False,True,False,True,True,False,False,False,False,True,True,True,True,False,True,False,False,False,True,False,True,False,True,False,True,True,False,False,True,True,False,True,True,False,False,False,False,True,False,True,False,False,True,True,True,True,False,False,False,False,False,False,False,True,False,True,False,False,True,False,True,False,False,False,False
124.Le_Conte_Sparrow,True,True,True,False,True,True,False,False,False,True,False,False,True,True,True,True,False,True,True,True,True,True,True,False,True,True,True,True,False,True,False,True,True,False,False,False,True,True,True,True,True,False,True,False,False,True,True,True,True,True,True,False,True,True,True,True,True,False,False,False,True,True,True,True,True,True,True,True,False,False,True,False,True,True,True,True,True,False,False,True,True,False,True,False,False,False,False,False,False,False,False,True,False,True,True,False,True,False,False,True,True,False,True,True,True,False,True,True,False,True,True,False,False,False,True,False,False,True,False,False,True,False,True,True,True,False,False,True,True,False,False,True,True,True,True,True,False,False,False,True,False,True,False,False,False,False,False,False,True,False,False,True,False,False,False,True,True,True,False,True,True,False,False,False,False,True,True,False,False,False,False,True,True,True,True,True,True,True,False,True,False,False,True,True,False,True,False,False,False,False,True,False,False,True,True,False,True,False,False,False,False,False,False,False,False,False,False,False,False,True,False,True,True,True,False,True,False,True,True,False,False,True,True,False,False,False,False,True,True,True,False,True,False,False,True,True,True,False,False,True,False,False,False,False,False,False,True,False,False,True,False,False,True,True,True,True,False,False,True,False,True,False,False,False,False,False,False,False,False,False,True,False,False,False,False,False,False,False,False,False,True,False,False,True,False,False,True,False,False,False,True,True,False,False,False,False,False,True,False,False,False,True,False,False,True,False,True,False,False,True,False,True
125.Lincoln_Sparrow,False,True,True,False,True,False,True,False,True,True,False,False,True,False,True,True,False,True,False,True,True,False,True,False,True,True,True,True,True,False,True,True,False,False,False,True,False,True,False,True,True,True,True,False,False,True,False,True,True,True,True,True,True,True,False,False,True,True,True,False,True,True,True,True,True,False,True,True,True,True,True,False,False,True,False,True,False,True,True,False,True,False,True,True,True,False,True,False,True,False,True,False,False,True,True,False,True,False,False,False,False,True,True,True,False,True,True,True,True,True,True,False,True,True,False,False,True,True,True,False,False,False,False,True,False,False,False,False,True,False,False,False,True,False,False,True,False,False,True,True,True,False,False,True,True,True,False,False,False,False,False,True,False,True,True,False,True,True,True,False,True,False,False,False,True,True,True,False,False,True,True,True,True,True,False,False,True,False,True,False,False,False,False,False,False,True,False,True,True,True,False,False,False,False,False,False,True,False,True,False,True,False,False,False,True,False,False,False,True,False,True,False,False,False,False,False,True,False,False,True,False,True,False,False,False,True,False,False,True,False,False,False,True,False,False,False,True,False,False,False,True,False,False,False,False,False,True,True,True,True,True,False,True,False,False,False,False,True,True,True,True,False,False,False,False,True,True,False,False,True,True,False,True,False,True,False,False,False,True,False,True,True,False,False,True,True,False,True,False,True,False,True,True,True,True,False,True,False,False,False,True,True,True,True,True,True,False,False,True,True,False,False
126.Nelson_Sharp_tailed_Sparrow,True,False,True,True,True,False,True,False,False,False,False,False,False,True,True,False,False,True,True,True,True,True,True,False,True,False,True,True,True,True,False,False,False,True,True,False,False,False,True,False,True,False,False,True,False,True,True,False,False,True,True,True,True,True,False,True,True,False,False,False,False,True,False,True,True,False,True,False,True,True,False,False,False,True,True,False,True,True,True,False,False,False,False,False,True,True,False,True,False,True,True,True,False,False,True,True,False,False,True,False,False,True,False,True,False,True,True,True,True,False,True,True,False,False,False,True,True,False,True,True,False,False,True,False,False,True,False,False,False,True,True,True,False,True,True,False,True,True,False,False,False,False,False,True,False,False,True,True,True,True,True,False,True,False,False,False,False,False,True,True,False,True,False,True,True,True,False,False,False,False,True,True,True,True,False,True,False,False,False,False,False,False,True,True,False,False,False,False,False,False,False,False,True,True,False,True,True,False,True,False,True,True,True,False,False,True,False,True,True,True,True,False,False,True,False,False,True,False,False,False,False,False,True,False,True,True,True,False,True,True,True,True,False,False,True,False,False,True,True,False,True,True,False,True,True,False,False,True,False,True,True,False,False,False,True,True,True,False,False,False,False,True,True,True,True,False,False,True,False,False,True,True,False,True,False,False,True,True,True,False,False,False,False,False,True,False,False,False,False,False,False,True,True,True,False,True,True,True,False,True,False,False,True,False,True,False,False,False,False,False,True,False
127.Savannah_Sparrow,True,True,False,True,False,True,False,False,True,False,False,False,False,True,True,True,False,True,True,False,True,False,False,True,True,False,True,False,True,False,False,True,False,True,False,True,True,False,False,False,True,True,True,False,True,False,True,False,False,True,True,True,False,True,False,True,True,False,True,True,True,True,True,False,False,True,True,True,True,False,True,True,True,True,False,True,False,False,False,True,True,True,False,True,True,True,True,True,False,False,False,False,True,True,True,False,False,True,True,True,True,False,False,True,True,True,True,False,True,True,True,False,False,True,False,False,False,False,False,False,True,True,False,False,False,False,True,True,True,False,True,True,True,False,False,False,True,True,True,False,True,False,False,False,True,False,False,True,True,True,False,False,False,False,False,False,True,True,False,True,True,False,False,True,False,True,False,False,True,False,True,True,True,True,False,False,True,False,False,False,False,False,False,True,True,True,False,True,False,False,False,True,False,False,False,False,False,False,False,False,False,False,False,True,True,True,True,True,False,True,False,False,False,False,True,True,True,False,True,True,False,False,True,False,False,True,True,True,True,False,False,False,True,True,True,False,False,True,True,True,True,True,False,False,False,True,True,True,True,False,False,False,False,False,True,False,True,False,False,False,True,False,False,False,False,False,False,True,False,True,False,True,True,False,False,True,False,False,False,True,True,False,True,False,False,False,False,True,True,False,False,True,True,True,True,True,False,True,False,False,True,True,False,False,False,False,True,False,True,False,False,True
128.Seaside_Sparrow,True,False,True,True,True,True,True,False,False,True,True,True,False,True,False,False,True,False,True,True,False,True,True,False,True,True,True,True,True,True,False,True,False,False,True,True,False,False,True,False,True,True,True,False,False,True,False,True,False,True,False,True,False,True,True,True,True,False,True,False,True,True,False,True,False,False,True,True,True,True,True,False,True,True,True,True,True,True,True,False,True,True,True,True,False,True,False,True,False,False,False,True,False,True,True,True,False,True,True,False,True,False,True,True,True,False,True,True,True,False,True,False,False,True,False,False,True,False,False,True,False,True,False,True,True,False,False,True,True,False,True,False,True,True,True,False,False,False,False,False,False,True,False,False,False,True,False,False,False,False,False,False,False,False,False,False,False,True,False,False,False,True,True,False,False,False,True,False,True,False,True,True,False,True,True,False,True,True,False,False,False,False,True,False,False,True,True,False,True,True,False,True,True,False,False,False,True,False,False,False,False,True,False,True,True,False,True,True,False,True,False,True,True,False,False,False,False,False,True,True,True,False,True,True,False,False,False,False,False,False,False,False,False,True,False,False,False,True,False,True,False,False,True,False,False,False,False,False,True,True,True,False,True,False,True,False,False,False,False,False,True,False,True,True,False,False,False,False,False,True,False,False,True,False,False,False,False,False,False,True,False,False,False,False,False,False,False,True,False,True,False,True,False,True,False,False,False,False,True,False,True,True,False,False,False,True,True,False,False,False,True,False
129.Song_Sparrow,True,True,False,False,True,False,False,True,False,False,True,True,True,False,True,False,False,False,True,False,True,True,True,True,True,True,True,False,True,False,False,True,True,True,True,True,False,True,False,True,False,True,False,False,False,False,False,True,True,False,False,False,True,True,False,False,True,True,True,True,True,True,True,False,False,True,True,False,False,True,True,False,False,True,True,False,True,False,False,True,True,True,True,False,True,True,True,False,True,False,False,True,True,False,True,False,True,False,True,True,False,True,True,True,False,False,False,False,True,True,False,False,False,True,False,False,False,True,True,False,True,True,False,False,False,True,True,True,True,False,False,False,True,False,False,True,True,False,False,False,True,False,True,True,True,True,False,True,False,False,True,False,False,True,False,True,False,False,True,False,True,True,False,True,False,False,False,True,False,True,False,False,False,False,False,False,False,True,False,False,False,False,False,True,False,False,True,False,True,False,False,False,False,True,True,False,False,True,False,True,False,False,False,True,True,False,False,True,False,False,False,False,False,False,True,False,False,False,True,False,True,False,False,True,True,True,False,False,False,True,False,False,False,False,True,False,False,False,True,False,True,True,False,True,False,True,False,True,True,False,True,False,False,False,True,True,True,True,True,False,False,False,False,False,True,True,False,False,False,False,False,True,True,False,True,False,True,False,True,True,False,True,True,False,True,False,True,False,False,True,False,False,True,True,True,True,False,False,True,True,False,True,False,False,True,False,False,False,False,True,True,False
130.Tree_Sparrow,False,False,True,True,False,True,True,False,True,False,False,False,False,True,False,True,False,True,True,False,True,False,True,False,False,True,False,True,True,True,True,True,True,False,True,True,False,False,False,False,False,False,False,False,True,True,False,False,True,True,True,False,True,False,True,True,False,True,False,True,True,False,False,True,False,False,False,True,True,True,False,True,True,False,True,False,False,True,False,True,True,False,True,True,False,True,True,True,True,True,False,False,True,False,True,True,True,True,True,True,False,True,False,False,False,True,True,False,True,True,True,True,False,True,True,True,True,False,False,False,True,False,False,False,False,True,False,True,True,False,False,True,False,False,True,False,False,True,True,False,False,True,True,True,True,False,True,False,False,False,True,True,True,True,False,True,True,False,False,False,True,True,False,False,True,False,False,True,False,True,False,True,False,False,True,True,True,True,False,False,False,True,False,False,False,True,True,True,True,False,False,False,True,True,True,False,True,True,False,False,True,False,False,True,False,False,False,False,True,True,False,False,False,False,False,True,True,False,True,False,False,True,False,False,True,True,False,True,False,True,True,False,False,True,False,False,False,False,False,False,False,False,True,False,True,True,False,False,False,False,False,False,True,False,False,True,False,True,True,False,True,False,True,False,False,False,False,False,False,True,False,False,True,True,False,True,True,False,True,False,False,False,False,False,True,False,True,False,False,False,True,False,True,True,False,True,True,True,False,False,False,False,True,False,False,False,True,False,False,True,False,False
131.Vesper_Sparrow,True,True,False,True,True,False,False,False,False,False,True,True,False,False,True,True,True,True,True,False,True,False,False,False,True,False,True,True,True,True,True,False,False,False,True,False,True,True,False,True,True,True,False,True,True,True,True,True,False,False,True,True,True,True,True,True,False,True,True,True,True,True,False,True,True,True,False,True,False,False,True,True,False,True,True,True,False,False,True,True,True,False,True,False,False,False,True,True,True,True,True,True,True,True,True,True,True,True,True,False,False,False,True,True,True,True,True,True,True,True,False,False,True,False,False,False,True,True,False,True,False,False,False,False,False,True,False,False,False,True,True,False,True,True,True,True,False,False,True,True,False,True,False,True,True,False,True,True,True,True,True,False,False,False,True,True,True,False,False,True,False,True,True,True,True,True,False,False,False,True,False,True,True,True,True,True,False,False,True,False,False,False,False,False,True,True,False,True,False,False,False,True,True,True,True,True,True,True,False,True,False,False,True,False,False,False,False,False,False,True,False,False,False,False,True,False,False,False,False,True,False,False,False,False,True,False,True,True,False,False,False,False,False,False,True,False,False,False,True,False,True,True,True,False,False,True,True,False,True,False,False,False,False,False,True,False,False,False,False,False,False,False,False,True,False,False,False,False,True,True,True,True,False,True,True,True,True,True,True,False,True,False,False,False,False,False,False,False,False,False,True,False,False,True,True,False,False,False,False,True,False,False,False,True,True,True,False,False,True,False,False,True
132.White_crowned_Sparrow,True,False,False,True,True,False,True,True,True,False,True,False,False,True,False,True,True,False,True,True,True,True,True,False,True,False,True,True,True,False,False,False,False,True,True,True,False,True,True,False,False,False,False,True,True,False,False,True,True,False,False,False,True,False,True,True,False,False,True,False,True,True,False,False,True,True,False,True,False,False,True,True,True,False,False,True,True,True,False,True,False,False,True,True,True,False,True,False,False,False,True,True,True,True,True,True,False,False,True,False,True,False,True,True,True,False,False,True,True,False,True,True,False,False,True,True,False,False,False,False,False,False,False,False,True,True,False,True,True,False,False,False,True,True,True,True,False,False,False,True,True,False,True,True,False,False,True,True,True,False,False,True,False,False,False,False,False,True,False,True,True,False,False,False,True,False,True,False,False,False,False,False,False,False,False,False,True,True,False,True,False,False,False,False,False,True,True,False,True,False,False,False,True,False,False,True,False,False,False,True,False,False,False,False,False,False,True,False,False,False,True,False,True,False,False,False,False,True,False,True,False,True,True,False,False,True,True,True,False,False,False,False,False,True,True,False,False,True,False,True,False,False,True,True,True,False,True,True,False,False,False,True,False,True,False,False,True,True,False,False,True,False,False,True,False,True,False,True,False,False,True,True,True,True,True,False,True,False,True,False,True,False,True,False,False,False,False,False,False,True,True,False,True,False,True,True,False,False,True,True,True,False,False,False,True,False,False,False,False,True,True,True
133.White_throated_Sparrow,False,True,False,True,True,False,False,True,True,True,True,True,True,True,False,False,True,True,False,True,False,False,True,False,True,True,True,True,False,False,True,False,False,False,False,True,True,False,True,True,True,False,False,True,True,True,True,True,False,False,False,True,False,False,False,False,True,True,True,True,True,False,False,False,True,False,False,True,False,True,False,True,False,True,True,False,True,True,False,False,False,True,False,False,True,False,False,False,True,True,True,True,False,True,True,True,False,True,True,True,False,True,True,False,True,True,True,True,True,True,False,False,False,True,True,True,False,False,False,True,False,False,False,False,True,False,True,True,True,False,False,True,False,False,False,False,True,False,False,True,False,True,False,True,False,False,True,True,False,True,False,False,False,False,False,True,False,False,False,True,True,False,False,False,True,True,True,True,True,False,False,False,True,False,False,True,False,True,True,False,False,False,False,False,False,True,False,False,False,False,True,True,False,False,True,False,True,True,True,False,False,True,True,False,False,False,False,True,False,True,True,False,True,False,False,False,False,False,False,True,False,False,True,True,True,False,False,True,False,True,False,True,False,False,True,False,False,False,False,False,False,False,False,False,True,False,False,True,False,True,False,False,True,True,True,False,False,False,False,True,False,True,True,False,False,False,True,True,True,False,True,False,False,False,True,False,False,False,False,True,False,True,False,False,True,False,True,True,False,False,True,True,False,False,False,False,False,True,False,False,False,False,True,False,False,False,True,False,False,False,True,True
134.Cape_Glossy_Starling,False,False,True,True,True,True,True,True,False,True,False,True,True,True,False,True,True,False,True,True,False,True,True,True,False,True,False,True,False,False,True,False,True,True,False,False,True,True,True,False,False,True,True,True,True,True,True,True,True,False,True,False,False,True,False,False,True,True,True,False,True,True,True,True,True,True,True,False,True,False,False,True,False,False,False,False,False,True,True,True,True,False,False,True,True,False,True,True,True,True,True,True,True,False,True,True,True,False,True,True,True,True,False,True,False,True,True,False,False,True,False,True,False,True,False,False,False,False,False,True,True,False,True,False,True,False,True,False,False,False,True,True,True,False,False,False,True,False,True,False,True,True,False,False,False,True,True,True,False,True,False,True,True,False,True,True,False,False,True,False,True,True,True,False,False,False,True,True,True,True,False,False,True,False,False,False,False,False,False,False,True,False,False,False,True,True,True,True,True,False,False,True,True,True,False,False,True,False,False,False,False,True,False,True,True,True,True,False,True,True,False,False,True,True,True,True,True,True,False,False,False,False,True,False,True,False,True,False,False,True,False,False,True,False,True,False,False,True,False,True,True,False,False,False,True,True,False,True,True,True,True,True,False,False,False,False,True,True,True,True,True,False,False,True,True,True,False,False,True,True,False,False,False,True,True,False,False,False,False,True,False,False,False,False,True,False,False,False,False,False,True,False,False,False,False,False,False,False,False,True,True,False,False,False,True,True,False,True,False,False,True,True
135.Bank_Swallow,False,True,False,True,False,True,True,True,True,True,True,False,True,True,True,False,False,False,False,True,False,False,True,False,False,True,False,True,True,False,True,False,True,False,True,False,False,True,True,False,False,True,True,True,False,True,True,True,True,True,False,True,False,False,True,True,True,False,True,True,True,False,True,False,True,True,False,False,False,True,True,True,True,False,False,True,True,False,False,True,True,True,True,False,False,True,False,True,False,True,False,False,True,False,True,True,True,False,True,True,True,False,False,True,True,False,True,False,True,True,True,False,True,True,True,False,False,False,False,False,True,False,False,False,False,True,False,False,True,False,True,False,True,False,True,False,False,False,False,False,True,True,False,False,False,False,True,False,True,False,False,True,True,True,False,False,True,True,False,False,True,False,False,False,False,False,False,False,False,False,False,False,False,False,True,False,True,True,True,False,True,False,False,False,False,False,False,True,False,False,True,True,True,True,False,False,True,False,False,True,False,False,False,False,False,False,True,False,False,False,True,False,False,True,True,True,False,False,False,False,False,True,False,False,False,True,False,False,False,False,True,False,False,False,False,False,True,False,True,True,False,True,False,False,True,True,False,True,True,True,True,True,False,True,False,True,False,False,False,False,False,False,False,True,False,False,True,True,True,False,True,False,False,False,False,False,False,False,True,False,False,False,False,True,False,False,False,False,False,False,True,False,False,False,False,True,False,False,True,True,False,False,True,True,True,False,True,True,False,False,True,False
136.Barn_Swallow,False,True,True,False,True,True,True,False,False,False,True,False,True,True,True,True,True,False,True,False,True,True,True,True,True,False,True,False,False,True,False,True,True,False,False,False,True,True,True,False,True,True,True,False,True,True,True,True,True,True,True,True,False,True,True,True,True,True,False,True,False,True,True,False,True,False,True,False,True,False,True,True,True,False,True,True,True,False,True,True,False,True,True,False,False,True,True,True,True,True,False,True,True,False,True,False,True,True,False,True,True,True,True,True,False,False,False,True,True,True,True,True,True,False,False,True,False,True,False,True,True,False,False,False,True,False,False,False,True,False,True,True,False,False,False,False,False,False,False,True,False,False,True,False,True,False,False,True,True,False,True,True,False,True,True,True,False,True,False,False,False,False,False,False,False,False,True,True,False,False,True,False,True,False,True,True,False,False,True,False,False,False,True,False,False,False,False,True,True,False,False,True,True,False,True,True,False,True,True,True,True,False,False,True,True,False,True,True,True,False,True,True,True,False,False,False,True,True,False,True,True,True,False,False,False,False,False,True,False,False,False,True,False,False,False,False,True,False,False,True,False,True,True,False,False,False,True,True,False,True,True,False,True,True,False,False,False,False,True,True,False,False,True,False,True,False,False,False,False,True,False,False,False,True,False,True,False,True,True,True,True,True,False,True,False,True,True,False,False,True,True,True,False,False,False,False,True,False,False,False,False,False,False,False,True,True,False,False,False,True,False,False
137.Cliff_Swallow,False,True,False,True,True,True,True,True,True,True,False,True,True,True,False,False,True,False,True,True,True,True,False,True,False,True,False,True,True,True,True,True,True,True,False,False,False,True,True,True,True,True,False,True,True,False,True,True,True,True,True,True,False,True,True,True,True,False,True,False,True,True,False,False,True,False,False,True,False,True,True,True,True,False,False,True,True,False,True,False,False,True,False,True,True,False,True,False,False,True,False,True,False,True,True,True,True,False,False,True,False,True,False,False,False,True,True,True,True,True,False,True,True,False,True,False,False,True,True,True,False,True,True,False,True,False,True,True,True,False,False,True,True,True,True,False,False,False,True,False,False,False,False,True,False,True,True,True,True,False,False,False,True,False,True,False,False,True,True,True,True,False,True,False,False,False,False,False,False,False,True,False,False,False,True,False,False,True,True,True,True,False,False,True,True,False,False,True,False,False,True,True,True,True,True,True,True,False,True,False,False,False,False,False,True,False,False,False,True,False,True,False,True,False,True,False,True,False,True,False,False,False,False,False,False,False,False,False,True,True,False,False,True,False,False,True,True,True,False,False,True,False,False,True,False,False,False,True,False,True,False,True,True,True,False,False,True,True,True,True,True,True,False,False,False,False,True,True,False,False,False,True,False,True,False,False,True,False,False,True,False,False,True,False,False,True,False,False,True,False,True,False,False,False,True,True,True,False,False,False,True,True,False,False,True,False,False,False,False,False,True,False
138.Tree_Swallow,True,True,True,False,True,True,True,True,False,False,False,True,False,True,True,False,True,True,True,True,False,True,False,True,True,True,True,False,False,True,True,False,True,True,True,True,True,True,True,True,True,True,False,False,False,True,True,True,False,False,False,False,True,False,True,False,True,True,True,True,False,True,True,False,True,False,False,False,True,False,False,True,False,False,True,False,True,True,True,False,True,True,True,True,True,True,True,True,True,True,False,True,True,False,False,True,True,False,False,False,True,True,True,False,True,True,True,False,True,True,True,True,False,False,False,True,False,True,False,False,False,False,False,True,False,False,True,False,True,False,True,True,False,False,False,False,True,False,True,False,True,False,True,True,False,True,False,False,True,False,False,True,True,False,False,False,False,True,True,False,False,True,True,False,True,False,True,False,False,False,False,False,True,False,False,False,False,False,False,False,True,True,True,False,True,False,False,False,False,True,False,False,True,False,False,False,False,True,False,False,False,False,False,False,True,False,True,False,True,False,False,False,False,False,False,True,True,False,True,True,True,True,False,False,False,True,False,True,True,True,False,False,False,False,False,False,True,False,True,False,False,False,False,False,False,False,False,True,True,False,False,True,True,True,False,False,True,True,True,True,True,False,True,False,False,False,True,False,True,True,False,True,False,False,False,False,False,True,True,True,True,False,False,False,True,False,False,False,False,False,False,True,True,False,False,False,False,True,False,False,True,False,True,False,False,True,True,True,True,True,True,False
139.Scarlet_Tanager,False,True,False,False,True,True,True,False,True,False,True,True,True,True,True,True,True,True,False,True,True,True,False,True,True,True,True,False,True,False,True,True,False,False,True,False,True,True,False,True,False,False,True,True,True,True,False,False,False,False,False,True,False,True,True,True,True,True,True,True,True,True,True,False,False,True,True,True,True,False,False,False,True,True,False,True,True,True,False,True,True,False,True,True,False,False,True,True,True,True,False,True,True,True,True,True,True,True,False,True,False,False,True,True,True,False,False,True,False,True,True,True,True,False,True,True,True,False,True,True,False,False,False,True,False,False,True,False,True,False,False,False,False,True,False,True,False,False,False,True,False,False,False,False,False,True,False,True,False,False,False,True,False,False,False,False,False,False,True,True,False,True,False,False,True,True,False,False,False,False,True,True,False,True,False,False,False,False,True,False,True,True,False,False,True,False,True,False,False,False,True,True,True,False,True,False,False,True,False,False,False,False,False,False,True,False,False,True,False,True,True,False,True,True,True,True,True,False,False,False,True,True,True,True,False,False,False,True,True,True,False,True,False,True,True,False,False,False,False,True,False,True,True,False,False,False,True,False,True,False,True,False,False,True,False,False,False,False,False,False,True,True,False,True,False,False,True,False,False,False,False,True,False,False,False,False,False,True,True,False,False,True,False,False,False,False,True,True,False,False,False,False,False,True,False,False,False,False,False,False,True,False,False,True,False,False,False,True,False,False,False,True
140.Summer_Tanager,True,False,True,True,True,True,True,True,True,True,True,True,False,True,False,False,False,False,False,False,False,True,True,True,True,True,False,True,True,False,True,True,True,False,True,False,True,False,True,True,True,True,False,False,True,True,True,True,True,True,True,False,True,True,True,True,True,False,True,True,True,True,False,True,False,False,True,True,True,False,True,False,True,False,True,True,False,False,True,True,True,True,False,True,True,True,True,False,False,True,True,True,True,True,True,False,False,False,True,False,False,True,True,True,True,False,True,False,True,False,True,False,True,False,True,True,False,False,False,True,False,True,True,True,False,False,True,False,True,False,False,False,False,True,False,False,True,True,False,True,False,False,False,False,False,True,True,False,False,True,True,False,True,True,False,True,True,True,True,False,False,False,True,False,False,False,False,False,False,False,True,False,True,True,False,True,False,True,False,True,True,True,True,False,False,True,False,True,False,True,True,False,True,True,False,False,True,True,False,False,True,False,False,True,True,True,False,False,False,True,False,False,True,False,False,True,True,True,False,False,False,False,False,True,False,True,False,False,False,False,True,False,False,False,False,False,True,True,False,False,False,False,False,False,False,False,False,False,True,True,False,True,False,True,True,True,True,True,True,False,True,False,False,False,False,True,False,False,True,True,False,True,True,True,False,True,False,False,False,True,True,True,True,False,False,False,False,False,False,False,False,False,False,False,True,False,False,False,False,False,True,False,True,True,False,True,True,True,False,True,False,False
141.Artic_Tern,False,True,False,True,True,True,False,True,False,True,True,True,True,True,True,True,False,True,True,True,False,True,True,True,True,False,False,True,True,False,True,False,True,False,True,False,True,True,True,True,True,False,True,True,False,True,False,True,False,True,True,True,False,True,False,True,True,True,True,True,False,True,True,True,True,True,True,True,True,True,True,True,False,True,True,True,False,True,True,True,True,False,True,True,True,True,True,False,False,False,False,True,False,True,True,True,False,True,True,True,True,True,True,True,False,False,False,True,False,False,False,True,False,True,False,False,True,False,False,True,True,True,False,False,True,False,False,False,False,False,False,True,False,False,False,False,True,False,True,True,False,False,False,False,True,False,True,False,True,True,False,True,True,False,False,False,True,True,False,False,False,False,False,False,True,True,True,True,True,False,False,True,False,True,False,False,False,True,False,True,False,True,False,False,False,True,True,False,True,False,False,True,False,False,True,False,False,True,True,False,False,True,False,True,True,False,True,False,True,False,True,False,False,True,False,False,True,False,False,False,False,False,True,False,False,True,False,True,True,False,True,False,False,False,False,False,False,False,False,True,False,True,False,True,True,True,False,False,True,False,False,False,False,False,True,True,True,True,False,True,False,True,False,False,False,False,True,False,True,True,True,False,False,True,True,False,False,True,False,False,False,False,False,True,False,True,False,False,False,True,False,False,True,False,True,True,False,True,False,False,False,False,False,True,False,True,False,False,False,True,True,False
142.Black_Tern,False,False,False,True,True,True,True,True,True,True,True,True,False,True,True,True,False,True,False,False,True,True,True,True,True,True,True,False,False,False,False,True,False,False,False,True,False,False,True,True,False,True,True,True,True,False,True,True,False,True,True,False,False,True,False,True,False,False,True,False,False,True,False,False,False,False,True,False,False,True,False,False,False,False,True,True,False,True,True,False,False,True,True,True,False,True,False,True,True,True,True,False,True,True,False,False,True,False,True,True,True,False,False,True,True,True,True,False,True,False,True,True,True,False,True,False,True,True,False,False,True,False,False,True,False,False,True,False,False,True,False,False,True,False,True,False,False,True,False,True,False,True,False,True,False,False,False,False,True,True,True,True,True,False,False,False,True,False,False,False,False,False,False,False,True,False,True,False,False,False,False,True,True,True,True,True,False,False,True,True,True,True,False,False,False,True,True,True,False,False,True,True,False,True,False,False,True,True,True,True,False,True,True,False,False,False,True,True,False,True,False,True,True,True,True,True,False,True,False,False,True,False,False,True,False,False,False,True,True,False,True,False,True,True,True,False,True,True,False,True,True,False,True,False,False,True,True,False,False,False,False,True,True,True,False,False,True,False,False,True,True,False,True,True,False,True,False,False,True,False,True,True,False,True,False,True,False,False,True,False,False,False,False,False,False,False,False,False,False,False,False,False,False,False,True,False,True,False,False,False,False,False,True,False,False,True,True,False,True,True,True,False
143.Caspian_Tern,False,True,True,False,False,False,True,True,True,True,False,False,False,True,False,False,True,True,False,False,True,True,True,False,False,False,False,False,True,True,False,True,False,True,False,False,True,False,True,True,True,True,False,True,True,True,False,True,False,True,True,False,True,False,True,False,True,True,False,True,True,False,True,True,True,True,False,False,True,False,False,False,True,True,True,False,False,False,False,False,False,False,False,True,True,True,False,True,True,False,True,False,False,False,True,True,True,True,False,True,False,True,False,True,True,True,False,True,False,True,False,True,True,False,True,False,True,True,True,True,False,False,True,False,True,True,False,False,False,False,False,False,False,False,False,False,False,False,False,False,True,False,False,False,True,False,True,False,False,False,False,False,False,False,False,False,False,False,True,False,False,True,False,False,True,False,True,True,False,False,False,True,False,False,False,False,True,True,True,False,False,False,False,False,True,False,True,False,False,False,True,False,False,False,False,True,True,True,False,False,True,False,False,True,False,False,True,False,True,False,False,False,False,True,False,False,False,True,False,True,False,True,True,True,False,True,False,True,True,False,False,False,True,False,True,False,False,False,True,False,False,True,False,False,True,False,False,True,True,True,False,True,False,True,False,True,False,False,True,False,False,False,False,False,False,True,True,True,True,False,False,True,False,True,True,False,False,False,False,True,False,True,False,False,True,False,False,False,False,True,False,True,True,True,True,True,False,True,False,True,True,True,False,False,False,False,False,True,False,False,False,False
144.Common_Tern,True,True,False,False,False,True,True,True,False,True,False,True,False,False,True,False,True,True,False,True,False,True,True,False,True,True,False,True,True,False,True,False,True,False,True,False,False,True,False,True,True,False,False,True,False,False,True,True,True,False,True,False,True,False,True,True,False,True,True,False,True,True,True,True,True,False,False,False,False,False,True,False,False,True,False,True,True,True,False,False,False,True,True,False,True,False,True,True,True,True,True,True,False,True,False,False,True,True,True,False,False,True,False,False,False,True,False,True,True,True,True,True,True,False,False,True,False,True,True,False,True,False,True,True,True,True,True,False,True,True,False,True,False,False,False,False,True,False,True,True,False,False,False,True,True,False,False,True,True,False,False,False,False,False,False,True,False,False,True,False,False,True,False,False,True,False,True,False,True,False,False,True,False,True,True,False,False,False,True,False,True,False,True,True,True,False,False,False,True,False,True,True,True,False,True,True,True,True,True,False,False,False,False,False,False,False,False,False,False,False,False,True,False,False,False,True,True,False,True,True,False,True,False,True,True,False,True,True,True,True,True,True,True,False,False,False,False,True,False,False,False,False,True,False,False,False,False,True,True,False,False,False,False,False,False,True,True,False,False,False,False,False,True,True,False,True,False,True,True,True,False,False,False,False,True,False,True,False,False,True,False,False,False,False,False,False,False,False,False,False,True,False,False,True,True,False,False,True,True,True,False,True,False,True,True,False,False,True,True,False,False,False
145.Elegant_Tern,True,True,True,True,True,False,True,False,True,True,True,True,True,False,True,True,True,True,True,True,True,False,True,True,True,False,False,True,False,False,False,True,True,False,True,True,False,False,True,False,True,True,True,True,True,True,True,True,False,True,True,True,True,False,False,True,True,True,False,True,True,True,True,True,True,True,True,True,True,True,True,True,False,True,True,True,True,False,False,True,True,True,True,True,True,False,False,False,False,True,True,True,False,False,False,True,False,False,False,False,True,False,True,True,False,False,True,True,False,True,True,False,False,False,False,False,True,False,False,False,True,False,True,True,True,True,False,True,True,True,True,False,False,False,True,False,False,False,False,True,True,False,False,False,False,False,False,False,False,True,False,False,False,False,True,False,False,True,False,False,False,False,True,False,False,False,True,True,False,True,True,False,False,False,False,False,False,False,False,False,False,True,False,False,True,False,False,False,False,False,True,False,True,False,True,False,True,False,True,False,True,False,False,False,False,False,True,False,False,False,False,False,False,True,False,False,False,True,True,True,True,False,False,False,False,True,False,False,True,False,False,True,False,True,False,True,False,False,False,False,False,False,False,False,True,False,True,False,False,True,False,True,False,False,True,False,True,False,True,False,False,True,True,False,True,False,False,True,False,True,False,True,False,False,False,False,False,False,False,True,False,True,True,False,False,False,False,False,True,False,False,False,True,False,True,False,False,False,False,True,False,True,False,False,True,True,True,True,False,True,False,True
146.Forsters_Tern,True,True,True,True,False,True,True,True,False,False,True,False,False,False,False,True,False,True,True,True,True,True,True,True,False,True,True,True,False,False,True,True,False,True,False,False,True,True,False,False,False,False,False,True,False,False,True,False,True,True,False,False,True,True,False,False,False,False,True,True,True,False,False,True,False,False,True,False,True,True,False,True,True,False,True,False,True,False,True,True,True,False,False,False,True,False,False,True,False,False,True,True,True,True,False,True,False,True,True,True,True,False,False,True,True,True,False,False,True,True,True,True,True,False,False,False,True,True,False,True,True,False,False,True,False,True,False,True,False,False,True,True,True,True,False,False,False,False,False,True,False,True,False,False,True,True,False,False,False,False,True,True,True,False,True,False,False,False,False,False,False,False,True,False,True,False,False,True,True,False,True,False,True,False,False,True,False,False,True,False,True,False,True,False,True,False,False,True,True,False,True,False,True,True,False,False,False,False,False,False,False,False,True,False,True,True,False,False,False,False,False,False,False,False,False,False,True,False,True,False,True,False,True,False,False,True,True,True,False,False,True,False,True,True,True,True,False,False,False,False,False,False,True,True,False,False,True,False,False,False,False,False,False,False,True,True,False,True,True,True,False,True,False,False,True,False,False,False,False,True,False,False,False,False,False,True,False,True,True,False,False,True,True,True,True,False,False,True,False,True,False,False,False,True,False,False,False,False,False,True,True,False,False,True,False,False,True,False,False,True,False,True
147.Least_Tern,True,True,True,True,False,False,True,False,True,True,True,True,True,False,False,False,True,True,True,True,False,True,False,False,True,True,True,True,False,False,False,False,True,False,True,True,False,False,True,True,True,True,False,True,False,False,True,True,True,True,True,False,True,True,True,True,True,False,True,True,True,False,True,True,False,False,False,False,False,False,True,True,True,True,True,False,True,False,False,True,True,True,True,False,True,False,False,True,False,False,False,True,True,True,True,False,True,False,True,False,True,True,False,True,True,True,False,True,True,True,False,True,True,True,True,False,False,False,False,True,True,False,False,True,False,False,False,False,True,True,True,True,True,False,True,True,False,False,False,False,False,True,True,True,False,False,False,False,False,True,False,True,False,False,False,False,False,True,False,False,False,True,False,False,True,True,True,False,True,False,True,True,False,False,True,False,False,False,False,False,False,True,False,False,True,True,False,True,False,False,False,False,False,True,False,False,True,False,True,False,True,False,False,True,False,False,False,True,True,True,False,False,False,True,True,False,True,False,False,True,False,True,False,True,False,False,False,False,True,True,True,True,False,True,False,False,False,False,False,False,False,False,True,False,True,True,False,False,True,False,False,False,False,True,True,True,True,False,True,False,True,True,False,False,False,True,True,True,False,False,True,False,True,False,True,True,False,False,False,False,True,False,False,True,False,True,False,True,False,False,False,False,False,False,False,True,True,False,False,False,False,True,False,False,True,False,False,True,False,True,False,True
148.Green_tailed_Towhee,True,False,True,True,False,True,True,True,True,True,True,False,True,False,False,True,True,False,True,False,True,True,False,True,True,True,False,True,True,False,True,False,False,True,True,True,True,True,True,True,False,True,True,True,False,False,True,True,True,True,False,True,False,False,False,True,False,False,False,False,False,True,False,True,True,True,True,True,False,True,False,False,True,True,True,False,True,True,True,True,False,False,True,False,False,True,True,False,True,True,True,False,True,True,True,True,True,False,True,True,False,True,True,True,False,True,False,True,True,False,True,True,True,False,False,False,False,True,True,False,False,False,False,True,False,False,True,False,False,False,True,False,False,False,True,True,False,True,True,False,True,True,True,True,True,True,True,False,False,True,True,False,True,False,False,True,False,False,True,False,True,False,False,False,True,False,True,True,True,False,False,True,False,True,False,False,False,True,False,True,False,False,True,False,False,True,True,False,False,True,True,True,True,True,True,False,False,False,True,True,False,True,True,True,False,False,False,False,True,True,False,False,False,True,True,True,False,True,False,True,True,False,True,True,False,False,False,False,False,False,False,True,False,True,False,True,True,True,True,True,False,True,False,True,False,True,False,True,False,False,True,True,True,False,True,True,True,True,True,False,False,False,False,False,False,True,False,False,True,False,False,True,True,False,False,True,False,False,True,True,False,False,False,False,False,True,True,False,True,True,False,True,True,False,False,True,False,True,True,True,True,True,True,True,True,True,False,False,False,False,True,True
149.Brown_Thrasher,False,True,True,False,False,True,True,False,True,True,True,True,True,True,False,True,False,False,True,True,False,False,False,True,True,False,True,True,False,False,True,True,True,True,True,False,True,True,True,False,False,False,True,True,True,True,False,True,True,True,True,False,True,True,True,True,True,False,False,True,True,True,True,False,False,False,True,False,True,False,True,True,False,True,False,False,False,True,True,True,True,True,False,True,False,False,True,False,True,False,False,True,True,True,True,True,True,True,False,True,True,True,True,False,False,True,False,False,False,False,True,True,False,False,True,True,False,True,True,False,True,True,True,False,True,False,True,True,True,False,True,True,True,False,True,True,True,True,False,False,False,True,True,True,True,True,True,False,False,False,False,False,True,False,False,True,True,False,False,False,True,False,True,True,False,False,False,False,True,False,True,False,False,False,False,False,True,False,False,True,False,True,False,False,False,False,False,True,True,False,True,False,False,True,False,True,True,False,True,False,False,False,False,False,True,False,True,False,True,False,False,False,True,False,False,True,True,False,False,True,False,True,False,True,True,True,True,False,False,False,True,False,True,False,False,True,False,False,False,False,False,False,False,False,True,False,False,False,False,False,False,True,True,False,True,False,True,False,True,True,True,True,False,True,True,True,False,True,False,False,True,False,False,False,False,False,False,False,True,False,True,False,False,False,True,True,True,False,False,True,False,False,True,False,True,False,False,False,False,True,True,False,False,False,True,False,False,True,False,False,True,False
150.Sage_Thrasher,False,False,False,False,True,True,True,False,True,True,True,True,True,False,False,True,True,True,False,False,True,True,False,True,True,True,True,True,False,False,True,False,False,False,False,True,True,True,False,False,False,True,False,False,True,True,True,True,True,False,False,True,False,True,True,True,False,True,True,True,True,False,False,True,True,True,True,True,True,True,False,True,True,False,True,True,True,False,True,True,False,True,True,False,True,True,True,False,False,True,False,False,True,True,True,False,True,True,True,True,True,False,True,False,False,True,True,True,False,False,False,True,False,True,True,True,True,True,True,False,False,True,True,True,False,False,False,False,False,True,False,False,False,False,False,False,True,False,True,True,False,False,False,False,True,False,False,False,False,False,True,True,True,False,True,True,False,False,False,False,False,False,False,False,False,True,True,True,True,True,False,False,False,True,False,True,True,True,True,False,False,False,False,False,False,True,True,False,True,True,True,False,True,False,False,False,True,False,True,False,True,False,False,False,False,False,True,False,True,False,True,False,False,True,False,False,False,False,True,True,True,False,True,False,False,False,True,True,True,False,True,False,False,True,True,True,False,True,False,False,False,True,False,False,False,True,False,False,True,False,False,False,True,True,False,False,False,True,False,False,False,True,True,True,True,True,False,False,False,False,True,False,True,False,True,False,False,True,False,False,False,True,False,True,True,True,True,False,False,True,True,True,True,False,False,False,True,True,False,False,True,True,False,False,True,False,True,False,True,False,True,False
151.Black_capped_Vireo,True,True,False,True,False,True,False,True,True,False,False,True,True,False,False,True,False,True,True,False,False,True,True,True,True,False,True,True,False,False,True,False,True,True,False,True,False,True,True,False,True,True,True,False,True,False,False,True,True,True,True,False,True,False,False,True,False,True,False,False,False,False,False,True,True,True,True,True,True,True,True,True,True,True,True,False,False,False,True,False,True,False,True,True,True,False,False,True,True,True,False,True,True,True,False,False,True,True,True,True,False,True,True,False,True,True,True,False,False,False,True,True,True,False,False,True,True,True,True,True,False,False,True,False,False,False,True,False,False,False,True,True,False,False,True,False,False,True,False,True,False,False,False,True,False,False,False,True,False,True,True,False,True,True,False,True,False,False,True,False,False,False,False,True,False,False,False,True,False,False,False,False,True,False,True,False,True,False,True,False,True,False,False,True,False,True,False,False,True,False,False,True,True,True,True,False,False,False,True,True,False,True,False,False,True,True,False,True,True,False,False,False,True,True,False,True,False,True,True,True,False,False,False,False,False,True,True,False,True,False,True,False,False,False,False,False,True,True,False,False,True,False,False,False,False,True,False,True,True,True,True,True,True,True,False,False,False,True,False,False,True,False,True,False,False,False,False,False,False,True,False,False,True,True,False,True,True,False,True,True,False,False,False,False,False,False,True,True,True,True,False,False,False,False,False,False,True,False,True,True,False,False,True,True,False,True,True,False,False,False,False,False
152.Blue_headed_Vireo,True,False,True,True,True,False,True,True,False,False,False,False,True,True,True,True,True,False,True,True,True,False,False,True,False,True,False,True,False,True,True,False,True,True,False,False,False,True,True,True,False,True,False,False,True,True,True,False,True,False,True,True,True,True,True,False,False,True,True,True,False,True,True,True,False,True,True,False,True,False,True,False,True,True,True,False,True,True,False,True,False,True,False,True,True,True,False,True,False,True,True,False,True,True,True,True,False,True,False,True,True,False,False,False,True,False,True,True,True,True,False,True,False,False,False,True,False,True,False,False,False,False,False,False,True,True,False,False,False,True,True,False,False,False,True,False,False,False,False,False,True,False,False,True,False,False,True,True,False,False,False,True,True,False,False,False,True,False,False,True,False,True,True,False,False,False,False,False,False,False,True,False,False,True,False,False,True,False,True,False,True,False,False,False,True,True,True,True,True,False,False,True,False,False,False,True,False,False,True,False,False,True,False,False,False,False,False,True,False,False,True,True,True,False,True,True,False,True,False,False,True,False,False,True,False,False,False,False,False,False,False,True,True,False,False,True,False,False,False,False,True,False,True,False,True,False,True,False,False,False,False,False,False,False,False,False,False,True,False,False,False,False,False,False,False,True,False,False,False,True,True,True,True,True,True,False,False,True,False,False,True,True,False,False,False,True,False,True,False,False,False,False,True,False,False,True,False,True,False,False,False,True,False,True,True,False,False,False,True,False,True,False
153.Philadelphia_Vireo,True,False,True,False,True,False,False,True,True,False,True,True,True,False,True,False,True,True,True,True,False,True,True,True,True,True,False,True,True,False,True,False,True,True,True,False,True,False,False,True,False,False,True,True,False,True,False,True,False,True,True,False,True,True,False,True,True,True,False,False,False,False,False,False,False,True,False,True,True,False,True,True,True,True,False,False,False,False,True,False,False,False,True,True,False,True,True,True,False,True,True,False,False,True,True,True,False,True,True,False,True,True,True,True,True,False,True,True,True,True,True,True,False,False,False,False,False,True,True,True,True,True,True,False,False,True,False,True,True,False,True,False,False,True,False,True,True,True,True,True,False,True,False,False,False,False,False,True,False,False,True,False,False,False,False,True,False,True,False,False,False,False,True,True,False,False,True,False,False,False,True,False,True,True,True,False,False,False,False,False,False,True,False,False,False,True,True,False,False,True,True,False,False,False,True,False,False,True,True,True,True,True,True,False,False,True,False,True,False,False,False,False,False,False,False,False,True,False,False,False,False,False,False,False,False,False,True,True,False,False,True,False,True,False,True,False,True,False,False,True,True,False,True,False,False,True,False,False,False,True,True,False,True,False,False,False,True,True,False,False,True,True,False,True,True,True,False,False,True,False,False,True,False,True,False,False,True,False,False,False,False,False,False,True,True,False,True,True,False,False,True,False,False,True,True,False,False,False,False,False,False,True,False,False,False,True,True,True,True,True,True,False
154.Red_eyed_Vireo,False,False,False,True,True,True,False,False,False,False,False,True,True,False,True,True,True,False,False,False,False,False,True,True,True,True,False,False,True,True,True,True,True,False,True,True,False,False,True,False,False,False,True,False,True,True,False,True,True,False,True,True,False,False,False,True,False,True,False,True,False,False,True,False,False,True,False,False,True,True,False,True,True,True,True,False,False,False,True,True,False,True,True,True,True,True,True,True,True,True,False,True,False,False,False,True,True,True,True,True,True,True,False,True,False,True,True,False,True,True,False,True,False,False,False,False,False,True,True,False,False,True,True,False,False,True,True,False,True,True,False,False,True,False,False,True,True,False,False,True,True,True,False,False,True,True,False,True,False,False,False,False,False,False,False,False,False,True,False,False,False,True,True,True,True,False,True,True,False,True,True,False,True,True,False,False,False,True,False,True,False,True,False,True,False,False,False,True,False,False,False,True,True,False,True,False,False,True,False,True,False,False,False,True,False,False,False,False,False,False,False,False,False,True,True,False,False,False,False,True,True,True,False,True,False,False,False,False,False,False,False,False,True,True,True,False,True,True,False,False,True,False,True,True,True,False,False,True,True,True,True,False,True,False,False,True,False,True,True,False,False,True,True,False,True,True,True,False,True,False,False,True,False,True,False,True,False,False,False,False,False,True,False,False,False,False,True,True,False,True,True,True,False,True,True,False,False,False,False,True,True,True,True,False,False,False,True,False,False,True,True,False
155.Warbling_Vireo,False,True,True,True,True,False,True,False,True,True,False,False,True,False,False,False,False,True,False,False,False,False,False,True,True,True,True,False,True,False,True,True,False,False,False,True,True,True,True,True,False,False,True,False,True,True,False,False,True,True,False,True,False,False,True,True,True,True,False,False,False,False,True,True,True,True,True,False,True,False,False,False,True,False,True,True,True,True,False,True,False,True,True,False,True,True,False,True,True,False,False,False,True,True,False,True,True,True,True,False,False,False,False,True,True,True,True,True,False,False,True,False,False,False,False,True,False,False,False,False,False,False,True,True,False,False,False,False,True,False,False,False,True,True,True,False,True,True,True,True,False,True,True,True,False,True,True,True,False,True,False,True,False,False,False,False,False,False,True,False,False,True,True,False,True,False,False,True,False,True,False,False,True,False,True,True,False,False,False,True,False,True,True,False,True,False,False,False,True,False,False,False,True,False,False,False,False,False,True,True,False,False,False,True,False,True,False,False,False,False,False,True,False,False,True,True,False,True,False,False,False,True,False,True,True,True,False,True,False,False,False,False,False,False,False,True,False,True,True,True,False,False,False,False,False,True,False,False,False,True,True,True,False,True,False,False,True,True,False,True,False,True,True,True,True,True,True,True,False,True,False,False,False,False,False,False,False,True,False,False,False,False,True,False,False,True,True,True,False,False,False,False,True,True,False,True,False,True,True,False,False,True,False,False,True,True,False,False,False,True,False,False
156.White_eyed_Vireo,True,True,False,True,False,False,True,True,True,True,True,True,False,True,False,False,False,True,False,False,True,False,True,True,False,False,True,False,True,False,True,True,True,True,True,True,False,True,False,False,True,False,False,False,True,False,True,True,True,False,True,False,False,False,False,True,True,True,False,True,True,True,True,True,True,True,True,True,False,False,False,True,True,False,True,True,False,True,False,True,False,False,False,False,True,False,False,True,False,True,True,True,True,True,False,True,True,True,False,False,False,False,True,True,True,True,False,False,False,True,False,True,False,False,True,False,False,False,False,False,False,False,False,False,False,True,True,True,False,False,False,True,True,False,False,False,False,False,False,True,False,True,True,False,False,False,False,True,True,True,True,True,True,False,False,False,True,False,False,True,True,True,False,True,False,False,False,False,False,True,False,False,False,True,True,True,True,False,False,True,False,True,True,True,False,False,False,False,True,False,True,True,False,False,False,False,True,True,True,False,False,True,False,False,True,False,True,False,False,False,True,True,True,False,False,False,True,False,False,True,False,False,True,False,False,False,True,True,True,False,False,True,True,True,False,True,False,False,True,False,True,False,True,False,True,True,True,False,False,True,False,False,True,False,True,False,True,True,True,False,False,True,True,True,False,True,False,True,True,False,True,False,False,False,True,False,False,True,True,False,False,True,False,False,False,True,False,False,True,True,False,True,True,True,True,False,False,True,False,False,False,False,True,False,False,False,False,True,False,True,True,False
157.Yellow_throated_Vireo,True,False,False,False,True,True,True,False,True,True,False,False,True,True,True,False,False,True,False,False,False,True,True,False,False,False,True,True,False,True,True,False,True,True,True,True,False,True,True,True,True,True,True,False,False,True,False,True,False,False,True,True,True,True,False,False,False,False,True,True,True,True,True,True,True,False,False,False,True,False,True,True,True,False,True,True,False,True,False,False,True,False,False,True,False,True,True,False,True,False,True,False,False,False,True,False,True,True,True,False,True,True,True,True,True,True,True,True,True,False,True,True,False,True,True,False,True,True,False,False,True,False,True,False,False,True,False,True,True,True,True,True,True,False,True,True,False,False,False,True,True,False,True,False,False,False,False,True,False,False,False,False,False,False,True,False,True,True,True,True,True,True,True,False,False,False,True,False,False,True,False,False,False,True,True,False,False,False,False,True,True,True,False,True,False,False,False,True,False,True,True,True,False,True,False,False,True,False,False,True,False,False,False,False,True,False,False,False,False,True,False,False,False,True,False,False,False,True,False,False,False,False,False,False,False,False,True,False,True,False,False,False,True,True,True,True,True,True,True,False,False,False,False,True,False,True,False,False,False,False,True,False,True,True,False,False,True,False,True,True,True,True,True,True,False,True,False,False,True,True,False,True,False,False,True,False,False,True,False,False,False,True,True,False,True,False,False,False,False,False,False,True,True,False,False,False,False,True,False,False,False,False,False,True,False,False,True,True,False,False,True,False
158.Bay_breasted_Warbler,True,False,False,True,False,True,True,True,True,True,True,True,False,True,True,True,True,False,True,True,False,True,True,False,True,True,False,False,True,True,True,True,False,False,False,True,False,False,False,False,True,True,True,True,True,True,False,False,False,True,True,True,True,True,True,True,True,False,True,True,True,True,False,True,False,True,True,False,False,True,False,True,True,True,False,True,False,True,True,True,False,True,True,True,True,True,True,False,True,True,True,True,False,True,True,False,True,True,True,True,True,False,False,False,True,False,True,True,False,True,False,False,False,False,False,False,False,False,True,True,False,False,True,True,False,False,True,True,False,True,False,True,False,False,False,True,False,False,False,False,False,False,False,True,False,False,True,True,False,False,False,True,True,False,False,False,False,True,True,True,True,False,True,True,False,True,False,True,True,False,False,True,True,True,False,True,False,False,True,False,False,True,False,False,False,False,True,False,False,False,True,True,False,False,False,False,False,False,False,True,False,False,False,True,True,False,False,True,True,True,True,False,False,True,True,False,True,False,True,False,True,False,True,False,False,True,False,False,True,False,False,False,True,True,True,False,False,True,True,False,False,False,False,True,False,True,True,False,True,False,True,True,True,True,False,True,False,True,False,True,True,False,False,True,True,True,True,False,False,True,False,True,True,False,False,False,True,False,False,False,True,True,False,False,False,True,False,False,True,False,True,False,True,True,False,False,False,False,False,False,True,True,True,False,False,False,True,True,True,False,False,False
159.Black_and_white_Warbler,False,True,True,True,True,True,False,False,False,False,False,True,True,True,True,True,False,False,True,True,False,False,True,True,True,False,True,True,False,True,False,False,False,True,False,True,False,True,False,False,False,True,False,False,True,True,True,True,False,True,False,False,False,True,True,False,True,True,True,True,True,False,False,False,True,True,True,True,False,True,False,True,False,True,True,False,True,True,True,False,True,True,True,True,False,False,True,False,True,True,False,True,False,True,False,True,True,True,True,False,False,False,True,True,False,True,True,True,False,False,True,False,True,False,False,False,True,False,True,True,True,False,True,True,False,False,False,False,False,False,True,False,True,False,False,False,True,False,False,True,True,True,True,True,True,False,False,False,False,False,False,True,False,True,False,True,False,True,True,False,True,False,False,False,False,False,False,False,False,True,True,False,True,False,False,True,True,False,True,False,False,True,True,False,True,False,False,False,False,False,False,True,False,False,False,False,False,True,False,True,False,False,True,True,False,False,False,False,True,False,False,True,False,True,True,True,False,True,False,True,False,False,True,True,True,False,True,False,True,True,False,False,False,False,False,False,True,False,True,False,True,False,True,True,False,False,True,False,True,True,True,False,True,True,False,False,False,False,False,False,True,True,True,True,False,False,True,False,True,False,True,False,False,False,False,False,True,False,False,False,True,False,True,False,False,False,True,True,False,False,False,False,False,True,True,True,False,True,True,False,False,False,False,False,True,False,False,False,False,True,True,False
160.Black_throated_Blue_Warbler,False,False,True,False,True,False,True,True,True,False,True,False,False,True,False,False,True,False,False,True,False,True,True,True,False,True,True,True,False,True,False,True,False,True,False,True,False,True,False,True,False,True,True,True,False,True,True,True,False,False,False,True,False,False,False,False,False,True,True,False,True,False,True,True,True,False,False,False,False,False,True,True,True,True,False,True,True,True,True,True,False,False,True,True,False,True,True,False,True,True,True,False,False,True,False,True,True,True,True,True,True,False,True,True,False,False,False,True,False,True,True,False,True,True,False,False,True,True,False,True,True,False,True,False,False,False,True,False,False,True,False,True,False,True,False,True,False,False,False,False,False,True,False,True,False,False,True,False,False,False,False,False,False,True,False,True,True,True,False,True,True,True,False,True,False,False,False,True,True,True,True,False,False,False,False,False,True,False,False,True,True,False,False,False,False,False,True,False,False,False,False,False,True,False,False,False,False,True,True,False,True,True,False,False,False,True,False,True,True,True,False,True,True,False,False,True,False,False,True,False,False,False,True,False,True,True,False,True,True,False,False,False,False,False,False,True,False,False,True,False,False,True,False,True,False,True,False,True,False,False,False,True,False,False,False,False,False,False,False,False,False,False,True,False,False,False,False,True,True,False,False,False,False,True,False,False,True,True,True,False,False,True,False,True,False,False,False,True,False,True,False,False,True,False,True,False,False,True,False,False,False,True,True,False,False,True,True,False,True,True,True,True
161.Blue_winged_Warbler,True,True,True,True,False,False,False,True,False,True,True,True,True,False,False,True,True,True,True,False,False,True,True,True,True,True,True,False,True,True,False,False,True,True,True,False,True,False,False,True,False,True,False,True,False,False,True,False,True,True,True,False,False,True,False,False,False,False,True,False,False,False,True,True,True,False,True,True,True,False,False,False,False,False,False,False,False,False,False,True,True,False,True,True,False,True,True,True,True,False,True,False,False,True,False,True,True,True,True,True,False,False,False,True,True,True,False,True,False,True,True,True,False,True,False,False,True,False,False,False,False,True,False,False,True,True,False,False,False,False,False,False,True,True,False,False,False,True,False,True,True,False,False,False,False,False,True,True,False,True,True,False,False,False,False,True,False,False,False,True,False,False,False,True,True,False,False,False,False,False,False,False,False,False,False,False,False,False,True,True,True,False,False,False,True,False,True,False,False,True,False,False,True,True,False,False,True,False,False,False,True,True,True,True,False,True,True,False,False,False,True,False,False,True,False,True,False,False,False,True,True,True,True,False,False,True,True,True,False,False,True,True,False,True,False,False,False,True,True,False,True,False,False,True,False,False,False,False,False,False,True,True,True,False,False,True,False,False,False,True,True,True,True,False,False,False,False,True,False,True,True,False,True,False,False,True,False,False,False,False,True,False,False,False,False,True,False,False,False,False,False,True,False,True,False,True,True,True,False,False,True,False,False,True,True,False,False,True,True,False,False,False
162.Canada_Warbler,False,True,False,True,False,False,False,True,True,True,True,False,False,True,True,True,True,False,False,True,True,True,True,False,True,False,False,False,True,False,False,False,False,True,True,False,False,False,False,False,False,False,True,False,True,True,True,True,True,True,True,False,True,True,True,True,False,True,False,True,True,False,False,False,False,True,True,True,False,True,True,True,True,False,True,True,False,True,True,True,True,True,False,False,True,True,False,True,True,True,False,True,False,False,True,True,False,True,True,True,False,False,True,True,True,True,True,True,False,False,True,False,False,False,True,True,False,False,False,False,True,True,True,True,False,False,True,False,False,False,False,False,False,True,False,False,True,True,False,False,True,False,True,False,True,False,False,False,False,True,False,True,False,False,False,False,True,False,False,False,False,False,False,False,False,True,False,True,True,False,True,False,False,False,False,False,False,False,False,False,False,True,True,True,True,False,False,False,False,False,False,False,False,True,True,True,False,True,False,False,False,False,True,False,True,True,False,False,False,True,True,True,False,True,True,False,True,False,False,True,False,True,False,True,False,False,True,False,False,True,False,True,False,True,False,True,True,False,True,False,True,False,False,True,True,True,False,False,False,False,False,True,True,True,True,True,True,True,False,True,True,False,True,False,False,False,False,False,False,False,True,False,False,True,False,False,True,True,True,False,True,False,False,False,False,True,False,False,False,False,False,True,True,False,False,False,True,False,False,False,False,True,False,True,True,False,False,False,False,False,True,False
163.Cape_May_Warbler,True,True,False,True,True,False,True,True,True,False,True,True,True,True,True,True,True,False,True,True,True,True,False,True,False,True,True,True,False,False,False,True,True,False,True,False,False,True,False,True,False,True,False,True,True,True,False,True,True,True,True,False,True,True,True,False,True,True,False,True,True,True,True,True,True,True,False,False,True,True,False,False,True,False,True,False,True,False,True,False,False,True,True,True,False,True,True,False,True,False,False,False,False,True,True,True,False,False,True,True,True,False,False,True,False,False,True,True,True,False,True,False,True,False,True,False,True,False,False,True,True,False,True,True,True,False,False,True,False,False,False,False,False,True,False,False,True,True,True,False,False,False,True,False,True,False,False,True,True,True,False,True,False,False,True,False,False,False,False,False,True,False,False,True,True,False,True,False,False,False,True,True,True,False,False,True,False,False,False,False,False,False,False,True,False,False,True,False,True,True,True,False,True,False,True,False,True,False,True,True,False,False,False,False,True,True,False,True,False,False,False,True,True,False,True,True,False,False,False,False,False,True,False,True,False,False,True,False,True,True,False,False,True,True,False,True,False,True,True,True,False,False,True,False,True,False,False,False,False,False,False,True,True,False,True,False,False,False,True,False,True,False,True,True,False,True,False,False,False,False,True,False,False,False,True,True,False,True,False,True,False,True,True,False,False,True,False,True,True,False,False,True,False,True,False,True,False,False,False,False,False,False,True,False,False,False,False,False,False,True,True,True
164.Cerulean_Warbler,True,False,True,False,False,False,True,False,True,False,True,True,True,True,False,True,True,False,False,True,True,True,True,True,True,True,True,True,True,False,True,True,False,True,True,True,False,True,True,False,True,True,False,False,True,False,False,False,False,True,True,False,True,True,True,True,False,True,True,True,False,False,False,False,False,True,True,False,False,True,False,False,True,True,True,True,False,False,False,False,True,True,True,True,False,False,True,False,True,True,True,False,False,True,True,True,False,True,False,True,False,True,True,True,False,True,True,False,True,True,True,True,False,False,False,False,False,False,False,False,False,False,True,False,True,True,True,False,True,True,False,True,False,False,False,False,False,False,False,True,False,False,True,False,True,True,False,True,False,False,False,True,False,True,False,True,True,False,False,False,True,False,False,True,False,False,False,False,False,False,True,False,True,True,True,False,True,False,False,False,False,False,True,False,True,True,True,True,False,True,True,True,False,False,True,False,False,False,False,False,False,False,True,True,False,False,True,False,False,True,False,True,False,False,False,True,True,True,True,False,True,True,False,False,False,True,True,False,False,False,False,False,False,True,False,False,False,False,True,False,False,False,True,True,False,True,True,False,False,False,True,True,False,True,False,True,True,True,False,False,True,True,True,True,False,False,False,False,False,True,False,True,True,True,False,True,True,False,False,False,False,False,True,False,False,True,True,True,True,True,True,False,True,False,True,False,False,True,False,False,False,False,False,False,True,False,False,True,True,True,False,False
165.Chestnut_sided_Warbler,True,True,False,False,True,False,True,False,False,False,False,True,True,True,False,True,True,False,False,True,False,True,True,True,False,False,True,False,True,True,True,True,True,True,True,False,False,True,False,True,False,False,True,True,False,False,False,True,True,False,True,True,True,True,False,True,False,False,True,True,True,True,False,False,True,True,True,False,False,False,True,False,False,False,True,True,True,False,False,True,True,True,False,True,True,True,False,True,False,False,True,False,False,False,False,False,False,True,False,False,False,True,True,True,True,True,False,True,False,True,True,False,False,False,True,False,True,False,False,True,False,True,False,False,False,True,True,False,False,False,False,False,False,True,True,False,False,True,True,False,True,True,True,False,False,False,True,False,False,True,True,True,False,False,False,True,False,False,False,False,True,True,False,False,True,False,True,False,False,False,False,True,True,True,True,True,False,False,True,False,False,False,True,True,False,False,False,False,False,False,True,False,True,False,False,False,True,False,False,False,False,False,False,False,False,False,False,False,False,True,True,True,False,True,False,True,True,True,False,False,False,True,False,True,False,False,True,True,True,True,True,True,False,False,False,False,True,False,True,True,True,True,False,False,False,False,False,False,True,False,False,False,True,False,False,False,False,True,False,False,False,False,False,False,True,True,True,True,False,False,False,True,True,True,True,True,False,False,False,False,False,False,False,False,True,True,False,False,False,True,False,False,False,False,False,False,False,False,True,True,False,True,False,False,False,True,True,True,False,False,True,True
166.Golden_winged_Warbler,True,True,True,True,True,False,False,True,False,False,True,True,False,True,True,False,True,False,True,False,True,True,True,True,True,True,False,True,True,True,False,True,False,True,False,False,True,True,True,False,False,True,True,True,True,True,True,False,True,True,False,True,True,True,False,True,True,False,False,False,True,True,False,False,True,False,True,True,False,False,False,False,True,False,True,False,False,True,False,True,True,False,False,True,False,False,True,False,False,False,True,True,False,False,True,False,True,False,True,True,True,False,False,False,True,True,True,False,False,True,True,True,False,False,True,True,True,True,False,True,False,True,True,False,False,False,False,True,False,False,False,False,False,True,True,False,True,True,True,True,False,True,False,False,True,False,False,False,False,False,False,True,False,False,False,False,False,True,True,False,False,False,True,False,True,True,False,True,False,False,False,False,True,False,False,False,False,True,False,False,True,False,True,False,False,False,True,False,True,False,True,False,False,True,False,True,True,True,True,False,True,False,True,False,True,False,True,True,False,False,True,True,True,False,True,False,False,False,False,True,True,False,False,False,False,True,False,True,True,True,False,False,True,True,False,False,True,False,False,True,True,False,True,True,True,False,False,False,False,True,True,False,False,True,False,True,True,False,False,True,False,True,True,True,False,False,False,True,False,False,True,True,False,False,False,True,False,False,True,False,False,True,False,True,False,False,False,False,True,True,False,True,False,True,True,False,True,False,False,True,False,False,False,False,True,False,False,False,False,True,True,True
167.Hooded_Warbler,True,True,True,True,False,False,True,False,True,False,True,False,True,False,False,False,True,False,False,True,True,True,True,True,False,True,False,False,True,True,False,False,False,False,True,False,False,True,False,False,False,True,True,True,True,True,True,True,False,False,True,False,False,False,True,False,True,True,True,True,True,False,True,True,True,True,True,True,True,False,False,True,False,True,False,False,True,False,False,True,True,False,False,True,True,True,False,True,True,False,True,True,True,False,False,True,True,False,True,False,True,True,True,True,False,True,True,True,False,True,True,True,False,True,True,False,False,False,True,False,False,False,False,False,False,False,True,False,True,False,False,False,False,True,True,False,True,False,True,True,False,False,False,True,False,False,False,False,True,True,False,True,True,False,True,False,True,False,False,False,False,False,True,False,True,False,False,False,False,True,False,True,True,False,False,False,False,False,True,False,False,False,True,False,False,True,True,True,True,False,True,False,False,True,False,True,False,False,False,True,False,False,True,True,False,False,False,False,False,True,True,False,True,True,False,False,False,True,True,True,True,False,True,False,False,False,False,False,False,False,True,True,False,True,False,False,False,True,False,False,False,False,True,True,False,False,True,False,True,True,True,True,False,True,False,True,False,False,False,False,False,True,True,False,True,False,False,False,True,False,False,True,True,False,False,True,False,True,True,False,True,False,False,True,True,False,False,False,False,False,False,True,False,True,False,False,False,False,True,True,True,False,True,False,True,False,True,False,False,True,False,True
168.Kentucky_Warbler,True,True,False,False,True,True,False,True,True,False,True,True,True,False,False,True,False,True,False,False,True,True,False,True,False,False,False,True,True,False,True,False,False,True,True,False,True,True,False,False,False,True,True,True,False,False,True,True,True,False,False,False,False,True,True,True,False,True,False,True,True,True,True,True,True,False,False,True,True,False,True,False,True,False,True,True,False,False,False,False,False,True,True,False,False,False,True,True,True,True,True,False,True,True,True,False,True,True,True,True,True,True,True,True,False,True,True,True,True,True,True,True,True,False,True,True,False,False,False,False,False,True,False,True,True,True,True,False,True,False,False,False,False,True,True,True,False,True,True,True,False,False,False,True,False,False,True,False,True,False,False,False,True,True,True,True,True,True,False,False,True,False,True,True,False,True,False,True,False,False,True,True,False,False,True,False,False,True,True,True,True,False,False,False,True,True,False,True,True,False,False,True,False,False,False,False,False,False,True,False,False,False,True,False,True,True,False,True,False,False,False,False,False,True,False,False,True,True,True,True,True,False,True,True,False,True,False,False,False,False,False,True,False,True,True,False,False,True,False,False,True,False,False,True,True,False,False,True,False,True,False,True,True,False,False,False,False,False,True,True,False,True,False,True,True,True,False,False,True,True,False,True,True,False,False,True,False,True,False,True,True,False,True,False,True,True,True,False,True,True,False,False,True,True,False,False,False,False,False,False,True,True,False,False,False,False,True,False,False,False,True,True
169.Magnolia_Warbler,True,False,False,False,False,True,False,True,True,True,True,True,True,True,True,False,True,False,True,False,False,False,False,True,True,True,False,True,True,True,True,False,True,True,True,False,True,False,True,True,True,True,True,True,False,False,True,False,True,False,True,False,True,True,True,False,True,False,True,False,True,True,True,False,False,False,False,False,True,True,False,True,True,True,True,True,True,True,False,False,True,False,False,True,False,False,True,True,True,True,True,True,True,False,True,False,False,True,True,True,False,True,True,True,True,False,False,False,True,False,True,True,True,False,False,True,True,False,True,False,True,True,False,False,False,False,False,False,True,False,False,False,True,True,False,False,False,False,False,False,False,True,True,False,False,False,False,True,False,True,True,True,False,False,True,True,True,True,True,False,False,True,False,False,True,False,False,True,True,False,True,False,False,True,False,False,True,True,True,False,False,False,True,False,True,False,True,False,True,False,True,False,False,False,True,False,False,False,True,False,False,False,False,False,True,True,False,False,True,True,False,False,False,False,True,False,False,False,True,False,False,False,False,True,True,True,False,False,False,True,False,True,False,True,True,False,False,True,False,False,False,False,False,True,True,False,False,True,True,True,False,True,False,False,False,True,True,True,False,False,False,False,True,False,True,False,False,False,False,True,False,False,False,True,False,False,True,False,False,True,False,False,True,True,True,False,False,False,False,False,False,True,True,False,False,True,False,False,True,True,False,False,False,True,False,True,False,True,False,False,False,True
170.Mourning_Warbler,True,True,True,True,True,True,False,True,True,True,True,True,True,False,False,False,False,True,False,False,True,True,True,True,True,True,True,False,True,False,True,False,False,False,True,True,True,False,True,True,True,True,True,True,True,False,False,False,True,True,True,False,True,True,True,False,False,False,True,True,False,True,False,True,False,True,True,False,True,False,True,False,False,False,False,False,True,False,False,True,False,True,True,False,True,True,True,False,True,True,True,True,False,True,False,True,False,False,True,False,False,True,True,False,False,False,False,True,False,False,True,True,False,True,True,True,True,True,False,False,True,True,False,True,False,True,False,True,False,True,True,True,False,False,True,True,False,True,False,False,False,False,True,True,False,True,False,False,False,False,False,False,False,True,False,False,False,True,False,False,True,True,False,True,True,True,False,False,False,False,True,False,False,False,False,False,False,True,False,True,True,False,False,False,True,False,True,False,True,False,False,False,False,False,False,False,True,False,False,False,False,True,False,False,True,True,False,True,True,True,True,False,False,True,True,False,True,False,False,True,False,True,False,True,True,True,False,True,False,False,False,False,False,False,False,False,False,True,False,False,True,True,False,False,False,False,True,True,True,False,True,True,True,True,False,True,False,False,False,False,False,True,True,True,False,False,False,True,False,True,True,True,False,True,False,True,True,True,False,True,True,False,False,False,True,False,False,True,True,False,True,True,True,False,False,True,False,True,True,False,False,True,False,False,False,False,False,False,False,False,False,False
171.Myrtle_Warbler,False,True,True,True,False,False,True,True,False,True,True,True,True,False,True,True,True,True,True,True,False,True,True,False,True,False,True,True,True,True,True,False,True,True,True,True,True,False,True,True,False,False,True,False,True,True,True,True,False,True,False,True,True,False,True,True,True,True,True,True,True,False,False,True,False,False,False,False,False,False,False,False,False,False,True,True,True,True,True,True,False,False,False,False,True,True,True,True,True,False,False,False,True,False,True,False,True,True,False,True,False,True,True,False,True,False,True,True,False,True,True,True,False,False,False,True,False,False,False,False,False,True,False,False,False,False,False,False,False,False,False,False,True,True,False,False,True,False,True,True,False,True,False,True,False,False,False,True,True,False,False,False,False,False,False,False,True,False,False,False,False,False,False,False,False,True,False,False,True,False,False,True,True,True,False,True,False,True,False,False,False,False,True,False,True,False,False,False,False,True,False,False,False,True,False,True,False,False,True,True,False,False,True,True,True,False,False,False,True,False,False,False,False,True,False,True,False,True,False,True,True,False,True,False,False,False,False,True,True,True,True,False,True,False,False,False,False,True,True,False,False,True,False,False,True,False,True,True,False,False,False,False,False,False,True,False,False,False,False,True,True,False,False,True,True,False,False,False,False,False,True,False,True,True,False,True,True,True,False,True,False,False,False,True,False,True,False,False,True,True,True,False,True,False,False,True,False,False,True,True,True,False,True,True,False,False,True,True,False,False,False,False
172.Nashville_Warbler,False,True,True,True,True,False,False,True,False,True,True,False,True,True,True,False,True,False,True,False,True,True,False,True,False,True,True,True,False,True,False,False,False,True,True,False,True,False,False,False,False,False,False,True,True,True,False,False,False,False,True,False,True,True,True,True,False,False,False,True,True,True,False,True,True,True,True,False,True,True,False,False,False,True,True,False,True,True,True,False,True,False,True,True,False,False,False,True,True,True,False,True,True,False,True,False,False,True,False,False,False,True,False,True,True,False,False,True,True,False,True,True,False,False,True,False,True,False,True,False,True,False,False,True,True,True,True,False,False,True,False,True,True,False,False,False,False,False,False,True,True,True,True,False,False,True,True,False,True,False,False,True,True,False,False,True,True,True,True,True,True,True,False,True,False,True,False,True,True,False,False,True,False,False,True,True,False,False,False,True,True,False,True,True,True,False,True,True,False,True,False,True,True,False,False,False,True,True,False,True,False,False,True,True,False,True,True,True,True,False,False,False,False,False,False,True,False,False,False,False,True,False,True,False,False,True,False,False,True,False,False,True,False,True,True,True,True,True,True,False,False,False,True,False,True,True,True,False,False,True,False,False,False,False,False,False,False,True,True,True,False,False,True,True,False,True,False,False,False,True,False,True,True,False,False,False,False,False,False,False,False,False,False,False,True,True,True,True,False,True,False,True,False,False,False,True,True,False,False,False,True,True,False,False,False,True,False,False,False,False,True,False
173.Orange_crowned_Warbler,False,True,True,False,True,False,True,False,True,True,True,True,False,True,True,True,True,True,False,True,True,False,True,True,False,False,True,False,False,True,True,False,True,False,False,True,False,False,False,False,True,True,False,True,True,True,True,True,True,False,True,True,True,False,True,True,True,False,False,True,True,True,False,True,False,True,True,False,True,True,False,False,True,False,True,False,True,True,False,True,False,False,True,True,True,True,True,True,True,True,True,True,True,False,False,False,True,True,True,False,False,True,True,False,True,True,False,True,True,True,False,True,False,False,False,False,True,False,False,True,False,False,True,True,False,True,True,False,False,False,True,False,False,True,False,False,False,False,False,True,True,True,True,False,True,True,True,False,False,True,False,True,True,False,False,False,False,False,False,False,True,True,True,False,False,False,False,False,True,False,True,False,False,False,False,False,False,True,False,True,False,True,True,False,False,True,True,True,True,True,True,True,False,True,True,True,True,False,False,False,False,False,False,False,False,False,True,True,True,False,False,True,True,True,False,True,True,False,True,True,True,True,False,False,False,True,False,True,False,False,False,True,False,False,True,True,True,True,False,True,False,False,False,False,False,True,False,False,True,False,False,False,False,False,False,False,False,True,False,False,True,True,False,True,False,False,False,True,True,False,True,True,True,True,False,False,False,True,True,False,False,True,False,False,False,False,False,True,False,True,False,False,False,True,True,True,False,False,True,True,False,True,True,False,False,True,False,False,False,False,True,False
174.Palm_Warbler,False,False,False,False,True,False,True,True,False,False,True,False,False,True,True,True,True,True,True,True,True,False,True,False,True,True,False,True,True,True,True,True,False,False,False,False,False,True,False,False,True,True,True,True,True,True,True,True,False,True,False,True,True,False,False,False,True,False,True,True,True,True,False,True,True,True,True,True,True,False,False,False,True,True,True,True,True,True,False,True,False,True,True,True,False,True,True,True,True,True,False,True,True,False,True,True,True,True,False,True,True,True,False,True,False,True,True,True,True,True,True,False,True,True,False,True,False,False,True,False,False,True,True,False,True,False,False,False,False,True,False,False,False,True,True,False,True,False,True,False,False,False,True,True,True,False,False,False,True,False,False,False,False,False,False,False,True,True,True,False,True,False,False,True,True,False,False,False,False,False,True,False,True,False,True,False,False,False,False,True,True,False,True,False,False,True,False,False,True,False,False,True,False,False,False,False,True,True,True,False,True,True,False,False,False,False,True,True,False,False,True,True,True,False,True,False,False,False,False,False,False,False,False,False,False,False,False,False,False,False,True,False,False,False,True,True,True,False,False,False,False,False,False,True,False,True,False,False,False,True,False,True,True,False,False,False,True,True,False,False,False,False,True,False,False,True,False,True,False,True,True,True,False,False,True,True,True,False,True,False,False,True,True,False,False,True,True,True,False,False,True,False,False,False,True,False,True,False,True,True,False,True,False,False,False,True,False,False,True,False,False,False
175.Pine_Warbler,True,True,True,False,False,True,True,False,True,False,True,False,False,False,True,True,True,True,False,False,False,True,False,True,True,False,True,False,True,False,True,True,False,False,True,False,True,False,True,True,False,False,False,True,True,True,True,False,True,True,True,True,False,True,True,True,True,True,False,True,True,True,False,False,True,False,True,False,True,True,True,True,True,False,True,True,False,True,False,True,False,False,True,True,False,True,False,False,True,True,True,True,True,False,True,True,False,True,True,True,True,True,False,True,True,True,True,True,True,True,True,True,False,True,True,False,False,False,False,True,True,True,True,False,True,False,False,False,True,False,False,False,True,False,True,False,False,False,True,False,False,False,False,False,False,False,False,False,True,False,True,False,False,True,True,True,False,False,False,False,False,True,False,False,False,False,False,True,False,False,False,False,True,False,False,False,True,False,True,True,False,True,True,False,False,False,True,True,True,False,False,False,False,False,True,False,False,True,False,True,False,False,True,False,False,False,False,False,False,False,False,True,False,True,True,False,False,False,False,True,False,False,True,True,True,False,False,False,False,True,False,False,True,True,False,True,False,False,False,False,True,False,False,False,True,True,False,True,True,True,False,False,False,True,True,True,True,False,False,True,False,True,True,False,True,False,True,True,True,False,False,False,False,False,False,False,False,True,True,False,False,False,True,True,False,False,True,False,True,False,True,False,False,False,True,False,False,False,False,False,True,False,True,True,False,True,False,False,True,False,True,False
176.Prairie_Warbler,True,False,True,False,True,True,True,False,False,True,True,True,False,True,True,True,True,True,False,True,True,True,False,False,False,True,True,True,False,True,False,True,True,False,False,False,False,True,False,True,True,True,False,True,False,True,True,False,False,True,True,True,False,True,True,True,True,False,True,True,True,True,True,False,False,True,True,False,False,True,True,True,True,True,False,False,False,True,True,False,True,True,True,True,False,True,True,True,False,False,False,True,True,True,False,False,True,False,True,False,True,True,True,False,False,True,False,True,True,True,False,False,True,True,True,False,True,True,True,False,True,False,False,False,False,False,False,False,False,False,False,False,True,False,True,False,False,False,False,False,True,False,False,False,False,True,False,False,False,False,False,False,False,False,False,False,False,False,True,True,True,True,False,True,True,True,False,True,False,True,True,False,True,False,False,False,False,False,True,False,True,False,False,False,False,True,True,False,False,False,False,True,False,False,True,True,True,False,True,False,False,True,False,False,True,False,False,False,True,True,False,False,False,True,False,False,False,False,True,True,True,False,False,True,False,False,True,False,False,False,True,False,True,False,True,True,False,True,False,False,True,False,True,False,False,False,False,False,True,True,False,False,False,True,True,False,True,True,False,False,False,True,True,False,False,False,False,True,True,True,True,False,False,False,True,True,True,True,True,True,True,True,True,False,False,False,True,True,False,False,False,False,False,True,False,False,False,True,True,True,True,True,False,False,True,False,False,True,False,False,False,False
177.Prothonotary_Warbler,False,True,True,True,True,False,False,False,True,False,True,True,True,True,False,True,True,True,False,False,False,True,False,False,False,True,True,False,False,False,True,True,False,True,True,True,True,False,True,True,False,False,False,False,True,False,False,True,False,True,True,True,True,True,True,False,True,True,True,False,False,False,False,False,True,True,True,True,False,False,True,True,False,False,False,False,True,False,True,True,True,True,True,False,True,True,False,False,True,True,False,False,False,True,False,True,True,True,True,False,True,False,True,True,False,True,True,False,False,True,True,True,False,False,True,False,True,True,True,False,True,True,False,False,False,False,True,True,False,True,False,True,True,False,False,False,False,True,False,False,True,False,True,False,False,False,False,True,False,False,True,True,False,True,False,True,False,True,True,False,True,True,True,False,False,True,False,False,False,False,True,False,False,False,True,False,False,True,True,True,False,False,False,True,False,True,False,True,False,True,True,False,False,False,False,True,True,False,False,False,False,True,False,False,False,True,False,False,False,False,True,True,False,False,False,False,False,False,True,False,True,True,True,True,False,True,False,False,True,True,False,False,True,False,False,True,False,True,False,True,False,False,True,True,False,False,False,False,True,False,True,False,True,True,False,False,False,True,False,True,False,False,False,False,False,False,True,True,True,False,False,True,True,False,False,True,True,False,False,False,False,False,False,False,False,True,False,False,True,False,True,False,True,False,False,False,False,False,False,True,False,False,True,False,True,True,False,False,False,True,True,False
178.Swainson_Warbler,True,True,False,True,False,False,False,True,True,False,False,False,False,True,False,True,True,True,False,False,True,True,False,False,False,False,True,True,True,True,True,False,True,False,False,False,True,True,True,False,True,False,True,False,True,False,True,False,True,True,True,True,False,False,True,True,True,True,False,False,True,True,True,True,True,True,True,True,True,False,True,True,False,True,True,True,True,True,False,True,True,True,False,True,False,True,True,True,True,True,False,True,True,True,True,False,False,True,False,False,False,True,True,False,False,True,True,True,True,True,True,True,False,False,False,False,False,True,True,False,False,False,True,False,True,False,True,True,False,True,False,True,True,False,False,False,False,False,False,True,False,True,True,False,False,True,True,False,False,False,True,False,True,False,True,True,True,False,True,False,False,False,True,True,True,True,True,False,False,False,True,True,False,False,True,True,True,False,False,False,False,False,False,False,True,False,False,False,False,True,False,False,False,False,True,False,False,True,False,False,False,False,True,True,False,True,False,False,True,False,False,False,True,True,False,False,True,False,False,True,False,False,False,False,True,True,True,False,True,True,True,True,False,True,True,True,True,False,False,False,False,False,False,True,True,True,False,True,False,False,False,True,False,True,False,False,False,True,False,False,False,False,False,True,True,True,False,True,True,False,False,False,False,True,False,True,True,True,False,True,False,True,False,True,False,True,False,False,False,True,False,False,False,True,False,True,True,True,False,False,False,True,True,True,False,True,False,False,False,True,False,False
179.Tennessee_Warbler,True,False,True,True,True,False,True,False,True,False,False,False,True,True,True,False,True,False,False,False,True,True,True,True,True,True,True,False,False,False,True,True,True,False,True,True,True,True,True,True,True,True,True,False,True,True,True,False,True,True,False,False,True,False,True,True,True,True,False,True,False,False,True,False,False,True,True,True,False,True,False,False,False,True,True,True,True,False,False,False,True,False,False,False,False,True,True,True,True,True,False,True,True,False,False,True,True,True,True,False,False,True,True,False,True,True,True,False,False,True,True,True,True,False,True,False,True,False,False,True,True,True,True,False,False,True,False,False,False,True,False,True,True,True,False,False,True,True,False,False,False,False,True,False,False,False,False,True,False,False,True,True,False,True,False,False,True,True,False,False,False,False,False,False,False,False,False,False,True,False,True,True,False,False,False,True,False,True,False,False,False,False,False,False,True,False,False,False,False,True,False,False,True,True,True,True,False,False,False,True,True,True,True,True,False,False,False,True,True,False,False,False,True,False,False,False,True,True,True,True,True,False,False,False,False,False,False,True,False,False,False,True,False,True,True,True,False,False,False,True,True,False,True,True,False,False,True,True,False,False,False,False,False,True,False,False,False,False,False,False,False,True,False,False,True,False,True,False,False,False,True,False,False,False,False,False,False,False,False,False,True,True,True,False,False,True,True,True,False,False,False,False,False,True,True,True,False,False,False,False,True,False,True,True,True,True,False,True,False,False,False,False
180.Wilson_Warbler,False,False,False,False,True,True,True,True,True,False,False,False,True,False,True,True,True,False,True,False,True,False,True,True,False,False,False,True,False,True,False,True,False,False,True,False,True,False,True,True,False,True,True,False,True,True,True,True,True,True,True,True,True,True,True,False,True,False,False,True,False,False,True,True,True,True,True,True,True,False,True,True,True,False,False,True,False,False,True,True,True,True,True,True,True,True,True,True,False,True,False,True,True,False,False,True,True,True,False,False,False,False,True,False,True,False,False,True,True,False,True,True,False,True,False,False,False,False,False,True,False,False,False,False,False,False,False,False,True,False,False,True,True,True,False,True,True,True,False,True,False,True,False,False,True,True,True,True,False,False,False,False,False,False,True,True,False,True,False,False,False,True,False,False,True,True,False,True,False,False,True,True,False,True,True,False,False,True,False,False,False,True,True,True,False,True,True,False,False,True,True,False,False,True,False,True,False,True,False,False,True,False,False,False,True,False,False,False,False,False,False,False,False,False,False,False,True,False,False,False,True,False,True,False,False,True,True,False,False,True,True,False,False,False,True,False,True,False,True,True,True,False,True,True,True,True,True,False,True,True,False,True,False,False,False,False,False,False,False,False,True,True,False,False,True,True,False,True,True,False,False,False,True,True,True,False,False,True,False,False,False,True,True,False,False,False,False,False,True,True,True,True,False,True,False,True,True,False,False,True,True,True,False,False,False,True,False,False,False,True,False,True
181.Worm_eating_Warbler,False,True,True,True,False,False,True,False,True,True,True,True,True,False,True,False,False,True,True,True,False,False,False,False,True,True,True,True,True,True,True,False,True,True,False,False,True,True,True,True,False,False,False,True,True,True,False,True,True,True,True,True,False,True,True,True,True,False,True,True,False,True,True,True,False,False,False,False,True,False,False,False,False,True,True,True,True,False,True,False,True,True,True,True,False,True,True,True,True,True,False,False,True,True,True,True,True,False,True,True,True,True,True,False,False,True,False,False,True,True,True,False,False,True,False,False,False,True,True,True,True,False,True,False,False,False,False,True,False,True,False,False,True,True,False,True,True,True,True,False,False,True,True,False,False,False,False,False,False,False,False,True,True,True,True,True,True,False,False,True,False,True,True,False,False,False,False,True,False,False,False,True,False,False,False,True,False,True,False,False,False,True,True,True,True,False,False,False,False,True,False,True,False,True,False,False,True,False,True,True,False,True,True,True,False,False,False,True,False,False,False,True,False,False,True,True,True,False,True,True,False,False,False,False,False,False,False,False,False,True,True,False,True,False,False,True,False,False,False,False,True,True,False,False,False,False,False,False,True,True,True,False,False,False,False,True,True,True,True,True,False,True,False,True,False,True,True,False,True,False,False,False,True,True,True,False,False,True,True,True,False,True,False,False,False,False,False,False,True,False,True,False,True,True,False,False,False,False,False,False,False,True,True,False,False,True,True,True,True,True,True,False
182.Yellow_Warbler,False,False,True,False,True,False,False,False,True,True,True,True,True,True,False,True,True,False,False,True,True,True,True,False,False,True,True,False,True,True,True,True,True,False,False,False,False,True,True,False,True,True,False,True,True,True,False,True,True,False,True,False,False,True,False,False,True,False,True,False,True,True,False,False,True,True,True,False,False,False,False,True,True,False,False,False,False,True,True,False,True,True,True,False,False,False,True,False,True,False,False,True,False,False,True,False,True,False,False,False,True,False,True,True,False,True,False,True,False,True,False,True,False,False,True,False,True,True,True,False,True,True,False,True,False,False,False,True,False,False,True,True,False,False,False,False,True,False,False,False,True,True,True,False,True,False,False,False,True,False,False,False,True,True,True,False,False,True,False,True,False,True,True,True,True,True,False,False,False,True,False,False,False,False,True,False,True,True,True,False,False,True,False,False,True,True,False,False,False,True,False,False,False,False,False,False,False,False,False,False,False,True,False,True,True,False,False,False,False,False,False,False,True,True,False,True,True,True,True,False,True,True,False,False,True,True,True,False,True,False,False,True,False,True,False,True,False,False,True,False,False,True,True,True,True,False,True,True,False,True,False,False,False,False,False,False,False,False,False,False,False,False,False,True,False,False,False,True,True,False,False,True,True,True,True,True,False,True,False,False,True,True,False,False,False,True,False,False,False,False,False,False,False,True,False,False,False,True,False,False,False,True,False,False,False,False,False,True,True,True,False,True
183.Northern_Waterthrush,True,True,True,True,True,True,True,False,True,True,True,False,True,True,True,True,True,False,True,True,False,False,True,False,False,True,False,True,True,False,True,False,True,True,True,False,True,False,False,True,True,True,False,False,False,True,True,False,True,True,False,False,True,True,False,True,False,False,False,False,False,True,False,True,False,True,True,True,True,False,False,True,False,False,True,True,True,True,False,True,True,True,True,True,True,True,True,True,True,True,False,True,True,True,True,True,True,False,True,True,True,True,False,False,True,False,False,True,False,True,True,True,True,False,False,True,False,False,False,False,True,False,False,False,False,True,False,False,True,False,True,False,True,True,False,True,True,False,True,True,True,False,False,True,False,True,False,False,False,False,True,False,False,False,False,True,False,True,True,True,True,True,True,True,True,False,True,False,False,False,True,False,False,False,False,False,True,False,True,True,True,True,False,True,False,False,True,False,True,True,False,True,False,False,False,True,True,False,True,True,False,True,False,False,True,False,False,False,True,False,False,False,True,False,False,False,True,True,False,True,True,True,True,False,False,True,True,True,False,True,True,True,True,False,True,False,False,False,True,True,True,True,False,True,True,True,False,True,False,False,False,False,False,True,False,False,True,False,True,False,False,True,False,False,False,True,False,True,True,True,False,False,False,True,True,False,False,False,False,False,False,True,False,True,False,False,True,True,False,False,False,False,False,False,False,False,False,True,True,True,True,False,True,True,True,True,True,False,False,False,False,False
184.Louisiana_Waterthrush,True,False,True,False,False,False,False,False,True,True,True,False,False,False,False,True,True,False,True,True,False,True,True,True,True,True,True,False,True,False,True,True,True,True,False,True,True,True,True,False,False,False,False,True,True,True,True,False,True,True,True,False,True,False,False,False,False,True,True,True,False,True,True,True,True,True,False,True,False,True,False,True,True,False,True,True,True,False,False,True,True,True,False,True,False,True,True,False,True,True,True,True,True,True,True,True,False,True,False,False,True,True,False,False,True,False,False,False,False,True,True,True,True,False,False,False,False,True,False,True,False,False,True,False,True,True,False,True,True,False,True,False,False,False,False,True,True,False,False,False,False,False,True,True,True,False,True,False,False,False,False,False,True,True,False,True,True,False,True,False,True,False,True,False,False,False,True,False,False,False,False,True,False,False,False,True,True,True,False,False,False,False,False,False,False,False,True,True,False,False,False,False,True,False,True,False,False,True,False,True,False,False,False,False,True,False,False,False,False,True,True,False,False,False,True,True,False,True,True,True,False,False,True,False,False,True,True,False,False,True,False,False,False,False,False,False,True,False,True,False,False,False,False,True,True,True,True,False,False,False,False,True,False,False,True,True,True,True,False,False,True,False,True,True,False,False,True,True,True,True,False,False,False,False,True,True,True,False,False,False,False,True,True,True,False,False,False,False,True,False,False,True,True,False,False,False,False,False,False,False,False,False,True,True,True,True,False,False,False,True,True,False
185.Bohemian_Waxwing,True,True,True,True,False,True,True,True,False,False,False,False,True,False,True,True,False,True,True,False,True,False,False,True,False,True,True,True,False,False,False,False,True,True,False,True,False,True,False,True,False,True,False,True,True,True,True,False,False,True,False,True,True,True,True,False,False,False,False,True,False,False,True,True,True,False,True,False,False,False,False,True,False,False,True,False,True,False,True,False,False,True,False,True,True,True,True,True,True,False,False,True,False,False,True,True,True,False,True,True,False,True,True,False,True,False,True,False,True,True,True,False,False,False,False,False,True,True,True,False,True,False,True,True,False,True,False,False,False,True,False,False,False,False,True,False,True,True,False,False,True,False,True,True,False,False,True,False,False,True,False,True,False,False,True,False,False,False,True,False,False,False,True,True,False,False,True,False,True,False,False,False,False,False,False,False,True,False,False,False,True,False,True,True,False,False,True,True,False,False,True,True,False,False,True,False,False,False,False,True,False,True,True,False,False,True,False,True,True,False,True,False,True,False,False,True,False,False,False,False,False,True,False,False,False,False,True,False,True,False,True,True,False,False,False,False,False,True,False,False,True,False,True,True,True,False,True,False,True,False,True,False,True,True,False,False,False,False,False,False,True,False,False,True,False,False,False,True,True,False,True,False,False,True,True,True,False,True,False,True,False,True,False,False,False,False,True,False,False,False,True,False,True,False,True,False,True,False,False,False,True,False,False,False,False,False,True,True,False,False,True,True
186.Cedar_Waxwing,False,True,False,True,True,True,False,False,False,True,True,False,True,False,True,True,False,True,True,False,True,False,True,True,False,True,True,True,True,True,True,True,True,False,False,True,True,True,True,False,False,False,True,False,False,True,True,False,False,False,True,True,False,True,True,True,False,False,True,False,True,True,True,False,True,True,True,True,True,False,True,False,False,False,True,True,True,True,False,False,True,True,True,True,False,True,True,False,True,True,True,True,False,True,False,False,False,True,True,False,True,False,True,True,True,True,False,True,False,False,False,False,True,True,True,True,False,False,True,False,False,True,False,False,False,False,True,False,False,True,False,False,True,False,False,True,False,False,False,False,False,False,False,True,False,False,False,True,True,False,False,False,True,False,False,True,True,False,True,False,True,False,False,False,False,True,False,True,True,False,True,True,False,False,False,False,False,True,False,False,True,False,False,False,False,False,False,False,False,True,True,True,False,False,True,False,False,False,True,False,False,False,False,True,False,False,False,False,True,True,True,True,False,False,True,False,True,True,False,False,False,False,False,False,False,False,False,True,True,False,False,False,False,True,False,False,False,False,False,False,False,True,False,False,False,False,False,True,True,True,True,False,True,True,True,False,True,True,True,False,False,True,False,False,True,False,True,True,False,True,False,True,False,True,True,False,False,True,False,True,False,True,True,False,False,False,False,False,True,False,False,False,False,True,False,False,False,False,True,False,False,True,True,True,False,False,False,True,True,False,False,True
187.American_Three_toed_Woodpecker,True,True,True,True,True,False,True,True,False,True,True,True,True,True,True,True,False,False,True,True,False,True,True,True,True,True,True,False,False,True,True,False,True,True,True,False,True,True,False,False,True,True,False,False,False,False,True,True,False,True,True,False,True,False,True,True,False,True,True,False,True,False,False,True,False,True,True,True,False,False,True,True,True,True,True,True,False,True,True,True,True,True,True,True,True,True,False,True,True,False,True,False,True,True,True,True,True,False,True,False,False,True,True,False,True,True,False,True,True,True,False,True,False,False,False,True,True,False,True,False,True,True,True,False,False,False,False,False,False,True,False,True,False,True,True,True,False,True,False,False,True,True,True,True,False,True,False,True,False,True,False,True,False,True,True,True,False,False,True,False,True,False,False,True,False,False,False,False,False,False,True,True,False,True,True,True,False,False,False,False,False,True,True,False,True,False,True,False,False,False,False,False,False,False,True,False,False,False,False,False,False,False,False,True,False,False,True,True,False,False,False,False,True,False,False,True,False,False,False,True,True,False,False,False,False,False,False,True,True,False,False,False,False,True,False,False,False,False,False,True,False,False,False,True,False,False,False,False,False,False,True,False,False,False,False,False,False,False,True,False,False,False,False,True,True,False,False,False,False,False,False,False,False,False,False,False,False,True,False,False,False,True,True,False,True,True,False,True,True,False,False,False,False,False,True,True,True,True,True,False,False,False,True,True,True,True,True,False,False,True,False,True
188.Pileated_Woodpecker,True,True,True,False,True,True,False,True,True,True,False,False,False,True,False,True,False,True,True,True,True,False,True,True,True,True,False,False,True,True,True,True,False,True,True,True,True,True,True,True,True,False,False,True,True,False,False,True,True,False,True,True,False,True,True,False,False,False,False,False,True,True,True,True,True,True,True,True,False,True,False,False,True,True,False,True,True,False,False,True,False,True,False,True,False,False,False,True,True,True,False,True,False,False,False,True,True,True,False,True,False,False,True,True,False,False,False,True,True,False,True,True,False,False,False,False,True,False,True,False,True,False,True,True,True,False,False,True,False,False,False,False,False,False,False,True,False,False,False,False,False,True,False,False,False,True,False,False,True,False,True,False,True,False,False,True,True,False,False,True,False,False,False,True,False,True,False,True,False,False,False,True,True,True,True,False,False,True,False,False,True,False,False,True,False,True,False,False,True,False,False,False,False,True,True,True,False,True,False,False,False,True,False,False,False,False,True,True,False,True,False,False,False,False,True,True,True,False,False,False,False,False,True,False,True,True,False,True,True,True,False,False,False,False,False,True,False,False,True,False,True,True,True,False,False,False,True,True,False,True,False,False,True,True,False,True,False,False,False,False,False,False,True,False,False,False,True,False,True,False,True,True,False,False,False,True,False,True,False,True,False,False,False,False,False,False,False,True,False,False,True,True,False,True,False,True,False,True,False,False,True,True,False,True,True,False,True,False,False,False,True,True
189.Red_bellied_Woodpecker,True,False,True,False,False,True,False,False,False,True,False,True,True,True,True,True,True,False,True,True,False,False,False,True,False,True,False,True,True,False,True,True,True,False,False,True,True,True,True,False,True,True,True,False,True,True,False,True,False,False,False,False,True,False,False,False,True,True,True,False,False,False,True,True,False,True,True,False,True,False,True,False,True,True,True,False,False,False,True,True,False,True,False,True,False,False,True,False,True,True,True,True,True,False,True,True,True,True,False,False,True,True,False,False,True,True,True,True,True,True,True,True,False,False,False,True,False,False,False,True,True,True,False,False,False,True,True,True,False,False,False,True,True,False,True,False,False,False,True,True,False,False,False,False,True,False,True,True,False,True,True,False,False,False,True,False,False,False,False,True,True,False,False,False,False,False,False,False,False,False,False,False,False,False,True,False,True,False,False,False,True,True,False,False,False,False,True,False,True,False,False,False,True,True,False,True,False,True,True,True,True,False,False,False,True,True,False,False,True,False,False,True,True,True,False,True,False,False,True,False,True,False,True,True,False,True,True,True,False,True,True,False,False,False,True,True,False,False,True,True,False,False,False,False,False,False,True,False,False,False,False,True,False,False,False,True,True,False,True,True,True,False,False,False,True,False,False,True,True,False,True,True,False,False,True,True,False,True,False,False,False,True,True,False,True,False,False,False,False,False,True,False,True,True,True,False,False,True,False,False,False,False,True,False,False,False,False,False,False,False,True,True
190.Red_cockaded_Woodpecker,True,True,False,False,True,True,True,False,True,False,False,False,True,True,False,True,True,True,True,False,False,True,True,True,True,True,True,True,True,True,True,True,True,False,True,True,False,True,True,True,True,True,True,True,True,True,False,False,True,True,False,True,True,False,True,True,True,True,True,True,True,True,True,False,True,False,False,False,False,False,True,True,True,False,True,False,True,True,True,True,False,False,False,False,True,True,False,True,True,True,True,False,False,True,True,False,False,False,True,False,False,True,True,False,False,True,True,False,True,False,True,True,False,False,False,True,False,True,False,False,False,False,False,False,False,False,False,True,True,True,False,True,True,True,True,True,False,False,False,False,False,False,False,False,True,False,True,False,True,False,True,False,False,False,False,False,True,False,True,False,False,True,False,True,True,True,True,True,True,False,False,False,False,True,False,True,True,True,False,True,True,False,False,False,True,True,False,False,False,False,False,False,True,True,False,False,True,True,True,True,False,False,False,False,False,False,False,True,True,False,False,False,True,False,True,False,False,True,False,True,False,False,False,True,False,True,True,False,True,True,False,True,True,False,False,False,False,False,True,False,False,False,False,False,True,True,True,False,False,False,False,False,False,False,False,True,True,True,True,True,False,True,False,True,False,True,True,False,False,True,True,False,True,False,False,False,False,True,False,False,False,False,False,False,False,False,False,False,True,False,False,True,True,False,True,True,False,False,False,False,False,False,True,False,True,True,True,False,True,False,False,True
191.Red_headed_Woodpecker,True,False,True,True,True,True,False,True,False,False,True,False,True,False,True,True,False,False,False,True,False,True,False,True,True,False,True,True,False,True,False,False,False,True,True,True,True,False,True,False,False,True,True,False,True,False,False,False,True,True,True,True,True,False,False,True,True,True,True,False,False,False,True,True,True,True,False,False,True,False,True,False,False,False,True,False,True,True,True,True,True,False,False,True,True,False,True,False,False,False,False,True,False,False,True,True,True,True,True,True,True,True,True,False,True,False,False,True,False,True,False,False,False,True,True,False,True,False,False,False,False,True,False,False,True,False,False,True,True,False,True,False,False,False,False,False,False,False,False,False,False,False,True,False,False,False,True,False,False,True,True,False,True,False,False,False,True,False,False,False,False,True,False,False,False,False,False,False,False,False,False,True,False,True,False,False,False,True,False,False,True,False,True,False,False,True,True,False,False,False,False,False,False,False,False,False,True,False,False,False,True,False,True,False,True,True,False,False,False,False,False,True,False,False,True,False,True,False,False,True,False,False,False,True,False,False,False,False,True,True,True,True,False,False,False,True,True,False,True,False,True,False,True,False,False,True,False,True,False,False,False,False,True,False,False,False,False,False,False,False,False,False,False,True,False,False,True,True,True,True,True,True,False,True,False,True,False,True,True,False,True,False,False,True,True,False,False,True,False,False,True,False,False,True,False,False,True,True,False,True,False,False,True,True,True,False,False,True,False,False,True,True
192.Downy_Woodpecker,False,False,True,False,False,False,True,False,False,False,True,True,False,True,False,False,False,True,True,True,True,False,False,True,True,True,False,False,True,False,True,True,False,True,False,False,True,True,False,True,True,False,True,True,True,True,True,False,True,True,True,False,True,False,False,True,True,False,True,True,True,False,True,True,True,False,True,False,False,True,False,True,False,True,True,True,True,False,False,True,True,False,True,False,True,True,True,True,True,True,True,True,True,False,True,True,True,True,False,True,True,False,True,False,True,False,False,True,True,True,False,False,True,False,False,True,False,False,False,False,False,False,False,False,True,False,False,False,True,False,True,True,False,False,False,True,False,True,False,True,False,True,False,True,False,True,False,False,False,True,False,False,False,False,False,True,True,True,True,False,False,True,True,True,True,False,False,True,False,True,False,True,False,True,False,False,True,False,True,False,False,False,True,False,False,False,False,False,False,False,False,False,True,False,False,False,False,False,False,True,True,True,False,False,True,False,True,True,False,True,False,False,False,False,False,True,True,False,True,False,False,False,True,False,True,True,False,True,False,False,False,False,False,True,True,True,True,False,True,False,True,False,False,True,True,True,False,False,False,True,True,True,True,True,False,False,True,False,True,True,False,False,True,False,False,False,False,False,True,True,True,True,True,False,False,True,False,True,True,False,True,False,False,False,False,False,False,True,True,True,False,False,False,True,True,True,False,False,False,False,False,False,True,True,False,False,False,False,False,False,True,False
193.Bewick_Wren,False,False,True,False,True,True,True,False,False,True,True,True,True,False,True,True,False,True,True,False,True,False,True,False,True,False,True,False,True,False,False,True,True,False,False,False,False,False,True,True,True,False,False,False,True,False,True,True,False,True,True,False,True,False,True,True,False,False,False,False,False,True,False,True,True,False,False,True,False,True,True,False,False,True,False,True,True,True,False,True,False,True,True,True,True,True,True,False,True,False,True,False,False,False,True,True,True,False,False,False,True,True,False,False,True,False,True,False,True,True,True,False,False,False,False,True,False,False,True,True,True,False,False,True,True,False,False,False,True,True,True,False,False,True,False,False,True,False,False,False,False,False,False,False,True,False,True,True,False,False,False,False,True,False,False,True,True,True,False,False,False,True,True,False,True,False,False,False,True,False,True,True,False,False,True,True,False,True,False,False,False,False,True,True,True,False,True,True,False,False,False,True,False,True,False,True,True,False,True,False,False,True,False,True,False,False,True,False,True,True,False,True,False,False,False,False,True,True,False,False,True,False,True,True,False,True,False,False,False,False,True,False,False,True,False,True,True,False,False,False,False,False,True,True,False,False,False,False,False,True,False,False,True,False,False,False,False,False,False,False,True,False,False,False,False,False,True,True,True,False,False,False,True,True,False,False,True,True,False,True,True,True,True,False,False,False,False,False,False,False,False,False,False,True,False,False,False,False,False,False,True,False,False,False,True,True,False,False,False,True,True,True
194.Cactus_Wren,False,True,False,False,True,True,True,True,False,False,True,True,False,False,False,True,True,False,False,True,True,True,True,False,True,False,True,True,False,False,True,True,True,False,False,True,True,False,True,True,False,True,True,True,True,True,False,True,True,True,False,False,True,True,True,True,False,False,True,True,True,True,False,True,False,False,False,False,True,True,True,False,True,True,True,False,True,True,True,False,True,False,False,True,True,True,True,True,False,True,False,False,False,True,False,True,True,True,True,True,True,True,False,False,True,True,False,False,False,True,True,True,True,False,False,True,False,False,True,True,False,True,True,False,False,False,False,True,True,False,False,False,True,False,False,False,False,False,True,True,True,True,False,False,False,False,True,True,True,False,False,True,False,True,True,False,True,True,False,True,True,False,False,False,True,True,False,True,False,True,True,False,True,False,False,False,False,False,False,True,True,False,True,False,True,True,False,False,False,False,False,False,True,False,True,False,False,False,True,True,False,True,False,True,False,False,False,False,False,True,False,False,True,False,False,True,True,False,True,False,True,True,False,True,True,False,False,False,False,False,False,True,False,False,False,True,True,False,False,True,False,False,False,False,False,False,True,False,False,True,False,True,False,True,False,False,True,False,True,False,True,True,False,True,False,False,False,True,False,False,False,False,False,False,False,False,True,True,True,False,False,False,False,True,False,True,True,False,True,False,False,True,True,False,False,True,False,False,False,False,False,False,False,False,False,True,True,False,False,False,True,True
195.Carolina_Wren,True,True,False,True,True,False,True,False,False,True,True,True,False,True,False,True,True,True,True,False,True,False,False,True,False,False,True,False,False,False,False,True,True,True,False,True,True,False,True,False,False,False,True,True,False,True,True,True,False,True,False,True,True,False,True,True,True,False,False,True,False,True,False,False,True,True,True,True,False,True,False,True,True,False,True,True,True,True,True,False,False,True,True,False,False,True,True,False,True,False,False,True,False,False,True,True,False,True,True,True,True,True,True,False,False,False,True,True,True,True,True,True,False,False,True,False,True,False,False,False,False,False,False,False,True,True,False,False,True,False,False,True,True,False,False,False,True,True,True,True,False,False,False,True,False,False,False,False,False,True,False,False,True,False,False,False,False,False,False,False,True,False,True,False,False,False,False,True,False,False,False,True,False,False,False,True,True,False,False,False,True,True,False,False,False,False,True,True,False,False,True,True,True,False,False,False,False,True,False,True,True,False,False,False,True,False,False,True,False,False,True,True,True,True,True,True,True,False,True,False,True,False,False,False,False,False,False,True,True,False,False,True,False,True,False,True,False,False,True,False,False,True,False,False,True,False,True,True,False,True,False,False,False,False,False,False,True,False,True,False,False,True,False,True,True,False,True,False,False,False,True,True,False,True,True,False,False,True,True,False,True,False,False,False,False,True,False,True,False,True,False,False,False,True,True,True,False,False,False,False,True,False,True,False,False,False,True,False,False,True,False,True
196.House_Wren,False,True,True,True,True,True,True,True,True,True,True,True,False,False,True,False,True,True,False,True,True,True,True,True,True,True,True,True,True,False,True,False,True,True,True,True,False,True,False,True,True,False,True,False,False,True,True,True,True,True,False,True,True,True,True,True,True,True,False,False,False,True,True,True,True,True,False,False,True,False,False,False,False,True,True,False,False,True,True,True,False,True,True,False,True,True,False,True,True,True,True,True,False,True,True,False,False,True,True,False,False,False,True,False,False,False,True,True,True,False,False,True,True,False,False,False,True,True,True,True,False,False,True,False,True,False,True,False,False,True,True,False,False,False,False,True,True,False,False,True,False,False,True,False,True,True,True,True,True,False,True,False,False,False,False,True,True,True,False,True,False,False,True,True,True,False,False,True,False,False,False,False,False,False,False,True,False,False,False,True,True,True,False,True,True,True,False,False,False,False,False,True,True,False,False,True,False,True,True,True,False,True,True,True,False,False,True,False,True,False,False,False,False,False,False,True,True,False,False,False,True,False,True,False,True,True,False,True,False,False,True,True,False,False,False,True,True,False,False,False,False,True,False,False,False,True,False,False,True,True,False,False,True,True,True,False,True,True,False,False,True,False,False,True,False,False,True,False,False,False,True,False,False,False,True,False,True,True,True,True,False,True,False,True,False,True,False,True,False,True,False,False,True,True,False,False,False,False,True,True,False,False,False,False,True,False,False,True,False,True,True,True
197.Marsh_Wren,True,True,False,False,True,False,True,True,True,True,False,True,True,True,True,True,True,True,False,True,False,True,False,True,True,True,True,True,False,True,True,False,True,False,True,True,True,False,True,True,True,True,True,False,False,False,False,False,True,True,True,False,True,True,True,True,True,True,True,True,False,True,True,True,False,True,False,True,False,True,True,True,False,True,False,False,False,True,True,False,True,True,False,False,False,True,True,False,True,True,False,True,True,False,False,False,True,True,True,True,True,True,False,True,True,True,True,False,True,False,True,False,True,False,False,False,False,True,False,True,True,False,True,False,True,False,False,False,True,True,False,False,True,False,True,False,False,True,False,True,False,True,False,False,True,False,False,False,False,False,False,False,True,True,False,True,False,False,True,False,False,False,True,True,True,True,False,True,True,False,False,True,False,False,False,True,True,True,True,False,True,False,True,False,True,False,True,True,True,True,False,False,True,True,True,False,False,True,False,True,False,True,False,False,False,True,False,False,False,False,False,True,False,True,False,False,False,False,False,True,False,False,True,True,True,False,True,False,False,False,False,False,True,True,True,True,True,False,True,False,False,True,True,False,True,False,False,True,True,False,False,True,True,True,False,False,True,False,True,True,True,False,False,False,False,True,True,False,False,False,False,True,True,True,True,False,True,False,True,False,False,False,True,False,False,True,False,False,True,True,False,True,False,True,True,True,False,True,False,False,False,True,True,False,True,False,False,True,True,True,False,False
198.Rock_Wren,True,True,True,False,False,True,False,False,False,True,True,True,False,False,True,False,True,True,False,True,True,True,True,True,True,True,False,False,True,True,True,True,False,True,False,False,True,False,True,True,False,True,False,False,True,True,False,True,True,True,True,True,False,True,False,True,True,True,False,False,True,False,False,False,True,False,True,False,True,True,False,True,True,False,True,True,False,True,True,True,False,False,True,True,False,False,True,True,False,False,False,False,True,True,True,True,True,False,True,True,True,False,False,True,False,False,False,False,True,True,True,False,False,False,True,True,False,True,False,False,False,False,True,False,False,True,False,True,True,True,False,False,False,True,True,False,False,False,False,True,False,False,True,False,True,False,False,True,False,False,False,False,False,False,False,True,True,True,False,True,False,False,True,False,False,True,False,True,False,True,True,False,False,False,True,False,True,True,False,True,True,False,False,False,False,False,False,False,False,False,False,True,True,True,False,False,True,True,True,False,False,False,False,False,False,True,False,False,False,False,False,True,True,True,True,False,True,False,False,False,False,True,True,False,False,False,False,False,True,False,False,False,True,True,False,True,True,False,False,True,False,False,True,False,False,False,True,False,False,False,True,True,True,False,True,False,False,False,True,False,False,False,True,False,False,False,True,False,True,True,True,True,False,True,False,True,False,False,False,False,False,True,True,False,False,False,True,True,False,False,False,False,False,False,True,False,False,False,False,True,False,False,False,True,True,False,False,True,True,False,False,False
199.Winter_Wren,True,True,False,True,True,True,False,True,True,True,True,True,True,False,True,True,True,True,True,True,True,True,True,True,True,True,False,True,True,True,True,True,True,True,True,False,True,False,True,True,True,True,False,True,False,False,True,False,False,True,True,False,True,True,True,False,False,False,True,False,True,False,False,False,True,False,True,False,True,True,True,False,False,True,True,True,False,False,False,True,False,True,False,False,False,True,False,True,True,True,True,False,True,True,False,False,False,True,True,True,False,False,True,False,True,False,True,True,False,True,False,True,True,False,False,True,True,False,False,False,False,False,True,False,False,False,True,False,False,False,True,False,True,True,True,True,True,True,False,False,False,False,True,False,True,False,False,False,True,True,False,True,True,False,False,False,True,True,True,True,False,False,False,False,True,True,False,False,False,True,False,True,True,False,True,False,True,False,True,True,True,False,False,True,False,False,False,True,True,True,True,True,False,False,False,False,True,False,False,True,False,False,True,False,True,False,False,True,False,True,True,True,True,True,True,False,True,False,False,False,True,False,False,False,True,False,False,True,True,False,True,False,False,True,False,True,False,False,False,True,False,False,False,False,False,True,False,False,True,False,True,False,False,False,True,True,False,False,False,False,False,True,True,False,False,True,False,True,False,False,False,False,False,True,False,False,False,True,False,False,False,True,False,False,False,False,True,False,True,False,True,False,True,True,False,False,True,False,True,False,False,True,False,True,False,False,False,True,True,False,False,True
200.Common_Yellowthroat,False,False,True,False,True,False,True,False,False,True,True,False,False,True,True,True,True,True,False,True,True,True,False,False,False,True,True,False,True,True,True,False,False,False,False,False,True,True,True,True,True,False,True,False,True,False,True,False,False,False,False,False,False,False,False,False,False,True,True,True,True,False,True,True,False,True,True,True,True,False,False,True,False,True,True,True,False,True,False,True,True,True,True,False,True,False,True,False,False,True,True,True,True,True,True,False,False,False,False,False,False,True,False,True,True,False,True,False,False,True,True,False,True,True,False,False,False,True,False,False,False,True,True,False,False,True,True,True,False,False,False,True,False,False,True,True,True,False,False,False,True,False,False,True,False,False,False,False,False,True,True,False,True,False,False,True,True,True,False,False,False,True,True,True,True,True,False,False,False,False,True,False,False,False,False,False,False,False,True,False,False,False,True,True,False,True,False,True,True,False,False,False,False,False,False,False,False,False,False,False,True,True,False,False,True,False,False,True,False,False,False,True,True,True,False,True,True,False,False,False,False,False,False,False,False,True,False,True,True,False,False,False,False,True,False,False,False,False,False,True,True,False,False,True,True,False,True,False,True,True,False,True,False,False,True,True,False,True,False,True,False,True,True,False,True,True,False,True,True,True,True,False,False,True,False,False,True,False,True,False,False,False,False,True,True,True,True,True,False,False,False,False,True,False,True,True,False,True,True,False,False,True,False,True,True,True,True,False,True,False,False,False
