,has_bill_shape::curved_(up_or_down),has_bill_shape::needle,has_bill_shape::spatulate,has_bill_shape::all-purpose,has_wing_color::blue,has_wing_color::rufous,has_wing_color::grey,has_wing_color::orange,has_wing_color::black,has_wing_color::red,has_upperparts_color::blue,has_upperparts_color::rufous,has_upperparts_color::grey,has_upperparts_color::orange,has_upperparts_color::black,has_upperparts_color::red,has_underparts_color::blue,has_underparts_color::rufous,has_underparts_color::grey,has_underparts_color::orange,has_underparts_color::black,has_underparts_color::red,has_underparts_color::buff,has_breast_pattern::spotted,has_breast_pattern::striped,has_back_color::blue,has_back_color::rufous,has_back_color::grey,has_back_color::orange,has_back_color::black,has_back_color::red,has_tail_shape::rounded_tail,has_upper_tail_color::blue,has_upper_tail_color::rufous,has_upper_tail_color::orange,has_upper_tail_color::black,has_upper_tail_color::red,has_head_pattern::unique_pattern,has_head_pattern::eyering,has_breast_color::blue,has_breast_color::rufous,has_breast_color::grey,has_breast_color::orange,has_breast_color::black,has_breast_color::red,has_throat_color::rufous,has_throat_color::grey,has_throat_color::orange,has_throat_color::black,has_throat_color::red,has_eye_color::orange,has_eye_color::buff,has_bill_length::longer_than_head,has_bill_length::shorter_than_head,has_forehead_color::blue,has_forehead_color::rufous,has_forehead_color::grey,has_forehead_color::orange,has_forehead_color::black,has_under_tail_color::blue,has_under_tail_color::rufous,has_under_tail_color::orange,has_under_tail_color::black,has_under_tail_color::red,has_nape_color::blue,has_nape_color::rufous,has_nape_color::grey,has_nape_color::orange,has_nape_color::black,has_nape_color::red,has_belly_color::blue,has_belly_color::rufous,has_belly_color::grey,has_belly_color::orange,has_belly_color::black,has_belly_color::red,has_belly_color::buff,has_wing_shape::rounded-wings,has_size::large_(16_-_32_in),has_size::very_large_(32_-_72_in),has_size::medium_(9_-_16_in),has_shape::long-legged-like,has_shape::swallow-like,has_shape::perching-like,has_back_pattern::spotted,has_back_pattern::striped,has_back_pattern::multi-colored,has_tail_pattern::spotted,has_tail_pattern::striped,has_tail_pattern::multi-colored,has_primary_color::blue,has_primary_color::rufous,has_primary_color::grey,has_primary_color::orange,has_primary_color::black,has_primary_color::red,has_leg_color::rufous,has_leg_color::orange,has_leg_color::red,has_bill_color::rufous,has_bill_color::orange,has_bill_color::red,has_bill_color::buff,has_crown_color::blue,has_crown_color::rufous,has_crown_color::grey,has_crown_color::orange,has_crown_color::black,has_crown_color::buff,has_wing_pattern::solid,has_wing_pattern::spotted,has_wing_pattern::striped,001.Black_footed_Albatross,002.Laysan_Albatross,003.Sooty_Albatross,004.Groove_billed_Ani,005.Crested_Auklet,006.Least_Auklet,007.Parakeet_Auklet,008.Rhinoceros_Auklet,009.Brewer_Blackbird,010.Red_winged_Blackbird,011.Rusty_Blackbird,012.Yellow_headed_Blackbird,013.Bobolink,014.Indigo_Bunting,015.Lazuli_Bunting,016.Painted_Bunting,017.Cardinal,018.Spotted_Catbird,019.Gray_Catbird,020.Yellow_breasted_Chat,021.Eastern_Towhee,022.Chuck_will_Widow,023.Brandt_Cormorant,024.Red_faced_Cormorant,025.Pelagic_Cormorant,026.Bronzed_Cowbird,027.Shiny_Cowbird,028.Brown_Creeper,029.American_Crow,030.Fish_Crow,031.Black_billed_Cuckoo,032.Mangrove_Cuckoo,033.Yellow_billed_Cuckoo,034.Gray_crowned_Rosy_Finch,035.Purple_Finch,036.Northern_Flicker,037.Acadian_Flycatcher,038.Great_Crested_Flycatcher,039.Least_Flycatcher,040.Olive_sided_Flycatcher,041.Scissor_tailed_Flycatcher,042.Vermilion_Flycatcher,043.Yellow_bellied_Flycatcher,044.Frigatebird,045.Northern_Fulmar,046.Gadwall,047.American_Goldfinch,048.European_Goldfinch,049.Boat_tailed_Grackle,050.Eared_Grebe,051.Horned_Grebe,052.Pied_billed_Grebe,053.Western_Grebe,054.Blue_Grosbeak,055.Evening_Grosbeak,056.Pine_Grosbeak,057.Rose_breasted_Grosbeak,058.Pigeon_Guillemot,059.California_Gull,060.Glaucous_winged_Gull,061.Heermann_Gull,062.Herring_Gull,063.Ivory_Gull,064.Ring_billed_Gull,065.Slaty_backed_Gull,066.Western_Gull,067.Anna_Hummingbird,068.Ruby_throated_Hummingbird,069.Rufous_Hummingbird,070.Green_Violetear,071.Long_tailed_Jaeger,072.Pomarine_Jaeger,073.Blue_Jay,074.Florida_Jay,075.Green_Jay,076.Dark_eyed_Junco,077.Tropical_Kingbird,078.Gray_Kingbird,079.Belted_Kingfisher,080.Green_Kingfisher,081.Pied_Kingfisher,082.Ringed_Kingfisher,083.White_breasted_Kingfisher,084.Red_legged_Kittiwake,085.Horned_Lark,086.Pacific_Loon,087.Mallard,088.Western_Meadowlark,089.Hooded_Merganser,090.Red_breasted_Merganser,091.Mockingbird,092.Nighthawk,093.Clark_Nutcracker,094.White_breasted_Nuthatch,095.Baltimore_Oriole,096.Hooded_Oriole,097.Orchard_Oriole,098.Scott_Oriole,099.Ovenbird,100.Brown_Pelican,101.White_Pelican,102.Western_Wood_Pewee,103.Sayornis,104.American_Pipit,105.Whip_poor_Will,106.Horned_Puffin,107.Common_Raven,108.White_necked_Raven,109.American_Redstart,110.Geococcyx,111.Loggerhead_Shrike,112.Great_Grey_Shrike,113.Baird_Sparrow,114.Black_throated_Sparrow,115.Brewer_Sparrow,116.Chipping_Sparrow,117.Clay_colored_Sparrow,118.House_Sparrow,119.Field_Sparrow,120.Fox_Sparrow,121.Grasshopper_Sparrow,122.Harris_Sparrow,123.Henslow_Sparrow,124.Le_Conte_Sparrow,125.Lincoln_Sparrow,126.Nelson_Sharp_tailed_Sparrow,127.Savannah_Sparrow,128.Seaside_Sparrow,129.Song_Sparrow,130.Tree_Sparrow,131.Vesper_Sparrow,132.White_crowned_Sparrow,133.White_throated_Sparrow,134.Cape_Glossy_Starling,135.Bank_Swallow,136.Barn_Swallow,137.Cliff_Swallow,138.Tree_Swallow,139.Scarlet_Tanager,140.Summer_Tanager,141.Artic_Tern,142.Black_Tern,143.Caspian_Tern,144.Common_Tern,145.Elegant_Tern,146.Forsters_Tern,147.Least_Tern,148.Green_tailed_Towhee,149.Brown_Thrasher,150.Sage_Thrasher,151.Black_capped_Vireo,152.Blue_headed_Vireo,153.Philadelphia_Vireo,154.Red_eyed_Vireo,155.Warbling_Vireo,156.White_eyed_Vireo,157.Yellow_throated_Vireo,158.Bay_breasted_Warbler,159.Black_and_white_Warbler,160.Black_throated_Blue_Warbler,161.Blue_winged_Warbler,162.Canada_Warbler,163.Cape_May_Warbler,164.Cerulean_Warbler,165.Chestnut_sided_Warbler,166.Golden_winged_Warbler,167.Hooded_Warbler,168.Kentucky_Warbler,169.Magnolia_Warbler,170.Mourning_Warbler,171.Myrtle_Warbler,172.Nashville_Warbler,173.Orange_crowned_Warbler,174.Palm_Warbler,175.Pine_Warbler,176.Prairie_Warbler,177.Prothonotary_Warbler,178.Swainson_Warbler,179.Tennessee_Warbler,180.Wilson_Warbler,181.Worm_eating_Warbler,182.Yellow_Warbler,183.Northern_Waterthrush,184.Louisiana_Waterthrush,185.Bohemian_Waxwing,186.Cedar_Waxwing,187.American_Three_toed_Woodpecker,188.Pileated_Woodpecker,189.Red_bellied_Woodpecker,190.Red_cockaded_Woodpecker,191.Red_headed_Woodpecker,192.Downy_Woodpecker,193.Bewick_Wren,194.Cactus_Wren,195.Carolina_Wren,196.House_Wren,197.Marsh_Wren,198.Rock_Wren,199.Winter_Wren,200.Common_Yellowthroat
has_bill_shape::curved_(up_or_down),False,True,False,True,True,False,False,False,True,True,False,True,True,True,True,True,True,True,True,True,True,True,True,False,True,False,True,False,True,True,True,False,False,False,False,False,True,True,False,True,True,True,True,False,False,True,True,True,True,True,False,True,True,True,False,False,False,False,True,False,True,True,True,False,True,True,False,True,False,True,True,True,False,True,True,True,True,False,False,False,True,False,False,True,True,True,False,True,True,True,False,True,True,True,True,True,True,False,True,True,False,True,True,False,True,True,True,True,True,True,True,True,True,False,False,True,False,True,True,True,False,False,False,True,True,True,True,True,False,False,True,True,True,True,True,True,False,True,True,True,False,True,False,True,False,True,True,True,True,True,True,False,True,True,False,False,True,True,False,True,True,True,True,True,True,False,True,True,False,True,False,True,False,True,True,True,True,True,True,False,False,False,True,True,False,False,True,True,False,True,True,False,True,True,True,True,True,True,True,True,True,False,True,True,False,True,False,True,True,True,True,False,False,False,False,True,True,False,False,True,True,False,False,True,False,True,True,True,True,False,True,False,False,True,True,True,False,False,True,True,True,True,True,True,False,False,True,True,False,False,False,False,True,False,True,True,False,True,True,False,True,False,True,True,True,False,True,True,False,False,True,False,True,False,True,True,True,False,True,False,True,True,False,False,True,True,True,False,False,True,True,True,True,False,True,True,True,True,True,False,True,True,True,True,True,True,False,False,False,True,False,True
has_bill_shape::needle,False,False,False,False,True,False,True,False,True,True,False,True,True,True,True,True,True,True,True,False,True,True,True,False,True,True,False,True,True,True,True,True,True,False,False,False,False,True,True,False,False,True,True,True,False,True,True,False,False,True,True,True,True,True,True,True,True,True,True,True,True,True,True,True,True,True,True,False,True,True,True,True,False,True,True,True,True,False,True,True,False,False,False,False,False,True,True,False,True,True,True,True,True,True,True,True,False,True,True,True,True,False,True,True,False,True,False,True,False,True,False,True,True,False,False,True,True,False,True,True,True,False,False,True,True,True,False,True,True,True,True,True,False,False,False,True,False,False,False,True,True,True,False,False,True,True,True,True,True,True,False,False,True,True,True,True,True,True,False,True,False,True,True,False,False,True,False,True,True,False,False,True,True,True,True,False,True,False,True,True,True,True,True,True,True,True,True,False,True,True,True,False,True,True,False,True,True,True,False,True,True,True,False,True,True,True,True,True,False,True,False,False,True,True,False,True,True,True,True,False,False,False,False,True,True,False,True,True,True,True,True,False,False,True,True,True,True,True,False,False,False,True,False,True,False,True,False,True,True,True,True,False,False,True,True,False,True,True,True,True,False,True,True,True,True,True,True,True,True,True,True,False,False,False,True,False,True,False,False,False,True,True,True,False,False,True,True,True,True,True,True,True,True,True,False,True,True,False,True,True,True,False,False,True,True,False,True,True,True,False,True,True
has_bill_shape::spatulate,False,True,False,False,True,True,True,True,False,True,True,True,False,True,True,False,True,True,True,False,True,True,True,True,False,False,False,False,True,False,False,True,True,True,True,True,True,True,True,True,True,True,True,True,True,False,True,True,False,True,True,True,True,True,True,True,True,False,True,True,False,False,True,True,True,True,True,False,True,False,True,False,True,True,True,True,True,False,True,True,False,False,True,False,True,True,False,False,True,True,False,False,False,True,True,True,False,True,False,True,True,True,True,True,False,True,True,True,True,True,False,True,True,False,False,True,True,True,True,True,True,True,False,False,True,True,True,True,True,True,False,True,True,True,True,True,False,False,False,False,True,False,False,True,True,True,False,True,True,False,True,False,True,False,True,True,True,True,True,True,False,True,True,False,True,False,False,True,False,False,False,True,False,True,True,False,True,True,True,True,False,True,True,True,True,True,True,True,True,True,True,False,False,True,True,True,True,True,True,False,False,True,True,False,False,False,True,True,False,True,True,True,False,False,True,True,True,False,True,True,True,True,True,False,True,True,False,True,False,False,True,True,True,True,False,True,True,True,False,True,False,True,False,False,True,True,True,False,True,True,True,False,True,False,True,True,True,True,True,True,True,True,True,True,True,True,True,True,False,True,False,True,False,False,True,False,False,True,True,True,False,True,True,False,False,True,True,True,True,True,False,True,True,False,True,True,True,False,True,True,True,True,True,False,False,True,False,True,True,False,True,True
has_bill_shape::all-purpose,True,False,True,False,True,True,True,False,True,True,True,True,True,True,True,True,True,True,True,False,True,False,False,True,True,True,False,True,True,True,True,False,True,True,True,True,False,True,True,True,True,True,False,True,False,True,True,False,True,True,False,True,True,False,True,True,True,False,True,True,False,False,True,True,False,False,False,True,True,False,False,False,True,True,False,False,True,False,False,True,True,False,False,False,True,False,True,True,True,True,False,True,False,True,False,True,True,True,False,False,True,False,True,False,True,False,False,True,True,True,False,True,True,True,True,True,True,False,False,True,False,True,True,True,True,True,True,False,False,True,True,True,True,False,True,True,False,True,False,False,True,True,False,True,True,True,True,False,True,True,True,True,True,True,False,True,True,True,True,True,True,True,True,True,True,False,True,True,True,True,False,False,True,True,False,False,False,True,True,True,False,True,True,True,True,False,True,False,False,True,True,True,True,True,True,True,True,True,False,True,True,True,True,True,True,True,True,True,False,True,False,False,False,True,True,True,True,False,False,False,False,False,True,False,True,True,True,False,True,True,True,False,True,True,False,True,True,False,True,False,True,True,False,True,True,True,True,True,False,True,False,True,False,False,True,True,False,True,False,True,False,False,True,True,False,True,True,True,False,False,True,True,True,False,True,False,True,True,False,True,True,True,False,True,True,False,True,True,True,True,True,True,False,True,False,False,True,True,True,True,True,False,True,True,True,True,True,False,True,True,False,True
has_wing_color::blue,True,True,True,False,False,False,False,False,False,False,True,False,False,False,False,True,False,True,True,False,True,True,False,True,True,True,False,True,False,False,True,False,True,False,False,False,False,False,True,False,False,False,False,False,True,False,False,False,True,False,False,False,False,True,False,False,True,False,False,False,False,True,False,False,False,True,False,False,False,False,False,False,False,False,True,True,False,True,True,False,True,False,False,True,False,True,True,False,True,True,False,True,True,False,False,True,True,True,False,True,True,False,True,False,False,False,False,False,False,False,True,True,False,False,True,False,True,True,True,False,True,True,False,False,True,True,True,True,True,True,False,False,True,True,False,False,True,False,True,True,True,True,True,False,True,True,True,True,True,True,False,False,False,True,True,True,True,False,True,True,True,False,False,True,True,False,True,True,True,True,True,False,True,True,True,False,True,True,True,True,True,True,True,True,False,False,True,True,True,True,True,True,True,False,True,True,True,True,True,True,True,True,False,False,True,True,True,True,True,True,True,True,True,False,False,True,True,False,True,True,False,True,True,False,True,True,True,False,True,True,True,False,False,True,True,False,True,True,True,True,True,True,False,True,True,False,True,True,True,False,True,True,True,True,True,False,True,True,True,True,False,True,True,False,True,True,True,True,True,False,True,True,True,True,False,True,True,False,False,False,True,True,True,False,True,False,False,True,False,True,False,True,True,True,True,True,True,True,False,True,True,True,True,True,True,True,False,True,True,False,False,True
has_wing_color::rufous,True,True,True,True,True,False,False,False,False,False,True,False,True,False,True,False,False,False,True,False,False,False,True,False,True,True,False,False,False,True,False,False,False,False,True,False,True,True,True,False,False,False,False,False,False,False,False,False,False,False,False,False,True,True,False,True,False,False,False,False,True,True,False,False,False,False,True,False,True,True,False,False,False,True,False,False,False,True,True,True,True,False,True,True,True,True,True,False,False,True,True,True,False,False,False,False,False,False,False,False,True,False,False,False,True,True,False,False,False,False,True,False,True,True,True,True,True,True,True,True,True,False,False,True,True,False,True,True,True,True,True,True,True,False,True,False,True,True,False,True,True,False,True,True,False,True,True,False,True,False,True,True,True,False,False,True,True,True,True,False,True,True,False,False,True,False,True,True,False,True,True,True,True,True,False,False,True,True,False,False,False,True,True,True,False,False,True,False,True,True,True,False,False,True,True,True,True,False,True,True,True,True,False,False,True,False,True,True,True,True,True,False,True,True,True,False,True,True,True,False,True,False,False,False,True,True,False,True,True,True,False,False,True,True,True,False,True,True,False,True,True,True,False,False,True,True,True,False,True,True,False,True,True,False,False,True,True,True,False,True,False,True,True,True,False,True,True,False,False,True,True,False,True,True,True,True,True,False,True,False,True,True,True,True,True,True,True,True,False,True,True,True,True,False,True,True,True,True,True,True,False,True,True,True,True,True,True,False,True,True,True,True
has_wing_color::grey,False,True,True,True,False,False,False,True,True,False,True,False,True,False,False,False,False,False,False,True,False,False,False,True,True,True,False,False,False,True,False,True,False,True,True,False,False,False,False,False,False,False,True,True,True,True,True,False,True,True,False,False,True,False,False,False,False,True,False,False,False,False,True,True,False,False,False,False,False,False,True,False,False,False,True,False,False,True,False,True,True,False,False,True,True,True,True,True,False,False,True,False,False,False,False,False,False,True,True,True,False,True,False,False,False,False,True,False,True,True,True,True,True,False,True,True,True,True,True,True,True,True,True,True,False,True,True,False,True,True,True,False,False,False,True,True,True,True,True,True,True,False,False,True,True,False,False,False,True,False,True,False,True,True,True,True,True,True,False,True,True,True,False,False,True,True,True,True,True,False,True,True,False,False,True,False,True,True,True,True,False,True,False,True,True,True,True,True,False,True,True,False,False,True,True,True,False,True,True,False,True,True,True,False,True,False,False,False,True,False,True,True,True,False,True,True,False,True,False,True,True,True,False,True,True,False,False,False,False,False,False,True,True,True,True,False,True,False,True,True,False,True,True,True,False,False,True,True,True,False,True,True,True,True,True,True,True,False,False,False,False,True,True,True,False,False,False,False,False,False,True,False,True,True,False,True,False,False,True,False,False,False,False,True,True,False,True,True,True,True,False,False,True,True,True,False,True,False,True,False,True,True,False,False,False,False,False,True,True,True,True,True
has_wing_color::orange,True,True,True,True,False,True,False,False,False,False,False,False,False,False,False,True,True,False,False,False,False,False,False,True,False,False,False,False,False,False,False,True,False,False,True,True,False,True,False,False,False,True,False,False,True,True,False,False,True,False,False,False,True,False,False,False,False,True,False,False,False,False,False,False,False,False,False,False,False,True,True,True,False,False,True,False,False,True,False,True,True,True,True,True,True,True,True,False,True,True,False,False,False,False,False,False,False,False,False,True,False,False,False,False,True,True,False,False,False,True,False,True,True,False,True,True,False,True,False,True,True,False,True,True,True,False,False,True,True,True,True,True,True,True,False,True,False,True,True,False,True,True,True,True,False,True,True,True,True,True,True,True,False,True,True,True,True,True,False,True,True,True,True,True,True,True,True,False,True,True,True,True,True,False,False,True,True,True,False,True,True,True,True,True,False,False,False,True,True,True,True,False,True,True,True,False,True,True,True,True,True,False,True,False,True,True,True,False,True,True,True,True,True,True,True,True,True,True,True,True,False,True,True,True,True,True,True,True,True,True,True,True,True,False,True,True,True,False,True,False,True,True,True,False,False,True,False,True,True,True,True,True,True,True,True,True,True,True,True,True,True,True,False,True,True,True,False,False,False,False,False,True,True,True,True,False,True,True,True,False,False,True,False,False,False,True,True,True,True,True,True,True,True,True,False,True,True,True,False,True,False,False,True,True,False,True,False,True,True,False,True,True
has_wing_color::black,True,False,True,False,False,True,False,False,True,False,False,False,False,False,True,False,True,True,True,False,True,False,False,True,True,True,False,False,False,False,True,False,True,True,False,False,True,True,True,False,True,False,False,False,False,False,False,False,False,False,False,False,True,False,False,True,False,False,True,False,False,False,True,True,False,True,True,True,False,True,True,False,True,False,False,False,False,True,True,False,True,True,True,True,True,True,True,True,False,True,False,True,False,True,False,False,True,False,True,False,False,False,False,False,False,False,False,False,False,True,True,True,True,True,True,True,True,False,True,False,True,False,False,False,True,True,True,False,True,True,True,False,True,False,True,False,True,False,True,True,True,False,True,False,True,True,True,True,True,True,True,True,True,False,True,True,True,True,False,True,False,False,True,True,False,False,True,True,False,True,True,False,False,True,True,True,False,True,True,True,True,True,False,False,True,False,True,True,False,False,True,True,False,True,False,False,True,True,False,False,True,False,False,False,True,True,True,True,True,True,True,False,True,False,True,True,False,True,False,True,True,False,True,True,False,True,True,True,False,True,True,True,False,True,False,True,True,False,False,True,True,True,True,True,True,True,True,True,False,False,False,True,True,True,True,True,True,False,False,True,True,True,False,True,True,False,True,True,True,True,True,False,True,False,True,False,True,True,False,True,True,True,True,True,True,True,True,False,True,True,True,False,True,True,True,True,True,True,True,False,True,True,False,True,True,True,True,True,True,True,False,True
has_wing_color::red,True,True,True,True,False,False,False,False,True,False,True,False,True,False,False,False,False,False,False,False,False,False,True,True,True,True,True,True,False,True,False,False,False,False,True,False,True,True,True,True,False,False,False,True,False,True,False,False,False,False,True,True,True,False,True,False,False,False,False,False,False,False,False,True,True,False,False,False,False,True,False,True,True,False,False,False,True,True,True,True,True,True,False,True,True,True,True,True,True,True,False,False,False,True,False,True,False,False,False,True,False,False,False,False,False,True,False,True,False,True,False,False,True,False,True,True,True,True,False,True,True,True,True,False,False,False,True,True,False,True,True,True,False,False,False,False,True,True,True,True,True,False,True,False,False,True,False,True,False,True,True,True,True,True,True,False,True,True,False,True,True,True,True,False,False,True,True,True,True,True,False,True,True,True,True,False,True,False,True,False,True,False,True,True,True,True,True,False,True,True,True,True,True,True,True,False,True,True,False,True,True,True,True,False,True,True,True,False,True,False,False,True,False,True,False,True,False,True,False,True,True,True,True,False,True,False,True,True,False,True,True,True,True,True,True,True,False,True,False,True,True,True,True,True,True,False,True,True,True,True,False,True,True,False,True,True,True,True,False,True,True,True,False,True,True,False,True,True,False,True,False,True,False,True,True,True,True,True,False,False,True,True,True,True,False,True,True,True,False,True,False,True,True,True,True,True,True,True,False,True,True,True,False,True,True,True,True,False,True,True,True,False
has_upperparts_color::blue,False,True,True,True,False,False,False,False,False,True,False,False,False,False,False,False,False,False,False,False,True,False,True,True,True,True,False,True,True,True,False,True,False,False,False,False,False,False,True,False,True,False,True,True,True,False,True,True,True,True,False,False,True,True,True,False,False,False,False,False,False,False,False,False,False,False,False,True,False,False,True,False,True,False,False,False,False,True,True,False,False,False,True,True,True,False,True,True,True,True,False,False,False,False,False,True,True,False,True,False,True,False,True,False,False,False,True,True,False,True,True,True,False,False,False,True,True,True,True,False,True,True,True,True,True,True,False,False,True,False,False,False,True,True,False,True,False,False,True,False,False,True,True,True,True,True,True,True,True,True,True,True,True,True,True,True,False,True,True,True,True,False,True,True,True,False,True,False,True,True,True,True,True,False,True,True,False,True,False,False,True,True,True,True,True,True,False,True,False,False,False,True,True,True,True,True,False,True,True,True,True,True,False,False,False,True,False,True,True,False,False,True,False,True,True,True,True,False,True,True,True,True,True,True,True,True,True,True,True,True,False,True,False,True,False,True,False,True,True,True,False,False,True,True,True,False,True,True,True,True,True,False,False,False,True,True,True,True,True,False,False,True,True,True,True,True,False,True,True,True,False,False,False,True,True,True,True,True,False,True,True,True,False,False,True,True,True,False,True,True,True,True,False,True,True,True,True,False,True,True,False,True,True,True,True,True,True,False,True,True,False,True
has_upperparts_color::rufous,False,True,True,False,False,True,True,False,False,True,True,False,True,False,True,False,True,False,False,True,True,False,True,True,False,False,False,False,True,False,False,False,True,True,True,False,False,True,True,True,False,True,False,True,True,False,False,False,False,True,False,False,True,True,False,False,False,True,False,False,False,True,True,False,True,True,False,False,False,False,True,False,True,False,False,True,False,False,True,False,True,True,True,True,True,True,True,False,True,True,True,False,False,True,True,False,False,True,True,False,True,False,False,False,False,False,False,False,False,True,True,False,False,True,False,True,False,True,True,True,True,True,True,True,False,False,True,False,False,True,False,True,True,False,False,True,True,False,True,True,True,True,True,False,False,True,True,True,True,True,False,True,True,True,True,True,False,False,False,True,True,True,True,True,True,True,True,False,True,True,False,True,True,True,True,True,False,True,False,False,True,True,True,True,False,True,True,False,True,True,True,False,False,True,True,False,True,True,False,True,False,True,True,True,True,True,True,True,True,True,True,False,False,True,False,True,False,True,True,True,True,True,True,False,True,True,True,True,False,True,False,True,True,False,False,True,True,True,True,True,True,True,False,False,False,True,True,False,False,False,True,False,False,False,False,True,True,True,True,False,True,True,True,True,True,True,True,True,False,True,False,False,True,True,True,True,True,True,False,True,True,False,True,True,False,False,True,True,True,False,True,False,False,True,True,True,True,True,False,True,True,True,False,False,True,True,True,True,False,True,True,False
has_upperparts_color::grey,True,False,False,False,False,False,True,False,False,False,False,True,True,False,False,True,False,False,False,False,False,False,False,True,False,True,False,False,False,True,True,True,False,False,False,True,False,False,True,False,False,False,False,True,False,True,False,False,False,True,True,False,True,False,False,True,False,False,False,True,False,False,True,False,False,True,False,False,True,False,False,False,False,False,False,False,False,True,True,True,False,False,True,True,True,True,True,True,True,False,True,False,True,False,False,False,False,True,False,True,False,False,True,False,False,False,True,False,False,True,False,False,True,True,True,True,True,True,True,True,False,True,True,True,True,False,False,True,False,False,False,True,False,False,True,True,False,True,True,False,True,False,False,True,False,False,True,False,True,True,True,True,True,True,False,True,True,True,False,False,False,False,False,True,True,True,True,True,False,True,True,True,True,True,True,True,True,True,True,False,False,False,True,True,True,True,True,True,False,True,True,True,True,False,False,False,False,True,True,True,False,True,False,True,True,True,True,True,False,True,True,True,True,True,False,True,True,True,True,True,True,True,True,True,True,True,False,True,True,False,False,True,True,True,True,True,False,True,False,False,True,False,True,True,True,True,True,True,True,True,True,False,True,False,True,False,True,True,True,False,False,True,True,True,True,False,True,True,True,False,True,False,True,True,True,False,True,True,True,False,True,False,True,True,True,True,False,True,True,False,False,True,True,True,False,True,True,True,True,True,True,False,False,True,True,False,True,True,True,False,True,True
has_upperparts_color::orange,True,True,False,False,True,False,False,False,False,False,False,False,True,False,False,False,False,False,False,True,False,True,False,True,True,False,True,True,False,False,True,True,False,True,True,False,False,True,True,False,False,False,True,False,False,True,False,True,False,False,True,False,True,True,False,False,True,False,True,False,False,False,False,False,True,False,True,False,True,False,True,False,True,False,False,True,False,True,True,False,False,False,True,True,False,True,True,True,False,False,True,False,False,True,False,False,False,True,False,True,False,False,False,False,True,False,False,False,False,True,True,True,True,True,True,True,False,True,False,True,True,False,False,False,False,True,True,True,True,False,True,True,False,False,True,False,False,False,False,False,False,True,False,False,False,True,False,True,True,True,False,False,False,True,True,False,False,True,True,True,False,True,True,True,True,True,False,False,True,True,True,False,True,True,True,False,False,False,True,False,True,True,False,True,True,False,True,False,True,True,True,True,True,True,True,True,False,True,False,False,True,True,True,False,False,True,True,False,True,True,False,True,True,False,False,False,True,True,True,True,True,True,True,True,True,True,True,True,True,True,True,True,False,False,False,True,False,True,True,True,True,True,True,False,True,False,False,True,True,True,True,True,True,True,False,True,True,True,True,True,True,True,True,True,False,False,True,True,False,False,True,True,False,True,True,False,True,True,False,False,False,True,True,True,False,True,True,False,True,True,True,False,True,True,True,True,True,False,True,True,True,False,True,True,False,True,True,False,True,False,True,False
has_upperparts_color::black,True,True,True,True,True,False,False,False,True,False,False,False,True,False,False,False,False,True,False,False,False,False,False,True,False,False,True,True,True,False,True,False,False,False,False,True,True,True,True,False,False,False,False,True,True,False,False,False,False,False,True,True,False,True,True,False,False,True,False,False,False,False,False,False,False,True,True,True,True,False,False,True,True,True,False,False,True,True,True,True,True,False,True,False,False,False,True,False,True,True,False,False,False,True,False,False,False,False,False,False,True,True,False,False,False,False,True,False,False,True,True,True,True,False,True,True,True,False,False,True,False,True,True,False,False,True,True,False,False,True,True,False,True,False,True,False,False,True,False,True,True,True,True,True,True,False,True,True,True,False,True,True,True,True,True,True,True,True,True,True,True,False,True,True,True,True,True,True,True,True,True,True,True,False,False,True,True,False,False,False,True,True,True,True,True,True,False,False,True,True,False,True,True,True,True,True,True,True,True,False,True,True,False,True,False,True,False,True,False,False,False,True,True,True,True,True,False,True,True,True,True,True,True,False,False,True,True,True,False,True,True,True,True,True,True,True,False,True,False,True,True,True,True,True,False,True,False,True,False,False,False,False,True,False,True,True,True,True,True,True,True,True,True,False,True,True,True,True,False,True,True,True,True,True,True,True,True,True,True,False,True,True,True,True,True,True,False,True,True,True,False,False,False,False,False,True,True,True,True,True,True,True,True,True,True,True,True,True,True,True,True,False
has_upperparts_color::red,False,True,False,True,True,True,True,True,False,False,False,False,False,True,False,False,False,False,True,True,True,True,False,False,True,True,False,False,True,True,False,True,True,False,False,True,False,True,False,False,False,False,False,False,True,False,True,False,True,True,True,False,True,True,False,False,False,True,False,False,False,False,False,False,False,True,True,False,False,True,False,False,False,False,False,False,False,True,True,False,True,False,False,False,False,False,True,True,True,True,False,False,True,True,False,False,False,False,True,True,False,False,False,True,True,False,False,True,False,True,True,False,True,False,True,True,True,True,False,True,True,False,True,False,False,True,False,False,True,False,False,False,False,False,True,True,True,False,True,True,False,True,True,True,False,True,False,True,True,True,True,False,True,False,True,True,True,False,True,False,False,False,True,True,False,True,True,False,False,True,True,True,True,True,True,False,True,True,True,True,False,False,True,True,False,True,False,True,True,True,True,True,True,True,False,True,True,True,True,True,False,True,False,False,True,True,False,True,False,True,True,True,False,True,True,True,True,True,True,True,True,True,True,False,False,True,False,False,False,False,True,False,True,True,True,False,True,False,False,True,True,True,True,True,True,False,True,False,False,True,True,True,False,True,True,False,True,False,True,False,True,True,True,False,True,True,True,True,True,True,True,True,True,False,True,True,False,True,False,True,False,True,True,True,False,True,False,False,True,True,True,True,True,False,True,True,True,False,True,True,True,True,True,True,False,True,False,True,True,True,True,True
has_underparts_color::blue,True,True,False,True,False,False,False,False,False,True,True,False,False,False,True,False,False,True,False,False,False,False,True,True,True,False,True,False,True,False,False,True,True,False,False,False,False,True,False,False,True,False,True,True,False,True,True,False,False,False,False,False,False,False,True,False,False,False,False,False,True,False,False,True,True,False,False,False,False,False,False,False,False,False,False,False,True,True,True,True,True,True,False,True,False,True,True,True,True,True,True,False,True,False,False,False,False,False,False,True,False,False,False,False,False,False,False,True,False,True,False,True,True,True,True,True,False,True,True,False,True,True,False,True,True,False,False,True,False,False,True,False,False,True,False,True,False,True,True,True,False,False,True,True,False,True,True,False,True,True,True,True,False,False,True,True,True,True,False,True,False,False,True,False,True,True,True,True,True,True,True,True,True,True,True,False,True,True,True,False,True,True,True,False,True,True,False,True,True,True,False,True,True,True,False,True,False,True,True,True,True,True,False,False,True,False,True,False,True,True,True,False,False,False,True,True,True,True,True,True,True,True,False,False,True,True,False,True,False,False,False,False,False,True,False,True,True,True,False,True,True,True,True,False,True,True,False,True,True,True,True,True,True,True,True,True,False,True,True,True,False,False,True,True,True,True,False,True,True,True,True,False,True,True,True,False,False,False,True,True,True,True,True,True,True,True,True,True,True,False,True,True,True,True,False,False,True,True,False,False,True,False,True,True,False,True,True,True,True,True,True,True
has_underparts_color::rufous,False,True,True,True,True,True,False,False,False,False,True,False,False,False,False,False,False,False,False,False,False,True,True,True,False,False,False,False,False,True,False,False,False,True,True,False,True,True,True,False,False,True,False,True,False,False,False,False,False,False,False,False,True,True,False,False,False,False,True,True,True,True,False,False,True,False,True,False,False,True,False,True,False,False,False,True,False,True,False,True,True,False,True,False,False,True,False,True,True,True,False,False,False,False,False,True,False,False,False,False,False,False,False,False,True,False,True,False,False,True,False,True,True,False,True,False,False,True,True,False,True,True,False,False,False,True,False,False,True,True,True,True,True,True,True,True,False,True,True,False,False,True,True,True,True,True,False,False,True,True,True,True,True,True,True,True,True,True,False,True,True,False,True,False,True,True,True,True,True,True,False,True,False,True,False,True,True,False,False,True,True,True,True,True,True,False,False,False,False,False,True,True,True,True,True,True,False,True,True,True,True,True,True,True,True,True,False,False,False,True,True,False,True,True,True,True,False,False,False,True,True,True,True,False,True,False,True,True,True,True,False,False,True,False,True,True,True,False,True,True,True,True,True,False,True,False,True,False,True,True,True,False,True,True,False,True,False,True,False,True,True,False,False,True,False,True,False,True,True,True,True,False,False,False,True,True,True,False,True,True,True,True,True,True,True,False,True,True,False,True,True,True,True,True,False,True,False,True,True,True,True,False,True,True,True,True,True,False,True,False,False,True
has_underparts_color::grey,True,False,True,False,False,False,False,False,False,False,True,False,True,False,True,False,False,True,True,False,False,False,False,False,True,False,False,False,False,True,False,True,True,False,False,False,True,True,False,True,False,False,False,False,False,True,False,False,True,False,False,False,False,True,True,False,False,False,False,True,False,False,False,True,False,False,False,False,False,True,False,False,True,False,True,True,False,False,True,False,True,True,True,False,True,True,True,True,True,True,False,False,True,False,False,False,False,True,False,False,True,False,True,True,False,True,True,False,False,True,True,True,True,False,True,True,False,False,False,True,False,True,True,False,True,True,True,True,False,True,False,True,True,True,False,True,True,True,True,False,True,False,True,True,True,False,False,True,True,True,True,True,True,False,True,True,False,False,True,True,True,True,False,False,True,True,True,True,True,True,True,False,True,True,False,True,True,True,True,True,False,True,True,True,True,False,True,False,True,True,True,True,True,True,True,False,True,True,True,True,False,True,True,True,True,False,False,True,True,True,True,False,True,True,True,True,False,True,True,True,True,False,True,False,False,True,True,True,True,True,True,True,True,True,False,True,True,True,True,True,True,False,True,False,True,True,False,True,True,False,False,True,True,True,False,True,True,True,True,False,True,True,True,True,True,False,True,True,True,False,True,True,True,False,True,False,True,True,True,False,False,True,True,True,False,True,True,False,True,True,False,True,False,True,False,True,True,False,False,True,True,True,False,True,True,True,False,True,False,False,True,True
has_underparts_color::orange,True,True,True,False,False,True,False,False,False,False,False,True,False,False,True,False,False,False,False,False,False,False,False,True,True,False,True,False,False,True,True,True,False,False,False,False,False,True,True,False,False,False,True,False,False,False,False,False,True,False,False,False,True,True,True,False,True,True,True,True,False,False,False,False,False,True,False,True,True,False,True,True,True,False,True,False,True,True,False,True,True,True,True,True,True,True,True,False,True,True,False,False,False,False,True,True,False,False,False,False,True,False,False,False,True,False,False,True,False,True,True,True,True,False,False,True,True,False,True,False,True,False,False,False,True,True,True,False,True,True,True,True,True,True,True,True,True,True,True,True,False,True,True,True,True,False,True,True,True,True,True,False,True,True,True,True,False,True,True,True,True,True,True,True,True,False,True,True,True,True,True,True,True,False,True,True,False,True,True,True,True,True,True,False,True,True,True,True,True,True,False,True,True,True,True,True,False,False,True,False,True,True,True,False,True,False,True,False,False,True,True,True,True,True,True,True,True,True,True,False,True,True,True,True,True,True,True,False,True,True,True,True,True,False,True,False,True,False,True,False,True,False,True,True,True,True,True,False,True,False,True,False,True,True,False,True,False,True,True,True,False,True,True,False,True,True,False,True,True,True,True,False,True,False,False,True,True,False,False,True,True,True,False,True,True,True,True,False,True,True,True,True,True,True,False,True,True,True,True,True,True,True,True,True,True,True,True,True,True,False,True,True
has_underparts_color::black,True,True,False,True,False,True,False,True,True,True,False,True,False,True,False,False,False,True,True,False,False,False,False,True,True,True,False,False,True,True,False,True,False,True,True,False,False,True,True,True,True,False,False,False,False,False,False,False,False,False,True,False,False,False,False,False,False,False,True,False,False,True,False,False,True,False,False,True,False,False,False,False,False,True,False,True,False,False,True,False,True,False,True,True,True,True,True,False,True,True,True,True,False,False,False,False,True,False,False,False,False,False,True,True,False,False,False,False,True,True,True,True,False,True,False,True,True,True,True,True,False,True,True,True,False,True,True,True,True,True,False,False,True,True,True,True,False,True,True,True,True,True,False,True,True,True,True,False,True,True,True,False,False,True,False,True,False,True,True,True,True,True,False,True,True,True,True,True,True,False,False,True,True,False,True,True,True,True,False,True,False,True,True,True,False,False,False,True,True,True,False,False,True,True,True,True,True,True,False,True,True,True,True,True,True,True,True,True,True,True,True,True,True,False,True,True,True,True,False,True,False,True,True,True,False,False,True,False,False,False,False,False,False,False,True,True,False,False,True,True,False,False,True,False,False,True,True,True,True,True,True,True,True,True,True,True,True,True,True,True,True,True,True,True,True,False,False,True,True,False,True,True,True,False,True,False,False,True,True,True,False,True,False,True,False,False,True,False,False,True,True,False,True,True,False,True,False,True,True,False,True,False,False,True,True,True,False,True,True,False,True,True
has_underparts_color::red,True,True,True,True,False,True,False,False,False,True,False,False,False,True,True,False,False,False,False,False,False,True,False,True,False,True,False,False,False,True,False,False,False,False,False,False,True,True,True,False,True,False,False,False,True,False,True,True,True,False,False,False,True,True,False,False,False,False,True,False,False,False,True,False,False,False,True,False,False,False,True,True,False,True,False,False,False,True,True,True,True,True,True,True,False,True,True,True,False,True,False,True,False,False,False,True,False,False,False,False,False,False,True,False,False,True,False,False,True,False,False,True,False,True,True,True,True,True,True,False,True,True,False,False,False,False,True,True,False,True,True,True,False,False,True,True,False,True,True,False,True,False,True,True,True,False,True,True,True,False,True,True,True,True,True,True,True,False,False,False,False,True,True,True,True,False,True,True,True,False,True,False,True,False,True,True,True,False,True,False,False,True,False,True,True,True,False,False,True,False,True,False,True,True,False,False,False,True,True,True,True,True,True,True,False,False,True,True,False,True,True,False,True,True,True,True,True,True,False,False,True,True,False,False,False,True,True,False,False,False,True,True,True,True,False,False,True,True,False,True,True,True,True,True,True,True,False,False,True,False,True,True,True,True,False,True,True,False,True,True,True,True,True,True,True,False,True,False,False,False,True,True,True,False,True,True,True,True,True,False,False,True,True,True,True,True,True,True,False,False,True,True,True,True,True,True,False,True,False,False,True,False,True,False,False,True,True,True,True,False,False,True
has_underparts_color::buff,False,True,True,True,False,False,True,False,True,False,False,False,True,False,True,False,True,True,False,False,True,False,False,True,True,False,False,True,True,False,False,False,False,True,False,False,False,False,True,True,True,True,True,False,False,False,False,False,False,False,False,False,True,True,False,True,True,True,True,True,True,False,True,False,False,True,False,False,False,False,False,True,False,False,False,False,False,False,False,False,True,True,True,False,True,False,True,True,True,True,False,False,True,False,False,False,False,False,False,True,False,False,False,False,False,False,False,False,False,True,False,False,True,True,True,True,True,True,True,False,True,True,True,True,True,False,True,True,True,False,True,True,True,True,True,True,True,False,False,True,True,False,True,True,True,True,True,True,True,False,False,True,True,True,False,True,True,True,True,False,True,True,True,True,True,True,True,False,False,True,True,True,True,True,True,True,True,True,False,True,True,True,True,False,True,False,False,True,True,False,True,True,True,False,True,True,False,True,False,False,True,True,False,False,True,False,True,True,True,False,True,True,False,True,True,True,True,True,True,False,True,True,True,True,False,False,True,True,True,True,False,True,True,True,True,True,True,True,True,True,True,True,True,True,True,True,True,True,False,False,False,True,False,True,False,True,True,False,True,True,False,True,True,True,False,True,True,True,True,False,True,False,False,True,True,False,True,True,False,False,True,True,False,True,True,True,False,True,True,True,True,True,False,True,True,True,True,False,True,True,False,False,False,False,True,False,False,False,True,True,True,True
has_breast_pattern::spotted,True,True,True,True,False,True,True,True,True,True,True,False,False,True,True,True,False,True,True,True,False,False,True,False,True,False,False,False,True,False,True,True,True,False,False,False,False,False,False,False,False,False,True,True,True,True,True,True,True,True,True,True,True,True,True,False,True,True,False,False,False,True,True,False,True,True,True,True,True,False,False,False,True,False,True,True,False,True,False,False,True,True,False,True,True,False,False,False,True,True,True,True,True,True,False,True,True,True,False,True,False,True,False,True,True,True,True,False,True,False,False,True,True,False,True,True,False,False,False,False,True,True,True,True,False,False,True,True,True,True,True,False,False,True,True,False,True,True,True,True,True,True,True,True,False,True,True,False,True,True,True,True,False,True,True,False,True,True,True,False,False,False,True,False,True,True,True,True,True,True,True,True,True,False,True,False,True,True,True,True,True,True,True,True,False,True,True,True,True,True,True,True,True,False,True,True,True,True,True,True,True,True,True,True,False,True,True,True,True,True,False,False,False,True,True,False,True,True,True,False,False,True,True,True,False,False,True,False,True,True,False,True,True,True,False,True,True,False,True,False,True,False,True,True,True,True,False,False,True,True,True,True,False,True,True,True,True,False,False,True,False,False,True,False,False,True,False,True,True,False,False,True,True,True,True,True,False,True,False,True,True,True,True,True,True,False,False,False,True,True,False,True,True,True,True,True,True,True,False,False,True,False,True,False,False,True,True,False,False,True,False,False
has_breast_pattern::striped,True,True,False,True,True,True,True,True,True,True,True,True,True,False,False,False,True,False,False,True,True,True,True,False,False,True,True,False,True,True,False,False,True,True,True,False,True,False,True,False,True,True,True,True,True,False,False,False,True,True,False,True,True,True,True,True,True,True,True,True,False,False,True,True,False,True,True,True,True,False,False,False,True,True,True,True,True,True,False,False,True,False,False,True,False,False,False,True,False,False,True,True,True,False,True,True,True,True,False,True,True,False,True,True,True,True,False,True,True,False,True,False,False,True,True,True,False,False,True,True,True,False,True,False,False,False,False,True,True,True,False,True,True,True,False,True,False,False,True,True,False,False,True,True,True,True,True,False,True,False,True,True,True,False,False,False,True,False,False,True,True,True,True,True,False,True,False,True,True,False,False,True,True,True,False,True,False,True,False,True,True,True,True,True,True,True,True,True,True,True,True,False,True,True,True,True,False,True,True,True,False,True,True,False,True,False,True,True,True,True,False,True,True,True,False,True,True,False,True,True,True,False,False,True,True,True,True,True,False,True,True,False,True,True,True,False,True,False,True,True,True,True,False,True,False,False,True,True,False,True,True,False,True,True,False,True,False,False,True,True,True,False,True,False,False,True,True,True,True,True,True,True,True,False,False,True,True,True,False,True,False,True,True,True,True,False,True,True,True,True,True,True,False,True,True,False,True,True,False,False,True,True,True,True,False,True,False,True,True,True,True,True
has_back_color::blue,True,True,True,True,False,False,True,False,False,False,True,True,True,False,False,False,True,False,False,False,True,False,False,True,True,True,True,False,False,False,True,False,False,False,True,False,False,True,True,False,True,False,False,False,True,False,False,False,False,False,False,False,False,True,False,False,False,False,False,True,True,False,False,False,False,False,True,False,True,False,True,False,False,False,False,False,False,False,False,False,True,False,True,False,True,False,False,True,True,True,False,False,True,False,False,False,True,True,False,False,False,False,False,False,True,False,True,True,False,False,True,True,True,False,True,False,False,True,True,True,False,True,True,True,True,False,True,True,True,True,True,True,True,True,False,True,True,True,False,False,False,False,False,True,True,True,False,True,True,False,True,True,True,True,True,True,False,False,False,True,True,True,False,True,True,True,False,False,True,True,False,True,True,True,True,False,True,True,True,True,False,True,False,False,True,True,True,True,False,True,False,True,True,True,True,True,True,True,False,True,True,True,False,False,False,True,True,True,False,True,True,False,True,True,True,True,True,True,True,False,True,False,True,True,True,True,True,True,False,True,True,True,False,False,True,True,True,True,True,True,True,True,True,True,False,True,True,True,True,True,False,True,False,False,True,False,True,False,False,True,True,True,True,True,True,True,False,True,True,False,False,True,True,False,True,True,False,True,True,True,True,True,False,True,True,False,True,True,True,True,True,True,True,False,True,True,True,False,True,False,True,True,True,True,True,False,False,True,False,True,False,True
has_back_color::rufous,True,False,False,True,True,True,True,False,True,False,True,False,True,False,False,False,False,False,False,False,True,True,False,True,True,False,False,False,False,False,False,False,False,True,False,False,False,True,False,False,False,False,False,False,True,False,False,True,False,False,False,False,True,True,False,False,False,True,False,False,False,False,False,True,False,True,False,False,True,False,False,False,False,True,False,True,False,False,True,True,True,False,False,True,True,True,True,True,True,True,False,False,True,False,False,False,False,False,False,False,False,True,False,False,True,False,False,False,False,True,True,True,True,True,False,False,True,False,True,True,True,True,True,False,True,True,True,True,True,True,False,True,True,True,True,True,True,True,True,True,True,False,False,False,False,True,True,True,False,True,True,True,True,True,True,True,False,True,True,True,False,True,False,True,True,False,True,True,True,True,True,False,True,True,True,True,True,True,True,True,True,True,True,False,True,True,True,True,True,True,True,True,False,True,False,True,True,True,True,True,True,True,True,True,True,True,True,False,True,False,True,False,False,True,True,True,False,True,True,False,True,False,False,True,False,False,False,False,True,True,True,False,True,False,False,True,True,True,False,True,True,False,False,False,True,True,True,True,True,True,False,True,True,True,True,True,False,True,False,True,True,True,True,True,True,True,False,True,True,True,True,True,False,False,False,True,False,True,False,True,True,True,False,True,True,True,False,True,True,False,True,True,True,True,True,True,True,True,False,True,True,True,True,True,False,True,False,False,False,True,False,True
has_back_color::grey,True,True,True,False,False,False,True,False,False,False,False,False,False,True,False,False,False,False,False,True,False,True,False,True,True,True,False,False,True,True,False,False,False,True,False,False,False,True,True,False,True,False,True,True,False,False,False,False,True,True,False,False,True,False,True,False,False,False,True,False,True,False,True,True,True,False,True,True,False,False,False,False,False,True,False,False,False,False,True,True,True,True,False,False,True,True,True,True,True,False,True,True,True,False,False,True,False,True,False,False,False,False,False,True,True,False,True,True,False,True,False,True,True,True,True,True,True,True,True,True,True,True,False,False,True,True,False,True,False,True,True,True,True,True,True,False,True,False,True,True,True,True,True,True,False,True,True,True,True,True,True,False,True,True,True,True,True,False,True,True,True,True,True,False,True,False,False,True,True,True,False,True,True,True,True,True,True,True,False,False,False,True,True,True,False,True,False,True,True,True,True,True,False,False,False,False,True,True,True,True,True,True,False,True,True,True,False,False,True,True,True,False,True,False,False,False,True,False,True,True,True,True,True,True,True,True,False,True,True,False,True,True,True,True,True,True,True,True,True,True,True,False,True,True,True,False,False,False,True,True,True,True,True,False,True,True,False,False,True,True,True,True,True,True,True,False,True,False,True,True,False,True,False,True,True,True,True,False,True,False,True,True,True,False,True,True,True,True,False,True,True,True,False,False,False,False,True,True,False,True,True,False,True,True,True,True,False,True,False,True,True,False
has_back_color::orange,False,False,True,False,True,False,False,False,False,True,True,False,True,False,False,False,False,False,False,False,True,False,False,True,False,False,False,False,False,False,False,True,False,True,True,False,False,True,True,False,False,False,True,False,False,False,False,False,True,False,False,False,True,False,False,False,False,False,False,False,False,False,False,False,False,True,False,False,True,True,False,True,True,True,False,False,False,True,True,False,False,True,False,True,True,False,True,True,True,True,False,False,True,False,False,False,False,False,False,False,False,False,False,True,False,False,False,False,False,True,True,True,True,False,True,True,False,True,True,False,False,True,True,True,False,False,False,False,False,True,True,True,False,True,True,True,False,True,True,False,True,True,True,True,False,True,True,True,True,True,False,True,True,True,True,False,True,False,True,True,False,False,True,True,False,True,True,True,False,True,True,True,False,True,True,True,True,True,False,True,True,True,True,True,True,True,True,True,True,True,False,True,True,True,True,True,True,False,False,True,True,True,False,True,True,True,True,True,True,True,False,True,False,True,False,False,True,True,True,True,False,True,False,True,True,True,False,False,True,False,True,True,True,False,True,True,True,True,False,True,False,True,True,True,False,False,True,True,True,True,True,True,True,True,True,True,True,False,False,True,True,True,True,True,True,True,True,True,True,True,True,True,True,True,True,False,True,True,True,False,True,False,True,False,True,True,True,True,False,False,True,True,False,True,False,True,True,True,True,True,True,True,True,False,False,True,True,False,True,True,True,True
has_back_color::black,False,True,True,False,True,False,True,False,False,False,False,False,True,True,False,False,True,False,False,False,False,False,True,True,False,True,False,True,True,False,True,True,False,False,False,False,True,True,False,True,False,False,True,False,False,False,False,False,False,False,False,True,True,True,True,True,False,False,False,True,False,False,True,False,False,False,False,True,True,False,False,False,False,False,False,True,False,False,True,True,True,False,True,False,True,False,True,True,True,False,False,False,False,False,False,False,False,True,False,False,False,True,False,False,True,True,True,False,True,True,True,True,False,False,False,True,False,True,True,False,True,True,True,False,False,True,False,True,False,False,True,False,True,True,True,True,False,True,True,False,True,True,True,True,True,True,True,False,False,True,True,True,True,False,True,True,False,False,True,True,True,True,True,False,True,False,True,False,True,False,True,True,True,False,True,True,True,True,False,True,False,True,True,True,False,True,True,False,True,False,True,False,True,True,True,True,True,True,True,True,True,False,True,True,True,True,True,False,True,True,False,True,True,False,True,False,True,True,False,False,True,True,True,False,True,True,True,True,True,True,True,True,False,False,True,True,True,True,False,False,True,False,True,False,False,True,False,True,True,False,True,True,True,True,True,True,True,True,False,False,False,True,True,True,True,True,True,True,False,True,True,True,True,True,True,True,True,False,True,True,False,False,True,True,True,False,False,True,True,True,True,True,False,True,False,True,True,True,True,True,True,True,True,True,False,True,True,True,False,True,False,True
has_back_color::red,False,False,True,True,False,True,False,False,True,True,False,True,False,True,True,True,False,False,True,False,True,True,False,True,True,False,False,False,False,False,True,False,True,True,True,False,False,False,True,False,False,False,False,False,True,False,False,False,True,False,False,False,True,True,True,False,False,False,False,False,False,False,False,False,False,False,False,False,True,False,True,False,False,False,False,True,False,False,True,True,False,True,True,True,False,False,True,True,True,True,True,False,False,False,False,False,True,False,False,False,False,False,True,False,False,False,False,False,False,False,True,False,True,True,True,True,True,True,True,True,True,True,True,True,True,True,True,True,True,False,True,True,False,False,False,True,True,True,False,True,True,False,True,True,True,True,True,False,True,False,True,False,False,True,False,False,True,True,True,True,False,True,True,True,False,False,False,True,True,True,True,True,True,True,True,True,False,False,True,True,True,True,True,True,True,False,True,True,True,False,False,False,True,True,True,True,True,True,False,True,True,True,True,False,True,True,True,True,True,True,False,False,True,False,True,True,True,True,False,False,True,True,True,False,True,False,True,True,True,True,False,True,False,False,False,False,False,False,True,True,True,True,True,True,True,True,False,True,True,False,True,True,False,True,True,True,True,False,False,True,True,False,False,True,True,True,False,True,True,True,True,True,True,True,True,True,True,True,True,False,True,True,True,False,True,True,True,True,True,True,True,True,True,True,True,True,True,True,True,False,False,True,False,True,True,False,True,False,False,True,True,True
has_tail_shape::rounded_tail,False,False,False,True,True,False,True,False,True,True,False,False,True,False,True,True,False,True,False,True,True,True,False,True,False,True,True,True,True,True,True,False,False,False,False,True,False,False,True,False,False,True,True,True,True,False,True,True,True,False,True,False,True,True,True,True,False,True,True,False,True,True,False,True,True,True,True,False,False,True,False,True,True,True,True,True,True,False,True,True,True,False,False,False,False,True,True,True,True,True,True,False,True,True,True,False,True,True,True,False,True,False,True,False,False,True,False,False,False,True,True,True,True,True,False,True,True,True,True,True,False,False,True,True,True,True,True,True,True,True,True,True,True,True,False,False,True,True,True,False,True,False,True,True,True,False,True,True,True,True,False,True,False,True,True,True,True,True,True,True,True,False,True,False,True,False,False,False,True,False,True,True,False,True,True,True,True,False,True,False,False,False,False,True,False,True,False,False,True,True,True,True,True,True,True,True,False,True,True,True,True,False,True,True,True,True,True,False,True,False,False,True,True,True,True,True,True,True,True,False,False,True,False,True,True,True,False,False,True,True,False,False,True,True,True,True,True,False,False,True,True,True,False,True,True,False,True,True,True,True,True,True,True,True,False,False,True,False,True,True,True,True,True,True,True,False,True,True,False,True,True,True,True,True,False,True,True,False,False,False,True,True,False,False,True,True,True,True,True,True,True,True,True,False,True,True,False,True,True,True,True,True,True,True,True,True,False,True,True,True,True,True
has_upper_tail_color::blue,False,True,False,True,True,False,True,False,False,True,True,True,False,True,False,False,True,False,False,False,True,False,False,True,True,False,True,False,False,False,False,True,False,False,False,False,False,True,True,True,False,False,True,False,True,True,True,False,True,False,False,False,False,True,False,True,True,True,False,False,True,False,True,True,True,False,False,False,True,False,False,False,False,False,False,True,False,True,True,False,False,True,True,True,True,True,False,True,False,False,True,False,False,True,False,False,False,False,False,False,True,False,False,True,True,True,False,False,True,False,False,True,True,True,False,False,True,True,True,False,True,False,True,True,True,True,False,True,False,False,True,True,True,False,True,True,True,True,True,False,True,True,True,True,False,True,False,False,True,True,True,True,False,False,False,False,False,False,True,False,False,True,True,False,True,True,False,True,True,True,True,False,False,True,False,True,False,False,True,True,True,True,True,True,False,True,True,True,True,True,True,True,True,False,False,True,False,True,True,True,False,True,True,True,False,True,True,False,True,True,True,True,False,True,True,True,True,False,True,True,True,True,False,False,True,False,True,True,True,True,True,False,True,False,True,True,True,False,True,False,True,True,True,True,True,True,True,True,False,True,False,True,True,False,True,False,True,True,True,True,True,True,True,True,True,False,False,True,True,False,True,False,True,True,False,True,True,True,True,True,False,True,False,False,True,False,True,True,True,True,True,True,True,True,True,True,True,True,True,True,True,True,False,False,False,False,True,True,True,True,False,True
has_upper_tail_color::rufous,True,True,True,True,False,False,True,True,False,False,True,False,False,False,True,True,False,False,False,False,False,False,False,True,True,False,False,False,False,True,True,True,False,True,False,False,False,True,True,True,True,False,False,False,False,False,False,False,False,False,True,False,False,True,False,False,False,False,False,False,False,False,True,False,True,True,False,True,False,False,False,False,False,False,False,False,True,True,True,True,True,True,True,False,True,True,True,False,True,True,True,False,False,True,False,False,True,False,False,True,False,False,False,True,False,True,True,False,False,True,True,True,True,True,True,True,True,True,True,False,False,True,False,True,True,False,True,True,False,True,True,True,True,False,True,True,False,False,True,False,True,False,True,True,True,True,False,True,False,False,True,False,True,True,True,False,True,True,True,True,True,True,True,True,False,False,True,True,True,True,True,True,True,True,True,False,True,False,False,True,False,True,False,False,False,True,True,True,True,False,False,False,True,True,False,False,True,False,True,True,True,False,True,True,True,True,False,True,True,False,False,True,False,False,True,True,False,True,True,True,True,True,False,True,False,True,True,False,True,False,True,True,False,True,True,True,False,True,True,True,True,True,False,False,True,False,True,False,True,True,False,True,True,True,False,False,True,True,True,True,False,True,True,True,False,True,True,True,False,False,True,False,True,False,True,True,False,True,False,True,True,False,True,True,True,True,True,True,True,True,True,True,True,True,False,False,False,False,True,True,True,True,True,False,True,True,False,False,True,False,True,True
has_upper_tail_color::orange,True,True,False,True,False,False,False,True,False,False,True,True,False,False,True,True,False,False,True,False,True,True,False,True,True,False,True,False,False,False,True,True,False,False,False,False,False,True,True,True,True,True,False,True,True,False,False,True,True,True,False,True,True,False,False,False,True,False,False,False,True,True,True,False,False,False,False,True,True,False,False,True,False,False,False,True,False,False,True,True,True,False,False,True,True,False,True,True,True,True,False,True,False,True,False,False,False,True,False,False,False,True,True,False,False,False,False,True,False,False,False,True,True,True,True,True,True,True,True,True,True,True,True,True,True,True,True,True,False,True,False,False,True,True,True,False,True,True,True,False,True,True,True,False,True,True,True,True,True,True,False,False,False,True,True,True,True,True,False,False,True,True,False,True,True,True,True,True,True,True,True,True,True,True,False,True,True,True,False,False,True,False,True,True,False,True,True,True,False,False,True,False,False,True,False,True,True,True,False,False,True,True,False,True,True,True,True,False,False,False,False,True,False,False,True,True,True,False,True,True,True,True,True,False,True,False,True,False,True,True,True,False,True,True,False,False,True,True,False,True,True,True,True,False,True,True,True,False,True,False,True,True,False,True,True,True,False,True,True,True,False,True,False,True,False,True,True,False,False,False,False,True,True,True,False,False,False,False,True,True,False,False,False,False,True,True,False,False,True,True,True,True,True,True,True,False,True,True,True,True,False,False,False,False,True,True,True,True,True,True,True,False
has_upper_tail_color::black,False,False,True,False,False,True,False,False,False,False,False,True,True,False,False,False,False,False,False,False,False,False,True,False,True,True,False,True,True,False,False,True,True,False,False,False,False,False,False,False,False,False,True,False,False,True,True,False,False,False,True,False,False,True,False,False,False,False,True,True,False,True,False,True,False,False,False,False,False,False,True,False,True,False,False,True,True,False,False,True,False,True,True,True,True,True,False,True,True,False,False,True,False,False,False,False,False,True,True,True,False,False,True,True,True,False,False,False,False,True,True,False,True,False,True,True,False,False,True,True,True,True,True,False,True,True,False,False,True,True,True,True,True,True,True,False,True,True,False,True,True,True,False,True,True,True,True,False,False,True,True,True,True,True,True,False,True,True,False,True,True,False,True,True,True,True,True,False,True,True,False,True,True,True,False,True,False,False,True,True,True,True,True,True,True,True,True,True,True,True,True,False,True,True,True,True,False,False,True,True,True,True,True,True,True,True,True,False,False,True,True,True,True,True,False,True,False,False,True,True,True,True,True,True,True,True,True,True,True,False,False,False,False,True,True,True,True,True,False,True,True,True,True,True,False,True,True,True,True,False,True,False,False,True,False,True,False,True,False,False,False,True,True,True,True,True,True,True,True,True,False,True,True,True,True,True,True,True,False,False,False,True,True,True,False,True,True,True,False,True,False,True,True,True,True,True,True,False,False,True,True,True,True,True,True,True,True,False,True,True,True,True
has_upper_tail_color::red,False,True,True,True,False,False,False,False,True,False,False,False,True,False,False,False,False,False,False,False,False,True,False,True,True,False,False,True,True,False,False,False,False,False,True,False,False,True,False,True,False,False,False,False,False,True,True,False,False,True,False,False,True,True,False,False,False,False,False,True,False,False,False,False,False,True,False,False,False,False,False,False,False,False,True,False,False,True,False,True,True,False,True,False,True,True,True,False,True,False,True,False,False,False,False,True,False,True,False,True,True,False,True,True,False,False,False,False,True,True,False,True,True,True,False,True,True,True,True,True,False,False,False,True,True,True,False,True,True,True,True,True,True,False,True,True,False,False,True,True,True,True,True,False,True,True,True,False,True,False,True,True,True,True,True,False,True,False,True,True,True,True,False,True,True,False,False,True,True,True,True,True,False,True,False,True,True,False,False,True,False,True,True,False,True,True,False,True,True,True,True,True,True,True,True,True,True,True,True,False,False,True,False,True,True,False,True,True,False,False,True,False,True,True,True,False,True,True,True,True,True,False,True,True,True,False,True,True,True,True,True,True,False,False,True,True,False,True,True,True,True,False,False,True,False,False,False,False,False,True,False,True,True,True,True,False,True,True,True,True,True,False,False,True,True,True,True,False,True,False,True,False,True,True,False,True,False,True,True,True,True,True,True,False,True,True,True,False,False,False,True,True,True,True,True,True,True,True,True,True,True,True,True,False,True,True,True,False,True,True,False,False
has_head_pattern::unique_pattern,True,True,False,True,True,True,True,True,True,True,False,True,True,True,False,True,True,True,True,True,False,True,True,False,True,False,False,True,False,True,True,True,False,True,True,True,True,False,False,True,True,True,True,True,True,True,True,True,True,False,False,True,True,True,False,True,True,True,False,True,False,True,False,True,False,True,True,True,True,True,False,True,True,True,False,True,True,True,False,True,True,True,False,True,False,True,False,False,False,False,False,True,True,False,True,True,True,True,True,True,True,True,True,False,True,False,True,True,True,False,False,True,True,True,False,True,True,True,True,False,True,True,False,False,True,False,True,True,False,False,True,False,True,True,True,False,True,True,False,True,True,False,True,True,True,True,False,True,True,False,True,False,True,False,False,True,False,False,False,True,True,True,True,False,True,True,False,False,False,False,True,True,True,False,False,True,True,False,False,True,True,False,True,True,True,True,True,True,True,True,True,False,True,False,True,False,True,True,True,False,True,True,True,True,False,True,True,True,False,True,True,True,True,False,True,True,True,False,True,True,False,True,True,True,True,False,False,False,True,False,True,False,True,True,True,False,False,True,False,True,False,True,False,False,True,False,True,True,True,False,True,True,True,True,False,False,False,True,False,False,False,True,True,True,True,False,True,False,False,True,True,True,False,True,False,True,True,False,False,True,True,True,True,False,False,False,True,True,True,True,True,True,True,True,True,True,True,True,True,False,True,True,True,False,True,True,True,True,True,True,True,True
has_head_pattern::eyering,True,True,True,False,True,True,True,True,False,True,False,False,False,True,False,False,False,False,False,False,True,True,True,True,True,True,False,True,True,False,True,True,False,False,False,True,False,False,False,False,False,False,True,True,True,False,True,True,True,True,True,True,False,True,True,False,True,True,False,True,True,False,False,False,True,False,True,True,False,True,True,True,True,False,False,True,True,True,True,True,False,True,True,True,True,True,False,True,False,False,False,False,True,True,False,False,True,True,False,True,True,False,True,False,False,False,True,False,True,False,False,False,False,True,True,True,True,True,False,True,True,True,True,False,True,True,True,True,False,True,True,False,False,False,True,False,False,True,False,False,True,True,False,False,False,True,True,True,True,False,False,False,True,False,True,False,True,True,True,False,True,True,True,True,True,True,True,True,True,False,True,False,True,True,True,True,True,True,True,False,False,True,False,False,True,True,True,False,True,True,True,True,False,False,True,True,False,True,True,True,True,True,True,True,True,False,False,True,True,False,False,True,True,False,True,True,True,True,True,True,True,True,False,True,False,True,True,True,True,True,False,True,True,False,False,True,False,True,False,True,True,False,True,True,True,True,False,True,True,True,True,False,False,False,True,False,True,False,False,False,True,True,True,True,True,False,True,True,True,False,True,True,True,True,True,True,True,True,True,True,True,True,True,True,True,True,True,True,True,True,True,True,True,True,True,True,True,True,True,False,True,False,False,True,True,True,True,True,True,True,True,True
has_breast_color::blue,True,False,False,True,False,False,False,False,False,True,False,False,False,True,True,False,False,False,True,False,True,False,False,True,False,False,True,True,True,False,True,True,False,False,True,True,False,True,False,False,False,False,True,False,False,False,False,True,False,False,False,False,True,True,False,False,False,False,True,True,False,False,False,False,False,True,True,False,False,False,False,True,False,False,False,True,False,True,True,True,True,False,True,True,True,False,True,True,True,False,False,False,True,False,False,False,False,False,True,False,False,False,False,True,False,False,False,True,True,True,False,True,True,True,False,True,True,False,True,True,False,True,True,True,True,False,False,False,False,True,False,True,False,True,True,True,True,True,True,True,True,True,True,True,False,False,True,True,True,True,False,False,False,True,True,False,True,False,True,False,False,True,True,True,True,False,True,False,True,True,True,False,True,True,False,True,True,True,False,True,False,False,True,True,True,True,True,True,True,False,True,False,True,False,True,False,True,True,True,False,True,False,False,True,True,False,True,True,False,True,True,True,True,True,True,False,False,False,True,True,True,False,True,True,False,True,False,True,True,False,True,False,False,False,False,False,True,True,True,True,True,False,True,True,True,True,True,True,True,True,True,True,True,True,False,True,True,True,False,False,False,True,False,False,False,True,False,True,True,True,True,True,True,True,False,True,True,True,False,True,True,True,True,True,True,False,True,True,True,True,True,True,True,True,False,True,True,True,True,True,True,False,True,True,True,True,True,True,True,True,True,True
has_breast_color::rufous,False,True,True,False,True,False,False,False,False,False,True,False,False,False,False,False,False,False,True,False,True,False,False,True,True,True,False,True,False,False,False,True,False,False,False,False,True,True,False,False,True,True,True,False,True,False,False,False,False,False,False,True,True,False,False,False,False,True,True,False,False,False,False,True,False,True,True,True,True,True,False,False,True,False,True,False,True,False,False,True,True,True,True,True,False,True,False,False,False,True,False,False,False,False,False,False,False,False,False,True,True,True,True,True,True,False,False,False,False,True,False,False,True,True,True,True,False,True,True,True,True,True,True,True,True,True,True,False,True,True,False,False,True,True,True,False,True,False,False,True,True,True,True,False,False,True,False,False,True,False,False,False,False,True,False,True,True,True,True,False,True,False,True,True,False,False,False,False,True,True,True,True,True,False,True,True,True,True,False,True,True,True,True,False,True,True,True,False,True,True,True,True,True,True,True,True,True,True,False,True,True,True,True,True,True,False,True,True,False,True,False,False,False,True,True,True,True,True,False,False,True,True,False,True,True,True,True,True,False,True,True,True,False,True,True,True,True,True,True,True,False,False,True,True,False,False,False,True,True,True,True,True,True,True,True,False,False,True,True,True,False,True,True,True,False,True,False,True,True,True,True,True,True,False,True,True,False,True,True,False,True,False,True,False,True,False,False,True,False,True,True,False,True,False,True,False,True,True,True,True,True,True,True,False,True,True,True,True,True,True,True,False
has_breast_color::grey,True,False,True,False,False,True,True,False,True,True,False,False,False,False,False,False,False,False,False,False,False,True,False,True,True,False,False,False,False,False,False,True,False,True,False,False,False,True,False,False,False,False,False,False,False,False,False,False,False,False,True,False,True,False,False,False,False,False,False,False,False,False,False,True,False,False,False,False,False,False,False,False,False,False,False,False,False,True,True,True,True,False,False,False,True,True,True,False,True,True,False,False,False,True,True,False,False,True,False,True,False,False,False,True,False,True,False,False,False,False,True,True,True,True,True,True,False,False,True,True,True,True,True,True,False,False,True,False,False,False,False,True,True,False,True,False,False,True,False,True,True,True,False,False,False,True,True,True,True,True,False,True,False,True,True,True,True,True,True,True,True,True,True,True,True,True,True,True,False,True,False,True,False,True,True,False,False,True,True,False,True,True,True,True,True,False,True,True,False,True,True,False,True,True,True,False,True,True,True,False,True,False,True,False,True,True,True,True,False,True,True,False,True,True,False,False,False,True,True,True,True,True,True,True,False,True,True,False,False,True,False,True,False,True,True,True,True,True,True,True,True,True,True,True,False,True,True,True,True,True,False,False,True,True,True,False,True,True,True,True,False,True,True,True,True,True,True,True,True,False,True,True,True,True,False,True,True,False,True,False,True,True,True,False,True,False,True,False,True,True,True,True,True,False,True,True,True,True,False,True,True,True,False,False,True,True,True,True,False,True,True,True
has_breast_color::orange,False,True,True,True,False,False,False,False,True,False,False,False,False,True,True,False,False,False,False,False,False,True,False,True,True,True,False,True,False,True,False,True,False,False,False,False,True,True,True,False,False,False,True,True,True,False,True,False,False,False,False,False,False,True,False,False,True,False,False,False,False,True,False,True,False,False,False,True,False,True,True,False,False,False,False,False,True,True,True,False,True,False,False,True,True,False,True,True,True,True,True,False,False,False,True,True,False,False,True,True,True,True,True,False,True,False,False,False,False,False,True,True,False,False,True,True,True,False,False,True,False,False,True,False,True,True,False,False,True,False,True,True,True,True,True,True,False,True,True,True,True,False,False,True,False,True,True,True,True,True,True,True,True,True,True,True,True,True,True,True,True,True,True,True,True,True,False,True,True,True,False,True,True,False,False,True,True,True,True,True,True,True,False,False,True,False,True,True,True,True,True,False,True,True,True,True,True,True,True,False,True,False,True,True,True,True,False,True,True,False,True,True,False,True,True,True,False,True,False,True,True,True,True,True,True,True,False,True,True,False,False,True,True,False,False,True,True,True,True,True,True,False,True,True,True,True,False,True,True,False,True,True,True,True,True,False,False,True,False,True,True,True,True,False,True,True,False,True,False,False,True,True,True,True,False,True,True,True,True,False,True,False,False,True,False,False,False,True,True,True,True,True,True,True,True,True,True,False,True,False,True,False,False,False,True,True,True,False,True,True,True,True
has_breast_color::black,True,True,True,False,False,True,False,True,False,False,False,True,False,True,False,True,False,False,False,False,True,True,False,True,True,True,False,True,False,False,False,False,False,True,True,True,False,False,True,True,True,False,False,False,False,True,True,False,False,False,False,False,False,False,False,True,False,False,False,False,True,False,True,False,False,False,False,False,True,False,False,False,True,False,False,False,False,False,True,True,False,True,False,True,False,True,True,True,True,False,False,True,True,False,False,False,False,False,False,False,False,False,False,False,True,False,False,True,False,True,False,False,True,True,True,True,True,True,True,False,False,True,True,True,False,False,True,True,True,False,True,True,True,False,True,False,True,True,False,True,True,False,False,False,True,True,False,True,False,False,True,False,False,True,False,True,False,False,False,True,False,True,True,False,True,False,True,False,True,True,True,True,False,True,False,False,True,True,False,True,True,True,False,True,False,False,True,True,False,True,True,True,True,True,True,True,True,False,True,True,False,False,False,True,True,True,False,True,True,True,True,True,True,True,False,False,True,False,True,False,True,True,True,True,True,True,False,True,False,True,True,True,False,True,False,True,True,True,True,False,True,True,True,True,True,False,True,False,True,True,True,True,True,False,True,False,True,True,False,True,False,True,False,True,True,False,True,False,True,False,False,True,True,True,False,True,True,True,True,False,True,True,True,True,True,True,True,True,False,True,True,True,False,True,True,False,True,True,True,False,True,True,False,True,False,True,True,False,False,True,True,True
has_breast_color::red,False,True,True,True,False,True,True,False,True,True,False,False,False,False,True,False,False,True,False,False,True,False,False,True,True,False,True,False,False,False,False,False,False,False,True,True,False,False,False,True,False,False,False,True,True,True,False,True,True,False,True,False,True,True,False,True,False,False,True,True,True,False,False,True,False,False,False,True,False,False,True,False,True,False,True,False,False,True,True,False,True,True,True,False,True,True,True,True,True,True,True,False,False,True,False,False,True,False,False,False,False,False,False,False,False,True,True,True,True,False,True,True,True,False,False,True,False,False,True,True,True,True,True,True,True,True,True,False,True,False,True,True,False,False,True,False,True,True,True,False,True,False,False,True,True,True,True,True,True,False,True,True,True,False,True,True,True,True,True,True,False,False,True,True,True,True,False,False,True,True,False,True,True,False,True,True,True,False,False,True,True,True,False,False,False,False,True,True,True,False,True,False,True,True,True,True,True,False,True,True,True,True,True,True,True,False,False,True,False,True,True,False,True,True,False,False,True,True,False,True,True,True,True,False,True,True,True,False,False,False,True,True,True,False,True,True,True,False,False,False,False,False,True,True,False,True,False,True,True,False,True,False,False,True,False,True,True,True,False,False,True,True,True,True,True,True,True,True,True,False,True,False,True,True,True,True,True,True,False,True,True,True,True,True,True,False,True,True,True,True,True,True,False,True,False,False,True,True,True,True,False,False,True,True,False,True,True,False,True,True,True,False
has_throat_color::rufous,False,True,True,True,False,True,False,False,False,False,False,False,False,False,False,False,True,False,False,True,False,True,True,True,True,False,False,False,False,True,True,False,False,False,False,False,False,False,True,False,True,True,False,True,False,False,False,False,False,True,True,True,True,False,True,False,False,True,False,False,False,True,False,False,False,False,False,True,False,False,False,True,False,False,False,True,True,True,True,True,False,False,True,True,True,True,False,False,False,True,False,True,True,False,False,True,False,False,False,True,False,False,True,False,False,False,False,True,False,True,False,True,True,True,True,True,True,False,True,True,True,True,True,True,False,True,True,True,True,False,False,True,True,True,True,True,True,False,True,True,True,True,True,False,True,False,True,True,False,True,True,False,False,False,False,True,True,True,True,True,True,True,True,True,True,False,True,True,True,True,True,True,True,True,False,False,True,False,False,True,True,True,True,True,True,True,False,False,True,True,True,True,True,True,False,True,False,True,False,False,False,True,True,False,True,False,True,True,True,True,False,True,False,False,True,True,True,False,True,True,False,True,True,True,True,True,True,True,True,True,True,False,True,True,False,True,False,True,False,False,True,True,False,True,True,True,True,True,False,True,True,True,True,False,False,False,False,True,False,True,True,False,True,False,True,True,True,False,False,True,False,False,True,True,False,True,False,True,True,True,False,True,False,True,True,True,True,False,True,True,True,False,True,False,True,False,True,True,True,False,False,False,False,False,True,True,True,False,False,True,True,False
has_throat_color::grey,True,False,True,True,False,False,True,True,False,True,False,False,False,True,True,False,False,False,True,False,False,False,False,True,True,False,False,True,False,False,False,True,False,False,False,False,True,True,True,False,False,False,True,False,False,False,True,True,False,False,False,False,False,True,False,False,False,True,False,False,False,False,True,True,False,False,False,False,False,True,False,False,False,False,False,False,False,False,False,True,True,False,True,True,True,True,True,False,True,False,True,True,True,False,False,False,True,True,False,True,True,False,False,False,False,False,False,False,False,True,True,False,True,True,False,False,False,False,False,True,False,True,False,True,False,True,False,True,True,False,False,True,True,True,False,False,True,True,True,False,True,True,True,False,True,False,True,True,True,True,False,True,True,False,False,True,False,False,True,True,False,True,True,True,False,True,True,False,False,True,False,True,True,True,False,False,True,True,True,False,True,True,True,True,True,True,True,True,False,False,False,True,True,True,False,True,True,True,False,True,False,True,False,True,True,True,False,False,True,True,False,True,True,False,True,True,False,True,False,False,False,True,True,True,True,True,True,True,False,True,True,True,True,True,True,False,True,True,False,True,True,True,False,True,True,True,True,False,True,True,True,False,True,False,False,True,True,True,True,False,True,False,True,True,False,False,True,True,True,False,True,True,True,True,False,True,False,True,True,False,False,False,True,False,True,True,True,True,True,True,False,False,True,True,False,True,True,True,False,True,True,True,False,True,False,False,True,True,False,False,False,False
has_throat_color::orange,False,True,False,True,False,False,True,True,True,False,False,False,True,False,True,True,False,True,True,True,True,True,True,True,True,True,True,False,True,True,False,True,True,False,False,False,False,True,False,False,False,False,False,False,True,False,False,False,True,False,False,True,True,True,False,True,True,False,False,True,True,False,False,True,False,True,False,True,True,False,False,False,False,False,False,True,False,True,True,True,True,True,True,True,False,True,True,True,True,False,False,False,False,False,True,False,False,False,False,False,False,False,False,False,True,False,False,False,True,True,True,False,True,True,True,False,True,True,False,True,True,False,False,True,True,True,False,False,False,True,False,True,True,True,True,True,True,False,True,True,True,False,False,True,True,False,True,True,True,True,False,False,True,True,True,True,True,True,True,True,True,True,True,False,False,True,True,True,True,True,True,True,True,True,True,False,True,True,True,True,True,True,True,False,True,True,True,True,True,True,False,True,True,True,True,True,False,True,True,True,True,True,True,True,True,True,True,False,True,False,True,False,True,True,True,True,True,True,True,True,False,True,True,True,False,True,True,True,False,True,True,False,False,False,False,False,True,False,True,False,True,True,True,True,True,True,True,True,False,True,True,True,True,False,True,True,True,False,True,True,True,False,True,True,True,True,True,False,True,True,True,False,False,True,False,True,True,False,True,True,False,False,True,False,True,True,True,True,True,False,False,True,True,True,True,False,True,True,True,True,True,True,True,True,False,False,True,False,True,True,True,True
has_throat_color::black,True,False,True,False,False,False,True,False,False,True,False,True,False,True,False,True,True,False,True,False,False,False,False,True,True,False,False,False,True,False,True,True,False,False,False,False,False,True,True,False,True,True,True,True,False,False,True,False,True,False,False,False,True,True,False,False,True,False,False,False,False,True,False,False,False,True,True,False,False,True,False,False,False,True,True,False,True,False,False,False,True,True,True,True,True,True,True,True,True,True,False,False,False,True,False,False,False,False,True,True,False,True,False,False,False,False,True,True,False,False,False,True,True,False,False,False,False,False,False,False,True,True,True,True,True,True,True,True,True,True,True,True,True,True,True,False,True,True,True,True,False,False,True,True,True,True,False,True,True,True,True,True,True,False,True,False,False,True,True,True,True,False,False,True,False,True,False,True,False,False,True,False,True,True,True,True,True,True,True,False,True,True,True,True,False,True,False,False,False,True,True,True,True,False,True,True,True,True,True,False,False,False,True,True,True,True,True,True,False,False,True,False,True,False,True,True,True,False,True,True,False,True,False,True,False,True,True,True,True,True,False,False,True,True,False,True,True,True,False,True,True,True,True,False,True,True,True,False,True,False,True,True,True,False,True,False,True,False,False,True,True,True,False,False,True,True,True,True,False,True,True,True,True,False,False,True,False,False,True,True,False,False,True,False,True,True,True,False,False,True,True,True,True,False,False,True,True,False,True,False,False,True,True,True,True,False,True,False,True,True,False,True
has_throat_color::red,True,True,False,False,False,False,False,False,False,False,False,True,True,False,False,False,True,False,False,False,True,False,False,True,True,False,False,True,True,False,False,False,False,False,False,False,True,False,True,False,False,True,False,False,True,False,False,False,False,False,False,False,True,False,False,False,True,False,True,False,False,False,True,True,True,True,False,True,True,False,True,False,False,False,False,True,True,True,True,False,True,True,True,True,True,True,True,True,False,False,False,False,False,False,True,False,True,False,True,True,False,True,False,True,False,False,False,True,True,True,True,False,True,False,True,True,True,False,True,True,True,True,False,False,True,True,True,False,False,True,False,False,True,False,True,True,True,True,True,True,False,True,True,False,True,False,True,False,True,True,False,True,True,True,True,True,True,True,True,True,False,True,False,True,False,True,False,True,True,True,True,True,True,True,False,False,False,False,True,True,False,True,True,True,True,True,True,True,True,False,True,True,False,False,False,True,True,False,True,False,True,True,True,True,True,False,True,False,True,True,True,False,False,True,True,True,True,True,True,True,True,True,True,True,True,True,True,True,True,False,True,False,True,False,False,True,True,False,True,True,True,True,True,True,False,True,False,True,False,True,True,True,True,False,False,True,True,False,False,True,True,True,True,False,True,True,True,True,False,True,True,True,False,True,True,True,True,True,True,False,True,False,False,True,True,True,False,False,True,True,True,True,False,False,True,True,True,False,False,True,True,False,True,True,True,False,False,True,True,True,True,True
has_eye_color::orange,True,True,True,True,False,True,True,False,False,False,False,False,False,True,False,True,False,True,False,False,True,False,False,True,True,False,False,False,False,True,False,True,False,True,False,False,False,True,False,False,False,False,True,True,False,False,False,False,True,False,False,True,True,False,False,False,True,False,True,False,False,False,True,False,False,True,False,False,True,False,False,True,False,False,False,False,False,False,True,True,True,False,True,True,False,True,True,True,True,True,False,False,False,False,False,True,False,False,False,False,False,False,True,True,True,False,False,False,True,True,True,True,True,True,False,True,True,False,False,False,True,False,False,False,True,True,True,False,True,True,True,False,False,True,False,False,True,True,False,True,True,True,True,True,False,True,True,True,False,True,False,True,True,True,False,True,True,False,True,False,True,True,True,False,False,False,True,True,False,False,False,True,True,True,True,False,True,False,True,True,False,True,True,False,True,False,False,False,True,True,True,False,True,True,True,True,True,True,True,True,True,False,True,True,True,False,False,True,True,True,True,True,False,False,False,True,True,True,True,True,False,True,True,True,True,True,True,True,True,True,True,True,True,True,True,False,True,True,True,False,True,True,False,True,True,True,True,True,False,True,True,True,True,False,True,True,True,True,True,False,True,True,True,False,True,True,True,True,False,True,True,False,True,True,True,False,True,True,True,True,True,True,True,True,True,True,False,True,True,False,False,True,False,False,True,False,True,False,True,True,True,True,True,True,True,False,False,True,True,True,True,True
has_eye_color::buff,True,True,True,False,True,False,False,True,False,True,False,False,False,False,True,False,True,False,False,False,False,True,True,True,True,False,False,False,False,False,False,False,True,False,False,True,True,False,True,False,False,True,False,False,False,True,True,True,False,True,False,False,False,True,True,False,False,True,True,False,False,False,True,True,False,False,True,False,False,False,False,True,False,False,False,False,True,False,False,True,True,False,True,True,True,True,True,True,True,False,True,False,True,False,False,False,True,True,True,False,False,True,False,False,False,False,False,False,True,True,True,False,True,True,True,False,True,True,False,True,False,True,True,True,True,False,True,True,True,True,True,True,True,False,True,True,True,True,True,True,True,False,True,True,False,True,False,True,True,True,True,False,True,True,False,True,True,True,True,True,True,True,True,True,True,True,True,True,False,True,True,True,False,True,True,True,True,True,True,True,True,True,True,True,False,True,True,False,True,False,False,True,True,True,True,False,True,False,True,True,True,True,True,True,True,True,True,True,True,False,True,True,True,True,True,True,True,False,True,True,False,True,True,True,True,True,True,True,True,False,True,True,True,True,True,True,False,False,False,False,True,True,True,False,False,True,True,True,True,True,False,True,True,True,True,True,True,True,True,True,True,False,False,False,False,True,False,True,True,False,True,True,True,False,True,True,True,False,True,False,True,True,True,False,True,True,False,True,False,True,True,True,False,True,False,True,True,False,True,True,True,True,True,True,False,True,True,True,True,False,False,False
has_bill_length::longer_than_head,True,True,True,False,True,False,False,True,False,True,True,False,False,False,True,True,False,False,True,True,False,True,False,True,True,False,True,True,False,True,False,True,False,False,True,False,False,True,True,False,False,False,True,False,True,False,True,False,True,True,True,True,False,False,True,True,True,False,False,True,True,True,False,True,True,False,True,False,True,False,True,True,True,False,False,True,True,True,True,True,True,True,True,False,True,True,True,False,True,True,True,True,True,True,True,True,True,True,False,True,False,True,True,True,False,True,True,True,False,True,True,True,True,True,True,True,True,True,True,True,True,False,True,True,True,True,True,True,True,True,True,False,True,False,True,True,False,False,False,True,False,True,True,False,True,True,True,True,True,True,True,False,True,False,True,True,True,False,True,True,True,True,True,True,True,False,True,True,True,True,False,True,False,True,False,True,True,True,True,True,False,False,True,True,True,True,True,True,False,True,True,True,False,False,True,False,True,False,True,True,True,True,True,True,False,True,True,True,True,True,True,True,True,True,False,False,False,False,False,True,True,True,False,True,True,True,True,True,False,False,True,True,True,True,True,True,False,True,True,True,False,False,True,True,True,True,True,False,False,True,True,True,True,False,True,False,True,True,False,True,True,True,False,True,False,True,True,True,True,False,True,True,False,False,True,True,True,False,True,True,True,True,False,True,False,False,True,False,False,True,True,True,False,True,True,True,True,True,True,True,True,False,True,True,False,True,True,False,False,True,False,False
has_bill_length::shorter_than_head,False,True,True,True,True,True,True,False,False,True,True,True,True,False,True,True,False,False,False,True,True,True,True,True,True,True,True,False,True,False,True,True,True,False,True,False,False,True,True,False,False,False,True,True,True,True,True,False,False,False,True,True,False,False,True,True,True,True,True,True,False,True,True,True,True,True,True,False,True,True,True,True,True,True,True,True,True,True,False,True,True,True,False,True,False,True,True,False,True,False,False,True,True,False,False,False,True,False,False,False,True,True,True,True,False,False,False,True,True,True,True,True,True,True,False,True,True,True,True,False,True,True,False,True,False,True,True,True,False,True,True,True,True,False,True,False,True,True,False,False,True,True,True,True,True,False,True,True,True,True,True,False,True,True,True,False,True,False,True,True,True,False,True,True,True,True,True,False,True,True,False,False,True,True,False,False,False,True,True,True,False,False,True,True,True,True,False,True,True,True,True,True,True,False,True,True,True,True,False,False,False,True,True,True,False,True,True,False,False,False,True,False,False,True,True,True,True,True,False,False,True,True,True,True,True,True,True,True,True,True,True,True,True,True,True,True,True,True,True,False,True,True,False,False,True,False,True,True,True,True,True,True,True,True,True,True,False,False,True,True,True,True,True,True,True,False,True,True,True,False,True,True,True,False,True,False,True,True,True,False,True,False,False,True,True,False,False,True,False,True,True,True,True,True,True,True,True,True,True,True,True,True,False,False,True,True,True,True,False,False,True,True
has_forehead_color::blue,True,False,True,True,False,False,True,False,True,True,False,True,False,False,True,False,False,False,True,False,False,True,False,True,True,True,False,False,True,False,False,True,True,False,False,True,True,False,False,False,False,False,True,False,False,False,False,False,True,False,False,True,True,True,False,False,True,True,False,False,True,True,False,False,False,True,True,False,True,False,True,False,True,False,True,True,False,True,True,False,True,True,False,True,True,True,False,True,False,True,True,True,True,False,False,True,False,False,True,True,False,False,True,True,False,True,False,False,False,False,True,False,True,True,False,True,False,True,True,True,False,True,True,True,False,True,True,True,True,True,False,True,False,False,True,True,True,True,True,False,False,False,False,False,True,False,False,True,True,False,True,True,True,False,False,False,True,True,False,True,True,True,True,True,True,False,True,False,False,True,True,True,True,True,True,True,False,True,True,True,True,False,True,True,True,False,True,False,True,True,True,False,True,True,False,True,True,True,False,False,True,True,True,True,True,False,True,False,False,True,True,True,False,True,True,True,True,False,False,True,True,False,False,True,True,False,True,True,False,False,False,True,True,True,False,True,True,False,True,True,True,True,True,True,False,True,True,True,True,False,True,True,True,False,False,True,True,True,True,False,True,True,False,True,True,True,True,False,False,True,True,True,True,True,True,False,True,True,True,True,True,True,True,True,True,True,True,True,True,True,False,False,True,True,False,True,False,True,True,True,False,False,True,True,True,True,True,True,False,False,True,False
has_forehead_color::rufous,False,False,True,False,False,False,False,False,False,False,False,False,False,False,False,False,False,False,False,False,False,False,True,False,True,False,False,False,False,False,True,True,True,False,True,False,True,True,False,True,False,True,False,False,False,True,False,False,True,True,False,True,True,False,True,True,False,True,False,False,False,False,False,True,True,True,True,True,True,True,True,True,False,False,False,False,False,True,True,False,True,True,True,True,True,False,False,True,False,True,True,False,False,True,True,False,False,True,False,False,False,False,True,False,False,False,True,False,False,False,True,False,False,True,False,True,True,True,True,False,True,True,True,True,True,False,True,False,False,True,True,False,False,True,False,False,True,False,True,False,True,False,False,False,True,True,True,True,True,True,True,False,False,True,False,True,True,False,True,True,True,False,True,True,False,False,False,True,True,True,False,True,True,True,True,True,False,True,True,True,True,False,False,False,False,True,True,False,True,False,True,True,True,False,True,False,True,True,False,True,True,True,False,False,False,True,True,True,True,False,True,True,True,True,True,True,True,True,True,True,True,True,True,False,True,True,True,False,True,True,True,True,True,True,True,False,True,True,False,False,True,False,True,False,True,True,True,True,False,True,False,False,True,True,True,False,True,False,False,False,False,True,True,True,True,True,True,True,False,True,True,True,True,True,True,True,True,True,False,True,True,True,False,True,True,True,False,False,True,True,False,True,False,False,False,True,True,False,True,True,True,False,False,True,True,False,True,False,True,False,False,False
has_forehead_color::grey,True,True,True,True,False,True,False,False,False,False,False,False,False,False,False,False,False,False,False,True,False,False,True,False,True,False,True,True,False,False,True,True,True,True,False,False,False,True,True,False,False,False,False,True,True,True,False,False,False,False,True,False,True,True,False,True,True,True,True,True,False,False,False,False,False,True,False,True,False,False,False,False,True,False,True,False,False,True,True,True,True,True,True,True,True,False,True,True,True,True,False,False,False,False,False,False,False,False,False,True,True,True,False,True,False,False,False,False,False,False,True,True,True,True,True,True,True,True,True,True,True,True,True,True,True,True,True,True,False,True,False,True,False,False,False,False,True,False,True,True,False,False,True,False,True,False,True,True,True,True,False,False,True,True,True,True,True,True,True,True,True,True,False,False,False,True,True,True,True,False,True,True,False,True,False,False,True,True,True,False,True,True,False,False,True,True,True,True,False,True,True,True,True,True,True,False,False,True,False,True,False,False,True,True,True,False,True,False,True,False,True,False,True,True,False,False,False,False,True,True,True,True,False,False,True,True,False,True,True,True,True,True,True,True,False,False,False,True,False,False,True,False,False,True,True,True,True,True,True,True,True,True,True,False,True,True,True,True,False,True,False,True,True,False,False,True,False,True,False,False,False,True,True,True,True,True,True,False,False,True,True,True,True,True,True,False,False,True,True,True,True,False,False,True,True,True,False,False,False,True,False,True,True,False,True,True,True,True,False,True,True,False
has_forehead_color::orange,False,True,True,True,True,False,False,False,False,False,False,False,False,False,True,False,True,False,True,False,False,False,False,True,True,False,True,False,False,False,False,True,True,True,False,True,True,True,True,True,False,False,False,True,False,False,False,False,False,False,False,False,True,False,True,True,False,True,False,False,False,False,False,True,True,True,False,False,True,False,False,True,False,False,True,True,False,False,False,True,True,True,True,True,True,True,True,True,True,False,False,False,False,False,True,True,False,False,False,False,False,True,True,True,False,False,False,False,False,True,True,True,True,True,True,True,True,True,True,False,False,False,True,False,True,True,False,True,True,False,True,True,True,True,True,False,True,False,True,False,True,True,True,True,False,True,False,True,True,True,False,True,True,True,False,True,True,False,False,True,False,False,False,True,False,False,True,True,False,True,True,True,True,True,True,True,True,False,True,False,True,True,False,True,True,True,True,False,True,False,True,True,True,False,True,True,True,False,True,False,True,True,True,False,True,True,False,True,True,False,True,False,True,True,True,True,False,False,True,True,False,True,False,True,True,True,False,True,True,True,False,True,True,True,True,True,True,True,True,True,False,True,True,True,True,False,True,True,False,True,True,False,False,True,True,True,True,True,True,True,False,True,True,True,False,False,True,False,True,True,False,False,False,True,True,True,True,True,False,True,False,True,True,True,True,True,False,True,True,True,True,False,True,True,True,False,True,True,True,True,True,False,False,True,False,True,False,False,False,False,True,True
has_forehead_color::black,True,False,False,False,False,True,False,False,False,False,False,False,False,False,False,True,False,False,True,False,True,False,False,True,False,True,False,False,False,True,False,True,False,True,False,False,False,True,True,False,False,False,True,False,False,False,False,True,False,False,True,False,True,True,False,True,False,False,False,True,False,False,False,True,True,False,False,False,False,False,False,False,False,False,False,False,False,False,True,True,True,True,False,True,True,True,True,True,False,True,False,False,True,False,True,False,False,True,False,True,True,False,False,False,False,False,False,False,False,False,False,True,True,True,False,True,False,False,True,True,True,True,True,False,True,True,True,True,False,True,True,False,False,True,False,True,True,False,False,True,True,False,False,True,False,False,True,True,True,True,False,True,False,True,True,True,True,False,True,True,True,True,True,False,True,False,True,True,True,False,True,False,True,True,True,True,False,False,True,False,False,True,False,False,True,True,True,True,True,False,False,True,True,True,False,True,True,True,False,True,True,True,True,True,False,False,True,True,True,True,False,False,True,True,False,True,True,True,False,True,True,True,True,True,True,True,True,True,False,True,True,False,True,True,True,False,True,True,True,False,True,True,True,True,True,True,False,True,True,True,True,False,False,True,True,False,True,True,True,False,True,False,True,True,True,False,True,True,False,False,True,True,True,True,False,False,True,True,True,True,True,True,False,True,True,True,False,False,True,True,True,True,True,True,False,True,False,True,True,True,True,True,True,False,True,False,True,True,True,False,True,True
has_under_tail_color::blue,True,True,True,True,True,False,False,True,False,True,True,False,True,False,False,False,True,False,False,False,False,False,True,False,True,True,False,False,False,True,False,True,False,False,False,True,False,False,True,False,False,False,False,False,False,False,False,False,False,False,False,False,True,True,False,False,False,True,True,False,False,True,False,False,False,False,False,False,True,True,False,False,False,False,False,False,False,False,False,True,True,True,True,False,True,False,True,False,False,True,True,False,False,False,False,False,False,False,False,True,False,False,False,False,True,True,True,True,True,True,True,True,True,True,False,True,True,False,True,True,False,True,True,True,True,True,False,False,True,True,True,True,False,True,True,True,False,True,False,False,False,True,False,True,False,True,True,True,False,True,True,True,True,True,True,False,True,True,True,True,False,True,False,True,False,True,False,True,True,True,False,True,False,True,True,True,True,False,False,True,True,False,False,True,False,False,True,False,False,True,True,False,True,True,True,True,True,False,True,True,False,False,True,False,False,False,True,False,True,True,True,True,False,True,True,True,True,True,True,False,False,True,True,False,False,True,True,True,True,True,True,True,True,True,True,True,False,True,True,True,True,True,True,True,True,True,False,True,True,False,False,True,True,True,True,True,True,True,True,False,False,False,True,True,True,True,True,False,True,True,True,True,True,True,True,True,True,False,True,True,False,True,True,False,True,True,False,False,True,False,False,True,True,True,True,True,False,True,False,True,True,True,True,True,True,True,True,False,False,True,False,False
has_under_tail_color::rufous,False,True,True,True,True,False,False,False,False,False,True,True,False,False,False,False,False,True,False,False,False,False,False,True,False,False,False,False,True,False,False,False,True,True,False,False,False,True,True,False,False,True,True,False,False,False,False,True,False,False,True,True,False,True,False,False,False,False,False,False,False,True,False,False,False,True,False,False,False,False,False,False,False,True,False,False,True,True,False,True,True,False,False,True,True,True,True,True,True,True,False,False,False,False,False,False,False,False,False,False,True,False,True,True,False,False,False,False,False,False,True,True,True,True,True,False,True,True,True,True,True,True,False,True,True,False,True,False,True,True,False,True,True,True,True,True,False,True,False,True,True,True,True,True,False,True,True,False,True,True,True,True,False,False,True,True,True,False,True,True,True,True,True,True,True,True,True,True,False,True,True,False,True,False,True,True,True,False,True,True,True,True,False,True,True,True,True,True,True,True,True,False,False,True,True,True,True,False,True,True,False,True,False,True,True,True,False,False,True,False,False,True,True,True,False,True,True,False,True,False,True,False,True,True,True,True,True,True,True,False,True,False,False,True,False,True,True,False,True,False,True,False,True,False,False,True,True,False,False,True,True,False,True,True,True,False,False,True,True,True,True,False,False,True,True,False,True,True,True,True,False,False,True,True,False,True,False,True,True,False,True,False,True,True,True,True,True,True,True,True,False,True,True,True,False,False,False,True,False,True,True,True,True,True,True,False,True,True,False,True,False,False
has_under_tail_color::orange,True,True,True,False,True,False,False,False,True,False,False,False,False,False,False,False,False,False,False,True,False,False,False,False,False,False,False,True,True,False,False,True,False,True,True,False,True,False,False,False,False,False,False,False,False,False,True,True,True,False,True,False,True,True,False,False,False,True,True,False,False,False,True,False,False,False,False,True,True,False,True,False,True,True,False,False,False,True,True,False,True,False,True,False,True,True,True,True,True,True,True,False,True,False,True,False,False,False,False,False,True,False,True,False,True,False,True,False,True,True,True,True,True,True,True,True,True,True,True,True,True,False,True,True,True,False,True,True,True,True,True,False,True,True,False,True,True,True,True,True,False,False,False,True,True,True,True,False,True,True,True,True,True,True,True,True,True,True,False,True,False,True,True,False,True,False,False,False,True,True,True,True,False,True,True,True,True,True,True,True,False,True,True,True,True,False,True,False,True,True,True,True,False,True,False,True,True,False,True,True,True,True,True,False,True,False,True,True,False,True,True,True,False,True,True,True,True,False,False,False,True,True,True,True,True,True,True,True,True,True,True,True,True,True,False,True,True,False,True,True,True,False,True,True,False,True,True,True,True,False,True,True,True,True,True,True,True,True,True,True,True,True,False,False,True,True,True,False,True,True,True,False,True,True,False,True,True,False,True,False,False,True,True,True,True,False,True,False,False,False,True,False,False,True,True,True,True,False,False,False,True,True,True,True,False,True,True,True,True,True,True,True
has_under_tail_color::black,True,True,True,True,True,False,True,False,False,False,False,False,False,True,True,True,False,True,False,False,False,False,True,True,False,False,False,False,False,False,False,True,False,False,False,True,True,True,True,False,False,True,False,False,False,True,False,True,False,True,False,False,True,False,True,False,False,False,True,False,False,False,True,False,False,True,True,False,False,True,False,False,False,False,False,True,False,True,True,True,False,True,False,False,True,True,False,False,True,True,True,False,True,False,True,False,True,False,False,False,False,False,True,True,False,False,False,False,False,True,True,True,True,True,False,False,True,True,True,False,True,True,True,True,False,True,True,True,True,True,True,True,True,False,True,True,True,True,False,True,True,True,True,True,False,True,False,False,True,False,False,True,True,True,True,True,False,True,True,True,True,False,True,False,True,True,True,True,False,True,True,True,True,True,True,True,True,True,False,True,True,False,False,False,False,True,True,True,False,True,False,False,True,False,False,False,True,True,True,True,True,False,True,True,True,True,True,True,True,True,True,True,True,False,True,True,True,True,True,True,False,False,False,True,True,True,True,False,True,True,False,True,False,True,True,True,True,True,False,True,False,False,True,True,False,True,True,True,False,True,True,True,False,True,True,True,True,True,False,True,True,True,True,True,True,True,True,True,True,True,True,True,True,True,False,True,True,False,True,True,True,True,True,False,True,False,True,False,True,True,True,True,True,False,True,True,True,True,True,False,True,True,True,True,True,True,True,True,True,False,True,False
has_under_tail_color::red,False,False,False,True,False,False,True,False,False,False,False,False,True,False,False,False,True,False,False,True,True,True,False,False,True,False,True,False,False,False,True,True,True,False,False,False,True,True,True,False,False,False,False,False,True,False,True,False,False,False,True,False,True,True,False,False,True,True,False,True,False,True,True,False,True,True,False,True,False,True,True,False,False,True,False,False,False,True,False,True,True,True,True,True,True,False,True,True,False,True,False,False,False,False,True,True,False,True,False,False,False,False,False,True,False,False,False,False,True,True,True,False,True,True,True,False,False,True,True,True,True,True,True,False,False,True,True,True,False,False,True,False,True,True,False,True,True,True,True,False,True,False,True,True,True,True,True,False,False,False,True,True,True,False,False,True,False,True,True,True,False,False,True,True,True,True,True,True,False,True,False,True,True,False,True,True,False,False,False,True,True,True,False,True,False,True,False,True,True,False,True,True,True,False,False,False,True,True,False,True,False,False,True,True,False,True,False,False,False,True,True,True,True,True,True,False,True,True,True,True,False,False,False,False,True,True,False,True,False,True,True,False,True,True,True,True,False,True,True,True,True,True,True,False,True,True,False,True,False,True,True,True,True,True,True,True,True,True,True,False,True,True,True,True,True,True,True,False,True,True,True,True,False,False,True,False,False,False,False,True,False,False,True,True,True,False,True,True,True,True,False,True,False,True,True,False,True,True,True,True,True,True,True,True,True,True,True,False,True,False,True,True
has_nape_color::blue,True,False,True,False,False,False,True,True,False,False,False,False,False,False,False,False,True,False,False,False,False,False,False,True,True,False,False,False,True,False,True,False,True,True,True,False,True,True,False,False,False,True,True,True,True,False,False,False,False,False,False,False,True,True,True,False,False,True,False,True,False,True,False,True,False,False,False,False,False,True,True,False,False,False,True,True,False,True,True,False,True,True,True,True,True,True,True,False,True,False,False,False,True,True,False,False,False,False,True,False,True,False,True,False,False,False,False,True,True,True,False,False,True,False,True,False,False,True,True,True,False,True,True,True,False,True,False,True,True,True,True,True,True,True,True,True,True,True,False,True,False,True,False,True,True,True,True,True,True,True,True,True,False,True,False,True,True,True,False,False,True,False,True,True,True,True,True,True,False,True,False,False,False,False,False,False,True,True,True,True,True,True,False,False,False,True,True,True,True,True,True,False,False,True,True,True,True,False,True,False,False,False,True,True,False,True,True,False,True,True,True,True,True,False,True,False,False,True,True,True,False,False,False,True,True,False,True,True,True,False,False,False,False,True,True,True,False,True,False,False,True,True,True,False,True,False,True,False,True,True,True,True,True,False,True,False,True,False,False,True,True,False,False,False,True,True,True,True,True,True,True,True,False,False,True,False,True,True,True,False,False,True,True,False,True,False,True,True,False,False,True,False,True,True,True,True,False,False,False,True,True,False,True,False,False,True,True,True,False,False,True,True
has_nape_color::rufous,True,True,True,True,False,False,False,False,False,False,False,False,False,False,False,False,False,False,False,False,False,False,False,True,True,False,True,False,True,True,True,False,False,False,False,False,True,True,True,True,True,False,True,True,True,True,False,False,False,True,False,False,False,True,False,False,False,False,True,False,False,True,True,False,False,True,False,False,True,True,False,False,True,False,True,False,True,True,False,False,True,False,True,True,True,True,True,False,True,True,False,False,False,False,False,True,False,False,False,False,False,False,True,False,True,False,False,True,True,True,True,True,False,False,True,False,True,True,True,False,True,True,True,True,True,False,False,True,True,True,False,True,True,True,True,True,True,True,True,True,True,True,False,True,True,True,True,True,True,False,False,True,True,True,True,True,True,False,True,True,False,False,True,True,True,True,True,True,True,True,True,False,False,False,False,True,True,True,True,True,True,True,False,True,False,True,False,True,True,True,False,True,True,False,True,True,False,True,False,True,False,True,False,True,False,True,True,True,False,True,True,True,True,True,False,False,True,True,True,True,False,True,False,True,True,True,True,True,True,True,True,True,False,False,True,False,True,True,True,True,True,True,False,False,True,True,False,True,True,True,True,True,True,True,True,True,True,False,True,True,False,True,True,False,True,True,True,False,True,False,False,False,True,True,False,False,True,False,True,False,True,True,True,False,True,True,False,True,False,True,True,True,True,True,False,True,True,True,False,False,True,True,True,True,False,True,True,True,True,True,False,True
has_nape_color::grey,False,True,True,False,False,False,True,True,True,False,False,False,False,True,False,False,False,False,False,False,False,True,True,True,False,True,False,True,False,False,False,True,True,False,False,False,False,False,False,True,False,False,True,False,False,False,True,True,False,False,False,True,True,True,True,False,False,False,False,True,False,False,True,False,False,False,True,True,True,False,False,True,False,True,False,True,True,False,True,True,False,True,True,True,False,True,False,True,True,True,False,False,False,False,False,False,False,False,False,False,False,False,False,False,False,False,False,False,False,False,True,True,False,True,True,True,True,True,True,True,True,True,True,True,True,True,True,True,True,False,True,False,False,False,False,False,False,False,True,True,True,True,True,True,True,False,True,True,True,True,False,True,False,True,False,True,True,False,True,True,True,True,True,False,True,True,True,True,True,False,True,True,True,True,False,True,True,True,True,True,False,True,False,True,True,False,False,True,True,False,True,False,False,True,True,True,True,True,True,True,True,True,True,False,True,False,False,True,True,True,False,True,True,True,True,True,True,False,False,False,False,True,True,True,True,False,True,False,True,True,True,True,False,True,True,True,True,True,True,True,False,False,True,False,True,True,True,True,False,True,False,True,True,False,True,False,True,False,True,True,True,False,True,True,True,False,False,True,False,True,True,True,True,False,True,True,True,False,True,False,True,True,True,True,True,True,True,True,True,True,True,True,True,False,True,True,True,True,True,False,True,True,True,False,True,True,True,True,True,True,False,True
has_nape_color::orange,True,False,True,True,False,False,False,True,False,False,False,False,True,False,False,False,True,False,False,False,False,False,False,False,False,False,True,False,False,False,False,True,False,True,False,False,False,False,True,False,False,False,False,True,False,False,False,True,False,True,False,False,False,False,True,False,True,False,True,True,False,False,True,False,False,False,True,False,False,True,True,True,False,True,False,True,True,True,False,False,True,True,True,True,False,True,True,False,True,True,True,True,True,False,False,False,True,False,False,True,False,False,False,True,False,True,False,False,False,True,True,True,True,True,False,True,False,True,True,False,True,True,True,True,True,True,True,False,True,True,True,True,True,True,False,True,True,True,True,False,True,False,False,True,False,True,True,False,False,False,True,False,True,True,True,True,False,True,True,True,True,True,False,True,True,False,True,False,True,True,False,True,True,True,False,True,True,True,True,False,True,False,True,True,False,True,True,False,True,True,True,True,True,True,True,True,True,True,False,True,True,True,False,False,True,True,True,True,False,True,True,True,True,True,True,True,True,True,True,True,True,True,True,True,True,True,True,True,False,True,False,False,True,False,True,False,False,True,True,False,False,True,True,True,True,True,True,True,True,True,False,True,False,True,False,True,True,True,True,True,True,True,True,True,True,True,False,True,True,True,False,True,True,True,False,False,True,True,True,True,True,False,True,False,True,True,True,True,True,True,True,True,True,True,True,True,True,False,True,False,True,True,True,True,True,False,True,True,True,True,False,True
has_nape_color::black,False,True,True,True,False,True,False,False,False,False,True,False,True,True,False,False,True,False,False,False,False,False,False,False,False,False,True,False,True,True,False,True,True,True,False,False,False,False,False,False,False,False,False,False,True,False,False,False,False,True,False,False,True,True,False,False,False,False,False,True,True,False,True,False,False,True,False,True,False,True,False,False,False,False,False,False,True,False,True,True,False,False,True,True,True,True,True,True,True,False,False,False,False,False,True,False,False,False,False,True,False,False,True,False,False,False,False,False,True,False,True,False,True,False,False,True,True,True,True,False,False,True,True,True,True,True,True,False,False,True,True,True,True,True,False,True,True,False,True,True,True,False,True,False,True,True,False,False,True,True,True,True,True,True,True,False,True,True,True,False,True,True,True,False,True,True,True,True,True,True,True,True,True,True,True,True,False,False,True,True,True,True,True,False,True,True,False,True,True,False,True,False,True,True,True,False,False,True,False,False,False,True,False,True,True,True,True,False,True,True,False,True,True,False,True,True,True,True,True,False,True,True,False,False,False,True,True,False,False,True,False,True,True,True,True,False,True,True,True,True,True,False,True,True,False,True,True,True,True,False,False,True,True,True,True,True,False,True,False,True,True,False,False,False,True,True,True,False,True,True,False,True,True,False,True,False,True,False,True,False,False,False,True,True,True,True,True,True,True,False,True,True,False,False,True,True,True,False,True,False,False,True,True,True,True,True,True,False,True,True,True,True
has_nape_color::red,True,True,True,False,False,False,False,False,True,False,True,False,False,False,False,False,False,False,False,True,False,False,False,True,True,False,False,True,False,True,False,False,True,False,False,False,False,True,True,True,True,True,False,True,False,False,True,False,True,False,False,False,True,False,True,False,False,False,False,False,False,True,False,False,True,True,True,True,False,False,False,False,False,False,False,False,False,True,True,True,True,False,True,True,False,False,False,False,True,True,False,True,False,False,False,False,True,False,True,True,True,False,False,True,False,False,True,False,False,False,True,True,False,True,True,True,True,False,True,False,True,True,False,True,True,True,False,True,False,True,False,False,True,True,False,True,False,True,True,True,True,False,True,True,True,True,True,True,True,True,True,False,True,False,True,False,True,False,True,True,True,True,True,True,True,False,True,True,False,False,True,False,False,True,True,False,True,False,True,True,True,True,True,False,True,False,True,True,False,False,True,True,True,True,True,True,True,True,True,True,True,True,False,True,False,True,True,False,False,True,True,False,True,True,True,True,False,True,True,True,True,True,True,True,True,True,True,True,True,True,True,True,True,True,False,False,True,True,True,True,True,False,True,True,True,True,False,True,False,True,False,True,False,False,True,True,True,True,True,False,True,True,True,True,False,True,True,True,True,True,True,True,False,True,False,True,False,True,True,True,True,True,True,False,True,False,True,True,False,True,True,False,False,True,True,False,True,True,True,True,False,True,False,True,True,True,True,True,True,True,True,True
has_belly_color::blue,True,True,True,False,True,False,False,True,False,True,False,False,False,True,False,False,False,False,False,False,False,True,True,False,True,True,True,False,False,True,False,False,True,False,True,True,False,True,True,False,False,False,False,True,True,True,False,False,True,False,False,True,False,True,False,False,False,True,False,True,False,False,False,False,False,False,True,False,False,False,False,True,True,True,False,False,False,True,False,True,True,True,True,True,True,True,False,False,True,True,True,False,False,False,False,False,True,False,False,False,True,False,False,True,True,True,False,False,True,True,True,False,True,True,False,True,False,True,False,True,True,False,True,False,True,True,False,False,True,False,True,True,True,False,False,True,True,True,True,True,True,True,False,True,False,False,True,True,True,False,True,False,False,True,True,False,False,True,True,True,True,True,True,True,True,True,False,False,True,False,False,True,True,False,False,False,True,True,True,True,True,True,False,True,True,True,False,False,True,True,False,True,True,True,False,True,True,True,True,True,True,True,True,True,True,True,False,True,False,True,True,False,True,True,True,True,True,True,False,False,False,True,True,True,True,True,True,True,False,True,True,True,True,False,True,True,True,True,False,True,False,False,True,True,False,True,True,False,True,True,True,True,False,False,True,True,False,False,True,True,False,True,False,False,True,True,False,True,False,True,False,True,True,False,True,True,False,True,True,True,True,True,True,True,True,True,True,True,False,True,True,True,False,True,True,True,True,True,False,False,False,True,True,True,True,True,False,True,True,False,True,False
has_belly_color::rufous,True,False,True,True,True,False,False,False,True,False,False,False,False,False,True,False,False,False,True,False,False,False,False,True,True,False,False,False,False,True,False,False,False,False,False,False,False,True,True,True,False,True,False,False,False,False,False,True,False,False,False,True,False,False,False,False,False,True,False,True,True,False,False,False,False,False,False,False,True,True,True,True,True,False,False,False,True,True,True,True,True,True,True,True,False,True,False,True,False,True,False,False,False,False,True,True,False,False,False,False,False,False,False,False,False,False,True,False,False,True,True,True,True,True,True,True,False,False,False,True,True,True,True,True,True,False,True,False,True,True,True,False,False,True,False,True,False,True,False,False,False,True,True,False,False,True,True,True,True,True,True,False,True,True,True,False,True,False,False,True,False,True,True,False,True,False,True,True,False,True,True,False,True,False,True,True,True,True,True,True,True,True,True,True,False,True,False,True,True,True,True,True,True,False,False,True,False,False,True,True,True,True,True,True,True,True,False,False,True,True,False,False,True,True,False,True,True,False,True,True,True,True,True,False,True,False,True,False,True,False,True,True,True,True,True,True,False,True,True,True,True,True,True,True,True,True,True,False,True,True,True,False,False,False,True,True,True,True,False,True,True,False,True,False,False,False,True,True,False,False,True,True,True,True,False,True,False,True,True,False,True,True,True,True,True,False,True,True,True,True,True,False,True,False,True,True,False,False,True,True,True,True,True,False,True,True,False,True,False,True,True,True
has_belly_color::grey,True,True,True,True,False,True,False,False,False,False,False,False,False,False,False,False,False,False,True,False,False,False,True,True,True,False,False,False,False,True,True,True,False,False,False,False,False,True,True,False,True,True,True,False,False,False,False,True,False,False,False,False,True,True,True,False,False,True,False,True,False,False,False,False,False,False,False,False,False,False,False,False,False,False,True,True,False,True,True,True,True,True,True,True,True,True,True,True,True,True,False,False,False,False,True,True,True,False,False,True,True,False,False,False,True,True,False,True,False,True,False,True,False,False,False,False,True,True,True,True,True,True,False,True,False,True,True,True,False,True,True,False,True,True,True,True,True,True,True,True,True,True,True,True,False,False,False,True,True,True,True,True,True,True,True,False,True,False,False,False,True,True,False,True,True,False,True,True,True,True,True,True,False,True,False,True,True,True,False,False,False,True,True,True,True,True,True,True,True,False,True,True,False,True,True,True,True,False,True,True,True,False,False,True,False,True,True,True,True,False,True,True,True,True,True,True,True,True,False,False,False,True,True,True,False,False,True,True,True,False,True,False,True,False,True,False,True,True,True,False,True,True,True,True,False,True,True,True,True,True,False,True,True,False,True,True,False,False,False,True,True,True,False,True,False,True,True,False,True,True,True,False,False,False,False,False,True,False,False,True,True,True,False,True,True,False,True,False,True,True,False,False,True,True,False,True,True,True,True,True,False,True,False,True,True,True,True,False,True,False,True,False
has_belly_color::orange,True,True,True,True,True,False,False,False,False,False,False,False,False,False,False,False,True,False,True,False,True,False,False,True,True,True,False,False,False,False,False,True,False,False,False,True,True,True,True,False,False,False,False,True,False,False,False,True,False,False,False,False,False,True,False,False,False,False,False,False,False,False,False,False,False,False,True,False,False,False,False,True,False,True,False,True,False,False,True,True,True,False,False,True,True,True,True,True,True,False,False,True,True,True,False,False,False,True,False,False,True,False,False,False,False,True,True,False,True,True,False,True,True,False,True,True,True,False,True,True,True,True,True,True,True,True,True,True,True,True,True,True,True,False,True,False,True,True,True,True,False,False,False,False,True,True,False,True,True,True,False,True,False,False,True,True,True,True,False,False,False,True,True,True,True,True,False,True,False,False,False,True,False,False,True,True,False,False,False,False,True,False,False,True,False,False,True,True,False,True,True,True,False,True,False,True,True,False,True,True,True,True,True,True,False,True,True,False,True,True,True,False,False,True,True,True,True,False,True,True,False,True,True,True,True,False,False,True,True,True,True,False,True,False,False,False,True,True,True,True,True,True,True,True,True,False,True,True,False,True,True,True,True,False,False,False,True,False,True,False,True,True,False,True,True,True,True,True,True,True,True,True,True,True,True,False,True,True,True,True,True,True,False,True,True,True,True,True,True,True,True,True,True,True,True,True,True,True,True,True,True,False,True,True,True,True,True,True,True,True,True,True
has_belly_color::black,False,True,True,True,False,True,True,False,True,False,True,False,False,False,True,False,False,True,False,True,True,False,False,True,True,False,False,False,True,False,False,False,False,False,True,True,False,True,False,False,True,True,False,False,True,False,False,True,False,False,False,False,True,False,True,False,True,False,False,False,False,True,False,False,False,False,False,False,False,False,False,False,False,False,False,False,False,True,True,False,True,True,False,False,True,False,True,True,True,False,False,False,True,False,False,False,False,True,False,True,False,False,False,True,False,False,False,True,False,False,True,False,False,False,False,False,True,True,True,True,True,True,True,False,False,False,True,True,False,True,True,True,True,True,True,False,True,True,False,False,True,True,True,True,True,True,False,True,True,True,True,False,True,False,True,False,True,True,True,True,True,True,True,True,True,True,True,True,False,True,False,True,True,True,True,True,False,True,True,True,True,True,True,True,True,True,False,True,False,False,True,False,True,True,False,False,True,True,True,False,True,False,True,True,True,False,False,True,False,True,True,False,True,True,True,True,False,True,True,False,True,True,True,True,False,True,True,False,False,False,True,False,True,False,True,True,True,True,True,False,True,True,True,True,False,True,True,True,True,True,True,True,True,True,True,True,True,True,True,True,True,True,True,True,True,True,True,False,True,True,True,False,False,False,True,True,True,True,True,True,True,False,True,True,True,False,True,False,True,True,True,False,True,True,True,True,True,False,True,False,True,True,True,True,True,True,True,True,True,False,True,False
has_belly_color::red,True,True,False,True,True,True,False,False,True,False,False,False,False,False,False,False,False,False,True,False,False,True,False,True,True,True,False,False,False,False,True,True,False,False,False,True,False,False,True,False,False,False,False,False,True,True,False,False,False,True,False,True,True,True,False,True,False,False,False,False,False,False,True,False,False,False,False,False,False,False,False,False,True,True,False,False,True,True,True,True,True,True,True,True,True,False,True,True,True,True,False,False,False,False,False,True,False,True,False,False,False,True,True,True,False,False,True,True,False,True,True,False,False,True,True,False,False,False,True,True,False,True,True,True,False,False,True,False,True,True,True,True,True,True,True,True,True,False,True,False,True,False,True,False,True,True,True,True,True,False,True,True,True,False,True,True,True,False,False,True,True,True,True,True,True,False,True,True,True,True,False,False,True,True,True,True,True,True,True,True,True,True,False,True,False,True,False,False,False,True,False,False,True,True,False,True,True,False,True,True,False,False,False,False,True,True,True,True,True,True,False,True,False,True,True,True,True,False,True,True,True,False,True,False,False,True,False,False,False,True,True,True,False,False,True,True,True,True,True,False,False,True,False,True,False,True,False,True,False,True,True,True,True,True,True,False,True,True,True,True,False,False,False,False,True,False,True,True,False,False,True,True,False,True,True,False,False,True,False,True,False,True,False,False,True,False,True,False,False,True,False,False,False,True,True,True,True,True,True,False,True,False,False,False,True,True,True,True,True,False,True,False
has_belly_color::buff,False,False,True,False,False,False,True,True,True,False,False,False,False,True,False,False,False,False,False,True,False,False,False,False,True,False,False,False,False,True,True,False,False,False,False,False,False,False,True,False,False,False,False,False,False,False,True,False,False,False,True,False,True,False,False,True,False,False,False,False,False,False,False,False,False,True,False,False,False,False,False,False,False,False,True,True,False,False,True,True,True,True,True,True,True,True,True,True,True,True,False,False,True,False,True,True,False,False,False,True,False,True,True,False,False,True,True,True,True,False,False,True,False,False,True,True,True,False,False,True,True,False,True,False,True,True,True,True,True,False,True,True,False,False,True,False,True,True,False,True,True,True,False,True,True,True,False,True,False,True,True,True,True,False,True,True,True,True,True,True,True,True,True,True,True,True,False,True,True,False,True,True,False,True,True,True,True,True,True,False,True,True,True,True,True,False,True,True,True,False,True,True,False,False,True,False,True,True,True,False,True,True,False,True,True,True,True,True,True,True,False,False,True,True,True,True,True,True,True,True,True,True,True,True,True,True,False,False,True,True,True,False,True,False,True,False,False,False,False,False,True,True,True,True,True,True,True,True,True,True,True,True,True,True,False,True,True,False,False,True,True,True,False,True,False,False,False,False,True,True,False,True,False,True,True,True,True,True,True,True,False,True,True,False,True,True,True,True,True,True,False,True,True,True,True,False,False,True,False,True,True,True,True,True,True,False,True,True,True,False,True,True
has_wing_shape::rounded-wings,False,False,False,False,True,True,True,True,True,True,True,False,False,True,False,False,False,False,True,True,True,False,False,True,False,True,True,False,True,False,True,True,True,True,True,False,True,False,True,True,True,False,True,True,True,True,True,True,True,False,True,False,True,True,True,False,True,False,True,True,True,False,True,True,True,True,True,False,True,True,True,True,True,True,True,True,False,False,True,True,True,False,False,False,True,True,True,True,True,True,True,True,True,True,True,True,True,False,True,True,True,True,True,True,False,True,True,True,False,False,True,True,True,True,False,True,True,True,False,False,False,True,False,False,True,False,False,True,False,True,True,False,True,False,False,True,False,True,True,True,False,False,True,False,True,True,False,False,True,True,False,True,True,False,False,True,True,True,False,True,False,True,True,True,True,True,True,True,False,False,True,True,True,True,True,True,True,True,True,False,False,True,True,True,False,True,True,True,True,True,True,True,True,True,True,False,True,True,True,True,True,True,True,False,False,True,True,False,True,True,True,True,True,True,True,True,False,True,True,False,True,True,False,True,False,True,False,True,False,True,True,True,True,True,True,False,False,True,True,True,True,True,True,True,True,False,False,True,True,False,True,True,False,False,True,False,True,True,True,False,False,True,True,True,True,False,True,True,True,True,True,False,False,True,False,True,True,True,True,True,True,False,True,True,False,True,False,True,True,True,False,True,True,True,True,True,False,True,True,True,True,True,True,True,True,True,True,True,True,False,True,True
has_size::large_(16_-_32_in),True,True,False,False,False,True,True,True,True,True,False,True,False,True,True,True,True,True,True,True,True,True,True,True,True,True,True,False,True,True,True,True,False,True,True,True,True,False,True,True,True,True,True,True,True,True,False,True,True,True,True,False,False,True,False,True,True,True,False,True,True,False,False,True,True,False,True,True,True,True,True,False,True,True,True,False,True,True,False,False,False,False,True,False,True,False,True,True,True,True,False,True,True,False,False,False,True,True,True,False,True,True,False,True,True,True,False,True,True,True,True,True,False,True,True,True,True,False,False,False,True,True,True,True,True,False,True,False,True,False,True,True,True,True,True,True,True,True,True,False,False,True,True,True,True,True,False,False,False,True,True,True,True,True,True,False,False,False,True,True,False,True,False,True,True,True,True,False,True,False,True,True,True,True,True,True,True,True,True,True,True,True,True,True,True,False,True,False,False,True,True,False,True,True,False,False,True,True,True,True,True,False,True,False,True,False,False,True,True,False,False,False,True,True,False,False,False,False,True,True,False,True,True,True,True,False,True,True,True,True,True,True,True,True,False,True,False,True,True,False,False,True,False,False,True,True,True,True,True,False,True,True,True,True,False,True,False,False,True,True,False,True,True,True,True,True,True,False,False,True,False,True,True,False,True,True,False,True,True,True,False,True,False,False,False,False,True,False,True,True,True,True,False,True,True,False,True,True,True,False,False,True,True,True,False,False,True,True,True,False,False,True
has_size::very_large_(32_-_72_in),True,True,True,True,True,True,True,True,True,False,True,False,True,True,False,True,True,True,True,True,True,True,True,True,True,True,True,False,False,False,True,False,False,True,True,True,True,True,True,True,True,False,True,True,True,True,True,True,True,True,True,True,True,False,False,True,True,True,True,True,True,True,True,True,True,True,False,True,True,True,True,True,True,True,True,True,False,True,True,True,False,False,True,True,True,False,True,False,False,True,True,True,True,True,True,True,True,False,True,True,True,True,True,True,True,True,False,True,True,True,True,False,True,True,False,True,True,True,False,False,False,True,False,True,True,False,True,True,True,True,True,True,False,True,True,True,True,True,True,True,False,False,False,True,False,True,True,True,True,False,True,True,True,False,False,True,False,True,True,False,False,True,False,True,False,True,False,False,True,True,False,True,True,True,True,False,True,True,True,True,True,True,False,False,True,True,False,False,True,True,False,True,False,True,False,True,False,True,False,True,True,True,False,True,True,False,True,True,False,True,False,True,False,True,False,True,True,True,False,True,True,False,True,True,True,False,True,True,True,True,True,True,True,True,True,True,True,True,True,False,False,True,True,True,True,True,True,False,True,False,True,True,True,True,False,False,True,False,True,False,True,False,True,True,False,True,True,True,True,True,True,True,True,False,False,True,False,True,True,True,True,True,False,True,True,False,True,False,True,True,True,True,True,True,True,True,True,True,True,True,True,True,True,True,True,False,True,True,False,False,False,True
has_size::medium_(9_-_16_in),True,False,True,True,False,True,True,False,True,True,False,True,False,True,True,True,True,False,True,True,True,True,False,False,True,False,False,False,True,False,False,True,True,False,True,True,True,True,True,False,False,True,False,True,True,False,True,True,False,True,True,True,True,False,True,True,True,True,False,True,True,True,True,False,True,True,False,True,True,True,True,True,True,True,True,True,True,False,False,False,True,False,True,True,False,True,True,True,True,False,True,True,False,True,True,True,True,True,False,True,True,True,False,False,True,True,False,True,False,True,True,True,True,True,False,True,True,True,True,True,True,False,True,True,True,True,False,True,True,False,False,True,True,True,True,True,True,True,True,True,True,True,False,True,True,True,True,False,True,True,False,True,True,False,True,True,True,True,True,False,True,True,True,False,True,False,False,True,True,True,True,False,True,True,True,True,True,True,True,False,False,True,True,True,True,True,True,True,True,True,False,False,False,False,True,True,True,False,False,False,True,True,True,True,False,False,True,True,True,True,True,False,False,True,True,False,True,True,False,True,True,False,True,True,False,False,True,True,False,False,True,True,True,False,True,False,True,False,False,True,True,True,True,True,True,False,True,True,False,False,False,True,True,True,True,True,True,False,False,False,True,True,True,True,True,False,True,True,False,True,True,False,True,True,False,True,True,True,True,True,True,False,True,True,False,True,True,True,True,True,True,False,True,True,True,True,True,False,True,False,True,False,True,True,True,False,True,False,False,True,True,True
has_shape::long-legged-like,False,True,False,True,True,True,True,False,False,False,True,True,True,True,True,True,False,True,True,True,True,True,True,False,True,True,False,True,True,True,False,False,False,True,True,True,True,True,False,True,True,False,True,True,True,True,False,False,False,False,False,False,True,True,True,False,True,False,False,False,False,True,True,True,True,True,True,False,True,False,False,True,True,True,True,True,True,True,False,True,True,False,False,True,True,False,True,True,True,False,True,True,False,True,True,True,True,False,True,False,True,False,False,True,True,True,True,True,True,False,True,True,False,False,False,True,False,True,True,True,False,False,False,False,True,False,True,True,True,True,True,True,False,True,True,False,True,True,True,False,True,True,True,True,True,True,True,False,True,True,True,True,True,True,True,True,False,True,True,False,False,True,False,True,True,True,True,True,True,True,False,True,True,True,True,True,True,True,True,True,True,False,True,False,True,False,False,True,True,True,True,True,True,False,False,False,True,True,False,True,True,False,True,False,True,False,False,True,True,True,True,False,True,False,True,False,True,True,False,False,True,True,True,True,True,True,True,True,False,True,False,True,False,False,True,True,False,True,False,True,True,True,True,True,False,False,False,True,True,False,True,True,True,True,True,True,True,True,True,True,False,True,False,True,True,False,True,True,True,False,False,True,True,True,False,True,True,True,True,False,True,False,True,True,False,True,True,True,True,True,True,False,True,False,True,False,True,True,False,True,False,True,False,True,True,False,True,True,True,True,True,True
has_shape::swallow-like,False,False,False,True,True,True,True,True,True,True,True,True,True,True,False,True,False,True,True,True,False,True,True,False,True,True,True,False,True,False,True,False,False,True,False,True,True,True,False,True,False,True,True,True,True,True,True,False,True,False,True,False,False,True,True,True,False,True,True,True,True,True,True,True,True,True,False,True,True,True,True,True,True,False,True,False,True,True,True,True,False,True,True,True,True,True,True,True,True,False,True,True,True,True,True,True,True,True,False,True,True,True,True,True,True,True,False,False,True,True,False,True,True,True,False,True,True,True,True,True,False,False,True,True,True,True,False,True,False,True,True,True,True,True,True,True,True,True,False,True,True,True,True,True,False,True,True,True,True,True,False,True,False,True,False,False,False,True,True,True,False,True,True,True,False,True,False,False,False,True,True,False,True,False,True,False,True,False,True,False,True,True,False,False,True,False,True,False,False,False,False,False,False,True,True,True,True,True,True,True,False,False,False,False,False,True,True,True,True,True,True,True,False,False,True,False,True,False,True,True,False,True,False,True,True,False,True,True,True,False,False,True,True,True,True,True,True,False,False,True,True,True,True,False,True,True,True,True,True,False,True,False,True,True,True,True,True,True,False,True,False,True,True,True,True,True,True,True,True,True,False,False,True,True,True,True,True,False,True,True,True,False,True,True,True,True,True,True,True,True,True,True,True,True,True,False,True,True,False,True,True,True,True,True,False,True,True,True,True,True,True,True
has_shape::perching-like,True,True,False,False,True,True,False,False,True,True,True,True,False,True,True,False,True,True,False,True,True,True,True,True,True,True,True,False,True,True,False,True,True,True,False,True,True,True,False,True,True,True,True,False,True,True,False,True,True,True,True,False,True,True,True,False,True,False,False,True,False,False,False,True,False,True,True,False,True,True,True,False,True,True,True,True,True,False,False,True,False,False,False,False,False,True,True,True,True,True,True,True,False,True,True,True,True,True,True,True,True,True,True,True,True,True,False,True,True,True,True,True,True,False,True,True,True,True,False,False,False,True,True,False,False,True,True,True,False,True,True,True,True,True,True,True,True,True,True,False,False,True,True,False,True,True,False,True,False,False,True,True,True,True,False,False,True,True,True,True,True,True,True,True,True,True,True,False,False,True,False,True,True,True,True,True,False,False,True,True,True,True,True,True,False,True,True,True,True,True,False,True,False,True,True,True,True,True,True,True,True,True,False,True,False,True,True,True,True,True,True,True,True,False,True,False,True,False,True,True,True,True,False,True,False,True,True,True,False,True,True,True,False,True,True,True,True,True,False,False,True,True,True,False,True,True,True,True,True,False,True,True,True,True,True,True,True,True,False,True,True,True,True,True,False,True,False,True,True,True,False,False,True,True,True,True,True,False,False,True,True,True,True,True,True,True,True,True,True,False,False,True,False,True,False,True,False,True,True,True,False,True,True,True,True,True,False,True,True,False,False,True
has_back_pattern::spotted,True,True,True,True,True,False,False,True,True,True,False,True,True,False,True,True,True,True,True,True,True,False,True,True,False,True,False,True,False,True,False,True,True,False,True,True,True,False,False,False,True,True,True,True,True,False,True,True,True,False,False,False,True,True,True,False,False,True,True,True,True,True,True,True,True,True,False,True,True,True,True,False,True,False,False,True,True,True,False,True,True,True,True,True,False,True,False,False,False,False,True,True,True,True,False,False,False,True,True,True,True,True,True,True,True,True,True,False,True,True,False,True,False,False,True,True,False,True,True,True,True,True,True,False,False,False,False,False,False,True,True,False,False,True,False,True,True,False,True,True,True,False,True,True,True,True,False,True,False,True,True,True,False,False,True,False,True,True,False,True,True,False,True,True,False,True,True,True,True,True,False,True,False,True,False,True,False,True,True,False,False,True,True,False,True,True,True,True,True,True,False,False,True,False,False,True,True,False,False,True,True,True,True,True,True,True,True,True,True,True,True,True,True,False,False,True,False,False,True,True,False,False,False,True,True,True,True,False,True,True,True,False,True,False,True,False,True,True,True,True,True,False,True,True,False,True,False,True,True,True,True,False,False,True,False,False,True,True,True,True,True,True,True,True,False,True,True,False,True,True,True,False,True,False,True,False,False,False,True,True,True,True,True,True,True,True,True,True,True,True,True,True,True,True,True,True,True,True,False,True,False,True,False,True,False,False,True,True,True,False,False,False
has_back_pattern::striped,True,True,True,False,True,True,True,True,False,True,True,True,False,False,True,True,False,True,True,False,True,False,True,True,True,True,True,True,True,True,True,True,True,True,False,True,False,True,False,True,True,True,True,True,True,False,False,True,True,True,True,True,False,True,True,False,True,True,True,True,True,True,True,True,True,True,True,True,False,True,True,False,True,True,True,True,False,True,True,False,True,True,True,True,False,True,False,False,False,False,True,True,True,False,True,True,True,True,False,False,True,True,False,True,True,False,False,True,True,False,False,False,True,True,True,False,True,True,True,True,True,True,True,True,True,False,True,True,True,True,True,False,True,True,True,True,False,False,True,False,True,True,True,True,True,True,False,True,True,True,True,True,True,True,True,True,True,True,True,True,True,True,True,False,True,True,True,True,True,True,True,True,True,True,False,True,True,True,True,False,False,False,False,False,True,False,True,True,False,False,True,True,True,False,True,True,False,False,True,False,True,True,False,True,True,True,True,True,True,False,True,True,True,True,False,False,True,True,True,False,False,False,True,True,True,True,True,False,False,True,False,False,True,True,True,True,True,False,True,True,True,False,True,True,False,True,False,True,False,True,False,False,False,False,True,True,False,False,False,False,False,True,True,True,True,True,True,False,True,True,False,False,True,False,True,False,True,True,False,False,True,True,True,True,True,True,True,True,True,True,False,True,True,True,False,True,True,True,True,False,True,True,True,False,True,True,True,True,True,True,False,False
has_back_pattern::multi-colored,True,True,False,True,False,False,True,True,True,False,False,False,True,True,True,True,True,True,True,False,False,False,True,False,False,True,False,True,False,True,False,True,True,True,True,True,False,False,True,True,True,True,False,False,True,False,True,True,True,True,False,True,True,False,True,True,True,True,True,True,False,False,True,True,True,True,True,True,True,True,False,True,True,True,True,True,True,True,True,True,True,True,True,True,False,True,False,False,False,False,False,True,True,True,True,True,True,False,True,True,False,True,False,False,False,False,True,False,True,False,False,False,False,True,True,True,True,True,False,False,True,True,True,False,False,True,False,True,True,True,True,True,True,True,True,True,True,True,False,True,False,False,True,False,True,True,True,True,False,True,True,False,True,True,True,True,True,True,False,True,True,True,True,True,True,False,True,True,False,False,True,True,True,True,True,True,False,False,True,False,True,True,True,True,True,True,False,True,False,True,True,True,False,False,False,False,True,True,True,True,False,False,False,False,False,False,True,True,True,False,True,True,True,True,True,True,True,True,True,True,True,True,True,True,False,True,True,True,True,False,True,True,True,True,True,True,True,True,True,True,True,False,True,False,False,True,False,True,True,True,False,False,True,True,True,False,True,True,True,True,True,True,False,True,True,True,False,True,True,True,True,False,True,False,False,True,True,True,True,True,False,False,False,True,True,False,True,False,False,True,False,True,False,True,True,True,False,False,True,True,True,True,False,False,True,False,True,True,True,True,False,True
has_tail_pattern::spotted,True,True,True,True,True,False,True,True,False,True,False,True,True,False,True,True,True,True,True,True,False,False,True,False,False,True,True,True,True,True,True,False,False,False,True,True,True,False,False,False,True,False,True,True,False,True,True,False,True,True,False,True,False,True,False,False,True,False,True,True,True,True,True,False,True,True,True,True,True,True,True,True,False,True,True,False,True,True,False,False,False,True,False,True,False,True,False,True,False,False,False,True,False,False,True,True,True,True,True,False,True,True,False,True,True,True,True,False,False,False,False,False,True,False,True,True,True,False,True,False,True,False,False,True,True,True,True,False,True,True,True,True,True,False,True,True,True,True,True,True,False,False,False,True,True,False,True,True,True,True,False,False,True,False,True,False,True,False,True,False,True,False,False,False,True,True,True,True,False,True,True,True,False,True,False,True,True,False,True,True,True,True,False,False,True,True,False,False,False,True,True,True,False,True,True,False,False,True,True,False,True,False,True,False,True,True,False,True,True,False,False,True,False,False,False,True,True,False,False,True,True,False,True,True,True,False,True,True,True,False,True,True,True,True,True,True,False,False,False,True,False,True,True,True,True,True,False,True,True,True,True,False,True,True,False,False,True,True,True,False,False,True,True,True,True,False,True,True,False,True,False,True,False,False,False,True,True,False,True,True,False,False,True,True,True,True,True,True,True,True,False,False,True,True,True,True,False,False,False,True,True,True,False,False,False,True,True,True,True,True,False,True
has_tail_pattern::striped,True,False,False,True,True,True,False,True,False,False,False,True,False,True,True,False,True,True,True,True,True,True,True,False,False,True,True,True,True,True,True,True,True,True,True,True,True,False,False,True,True,True,False,True,False,True,True,False,True,False,True,True,True,True,True,True,True,True,False,True,True,False,False,True,True,True,True,True,True,True,True,True,False,True,True,True,True,True,True,True,True,True,True,True,False,False,False,False,True,False,True,True,True,True,True,True,False,True,True,True,True,False,True,True,True,True,False,False,True,False,False,False,True,False,False,True,True,False,False,False,True,False,True,True,True,True,True,True,True,True,False,True,False,True,True,True,False,True,True,False,False,True,True,True,False,True,True,False,True,True,False,True,True,True,True,True,True,False,True,False,True,True,True,False,False,True,True,True,True,True,True,True,True,True,False,False,True,True,True,True,False,False,True,False,True,False,False,False,True,True,True,True,False,False,True,False,False,True,True,True,False,True,False,True,False,True,True,True,True,True,False,False,True,True,True,False,True,False,False,True,True,True,True,False,False,True,True,True,True,True,True,True,True,False,False,True,True,True,False,False,True,True,True,True,True,True,True,False,True,True,False,False,True,True,False,True,True,True,True,False,True,True,True,True,True,False,True,True,True,False,True,False,True,True,True,True,False,True,True,True,True,True,True,True,True,True,False,True,True,True,True,True,True,True,True,True,True,True,True,False,True,False,True,False,True,True,False,True,True,True,True,False
has_tail_pattern::multi-colored,False,False,True,True,True,True,True,False,True,True,True,True,True,False,False,True,True,False,True,True,True,True,True,True,True,True,True,True,True,False,False,True,True,True,True,True,False,True,False,False,True,True,True,True,False,True,True,False,True,True,True,True,False,True,True,False,False,False,False,True,True,False,False,True,False,True,False,True,True,True,False,True,True,False,True,True,False,True,True,False,True,True,False,True,True,False,False,False,False,False,True,False,False,True,True,True,True,True,False,True,False,True,True,True,False,True,True,True,True,False,True,False,True,False,False,False,True,True,False,True,False,True,True,False,False,True,True,False,True,True,True,False,True,True,True,True,True,True,False,True,True,False,True,True,True,True,True,True,True,True,True,True,False,True,True,True,False,True,False,True,True,False,False,True,True,True,True,True,True,False,True,True,True,True,True,True,True,False,True,True,True,True,True,True,True,True,True,True,True,True,True,True,False,False,True,False,True,True,False,True,True,True,False,True,True,True,True,False,False,True,False,True,True,True,False,True,True,False,True,True,False,True,False,True,True,True,True,False,False,False,True,True,True,True,False,True,False,True,True,True,True,False,True,True,False,False,True,False,True,True,True,True,False,True,False,True,True,True,True,True,True,True,False,True,True,False,True,True,True,True,False,True,True,False,True,True,False,True,False,False,True,False,False,True,False,False,False,True,False,True,True,False,True,False,True,True,True,True,True,True,True,True,False,True,True,True,True,False,True,False,False,True
has_primary_color::blue,False,False,True,True,False,True,False,True,True,True,False,False,True,False,False,False,False,False,False,False,False,False,True,True,False,True,False,True,True,False,False,True,False,False,True,False,True,True,True,False,False,False,False,False,False,False,False,True,False,False,False,True,False,True,True,False,False,False,False,True,False,False,True,True,False,True,True,False,False,False,False,True,True,False,False,True,False,True,True,True,True,False,True,True,True,True,False,True,True,True,False,False,False,False,False,False,True,True,False,False,False,True,True,True,False,False,True,True,True,False,False,True,False,False,True,True,True,True,True,True,False,True,False,True,True,True,True,False,True,True,True,False,False,True,True,False,False,True,True,False,True,True,True,True,False,True,False,True,True,True,True,False,True,True,True,True,True,False,True,True,True,True,True,True,True,False,False,True,True,True,False,True,True,True,True,True,False,True,True,False,True,False,True,False,True,True,False,True,True,True,False,True,True,True,True,False,True,False,True,False,False,True,True,True,True,False,False,True,True,True,False,True,True,True,True,True,True,True,False,True,False,True,True,True,True,True,False,True,False,True,True,True,True,True,True,False,True,True,True,True,False,False,False,True,False,False,False,False,True,False,True,False,True,False,True,True,False,True,True,True,True,True,True,False,False,False,False,True,True,True,True,True,True,True,False,False,True,False,True,True,True,True,False,True,False,True,True,False,False,True,True,True,True,False,True,True,False,True,True,False,True,True,False,True,True,True,False,True,True,True,True,False
has_primary_color::rufous,False,True,True,True,False,False,True,True,False,False,False,False,False,False,False,False,True,True,False,False,False,False,False,True,True,False,False,False,True,False,False,True,False,True,True,False,False,False,True,False,False,False,False,False,False,False,False,False,True,False,False,False,True,False,True,True,False,False,False,True,True,False,False,False,True,False,False,False,False,False,False,False,True,False,False,True,False,True,True,True,True,True,False,False,False,True,True,True,False,False,False,True,True,False,False,False,True,False,False,False,False,True,True,False,False,False,False,False,False,True,True,True,True,True,False,False,True,False,False,True,True,True,False,True,True,True,False,False,True,False,True,True,False,True,True,True,True,False,True,True,True,True,True,False,True,True,False,True,False,True,True,True,False,True,False,True,False,True,True,True,True,False,True,False,False,True,True,True,True,True,True,True,True,True,True,False,True,False,True,True,True,False,True,False,True,True,True,False,False,False,False,True,False,True,True,True,True,True,True,False,True,False,True,True,False,False,True,True,False,True,True,True,False,True,False,False,True,True,True,False,True,False,True,True,False,True,True,True,True,False,False,True,True,True,True,True,True,True,True,False,True,False,False,True,True,True,True,True,False,True,False,True,True,False,True,True,False,True,True,True,True,True,True,True,True,True,True,False,True,True,True,False,True,True,True,True,True,True,False,True,False,True,True,False,True,False,True,True,True,True,True,True,True,False,True,True,False,False,True,True,True,True,True,False,False,False,False,True,True,True,True,False
has_primary_color::grey,False,True,True,False,False,False,False,False,True,False,True,True,False,False,False,False,False,False,False,False,False,False,True,False,True,True,False,False,True,False,False,True,False,False,False,False,False,False,True,False,False,True,False,False,True,False,False,True,False,True,True,True,True,True,False,False,False,False,False,True,False,True,False,False,False,False,False,False,False,False,True,False,False,False,False,False,False,True,True,True,True,True,True,True,False,True,False,False,False,True,True,False,False,False,False,False,False,False,False,True,False,False,False,False,True,True,True,False,False,True,False,False,False,True,True,False,True,True,True,False,False,True,False,True,True,False,True,True,True,True,True,True,True,True,True,False,False,True,False,True,True,True,False,True,True,True,True,False,True,False,True,True,False,True,True,True,False,False,True,False,True,True,True,True,True,True,True,True,True,True,False,True,True,True,True,False,True,True,True,True,True,True,True,False,True,True,True,True,True,True,True,True,True,True,False,False,True,False,True,True,False,True,True,False,True,True,False,True,True,False,True,False,True,False,True,True,True,False,True,True,False,True,True,True,True,True,False,True,False,True,False,True,False,True,True,True,True,True,True,False,True,True,True,True,True,True,True,True,False,False,False,True,True,True,True,True,True,False,False,True,True,False,False,True,True,False,True,False,True,True,False,True,True,False,False,True,False,True,False,True,True,True,False,False,False,True,True,True,True,False,True,True,True,True,True,True,True,True,True,False,False,True,True,False,True,True,True,True,True,True,True,False
has_primary_color::orange,True,True,True,True,False,False,False,True,False,True,False,True,False,True,False,False,True,True,False,False,False,False,True,False,False,False,False,True,False,False,True,False,False,False,False,True,True,True,False,False,True,True,False,True,True,False,False,True,False,False,True,False,False,True,False,True,False,False,False,False,False,True,False,True,False,False,True,False,True,False,True,False,True,True,False,False,False,False,True,True,True,False,False,True,True,True,False,False,True,True,False,True,False,False,False,False,False,False,True,True,False,True,False,False,True,False,False,False,False,True,True,False,False,False,True,True,True,True,True,True,True,False,False,True,False,True,True,True,False,True,True,True,False,True,True,True,True,True,True,True,True,False,False,False,True,False,True,False,True,True,False,True,False,True,False,True,True,False,True,True,True,True,True,True,True,False,True,True,True,True,True,False,False,True,False,True,False,True,True,False,True,False,True,True,False,True,True,True,False,True,True,True,True,False,True,True,True,False,True,True,True,True,False,False,False,False,False,True,False,True,True,False,True,False,True,False,True,True,False,True,False,False,True,True,True,True,True,False,True,True,True,False,True,True,False,False,True,True,False,True,True,True,True,True,False,False,False,True,True,True,True,True,True,True,True,True,True,True,True,True,True,True,True,False,True,False,False,True,True,True,False,True,True,True,True,False,True,True,False,True,False,True,True,False,True,True,True,False,True,True,False,True,True,True,True,True,True,True,True,True,False,False,True,True,True,False,False,True,True,True,False,False
has_primary_color::black,True,True,False,True,False,False,True,True,False,True,False,True,False,True,False,False,True,False,False,True,False,True,False,False,True,False,True,True,False,False,False,True,False,False,False,True,True,True,True,False,False,True,False,False,True,True,False,False,False,True,True,False,False,True,False,False,True,True,False,False,False,False,False,False,False,True,True,True,False,True,True,False,False,False,True,True,False,True,True,False,True,False,False,True,True,True,True,True,True,False,True,False,False,False,False,True,True,False,False,False,False,True,True,False,False,True,False,False,False,True,False,False,True,False,True,True,True,True,True,True,True,True,False,False,False,False,False,True,True,True,False,True,True,False,False,True,True,True,True,True,True,True,True,True,True,True,False,False,True,True,True,True,False,False,False,True,True,True,True,True,True,True,False,True,False,True,True,True,True,True,True,False,True,True,True,True,True,True,True,True,True,True,True,True,True,True,True,True,True,True,False,True,False,False,False,True,False,False,False,True,True,True,True,True,True,True,True,True,True,True,False,True,False,True,False,True,False,True,True,False,True,True,True,True,True,True,True,False,False,False,True,True,True,True,True,True,False,True,True,True,True,True,True,True,True,True,False,True,True,False,True,True,True,True,True,False,True,False,True,False,False,True,False,True,True,True,False,True,False,True,True,False,False,True,True,True,True,False,True,True,True,True,True,True,True,True,False,True,False,True,True,False,False,True,True,False,True,True,True,True,False,True,False,True,False,True,False,False,True,True,True,True
has_primary_color::red,True,True,True,False,True,False,True,False,True,True,False,False,False,False,False,False,False,False,True,False,False,False,False,False,True,True,False,False,False,False,False,False,False,True,True,False,True,True,True,False,False,False,True,True,False,False,False,False,False,False,False,False,True,True,False,True,False,True,False,False,False,False,False,True,False,False,False,False,False,False,False,True,False,False,False,False,True,True,True,True,True,True,False,False,True,True,True,True,False,True,False,True,False,True,False,False,False,True,False,True,False,False,False,True,False,False,False,False,False,True,True,True,False,True,True,True,True,True,True,False,True,False,False,False,False,True,False,True,False,True,False,True,True,True,True,True,True,True,True,True,False,True,False,True,True,True,False,True,True,True,True,False,True,False,True,True,True,True,True,True,True,True,True,True,True,False,False,False,False,True,True,True,True,False,True,False,True,False,False,True,False,True,True,True,True,False,False,True,False,False,False,True,True,True,False,True,True,True,True,True,True,False,True,True,True,True,True,False,False,True,False,True,False,True,True,False,True,True,False,True,True,True,True,True,False,True,False,False,True,True,True,True,True,False,True,True,False,True,False,True,False,False,False,False,True,True,False,True,True,True,True,False,True,True,False,False,True,True,True,True,True,False,False,False,True,True,True,True,True,True,False,False,True,True,True,False,False,True,True,True,True,True,True,True,True,True,False,True,True,True,True,True,True,False,True,False,True,True,True,True,True,True,False,False,True,False,True,True,True,True,True,True
has_leg_color::rufous,True,True,False,True,True,False,True,False,False,False,True,False,True,True,True,True,False,False,False,False,False,True,False,True,True,False,True,False,False,False,True,True,False,False,True,False,False,False,True,True,False,False,False,False,False,False,False,False,False,False,False,True,True,False,True,False,False,False,False,True,False,False,False,True,False,True,False,True,True,False,False,False,False,True,False,True,False,True,True,False,False,True,True,True,True,True,False,True,True,False,False,False,False,False,False,True,False,False,False,False,True,False,False,True,True,False,False,False,True,False,True,True,True,True,True,True,True,False,True,True,True,False,False,False,True,True,True,True,False,True,True,True,True,True,True,True,True,True,True,True,True,True,True,True,False,True,True,True,False,False,False,True,False,True,True,True,False,True,True,True,False,True,True,True,False,False,False,True,True,True,True,True,True,False,True,False,True,False,False,True,True,True,False,False,True,True,True,False,False,False,False,False,True,False,False,False,False,True,False,True,False,False,True,False,True,False,True,True,False,True,True,False,True,False,False,True,True,False,True,True,False,False,False,True,False,True,True,True,True,False,True,True,True,False,False,False,False,False,True,True,True,False,False,True,True,True,True,True,False,True,False,False,True,True,False,True,True,True,True,False,True,False,False,True,True,True,True,True,True,False,False,False,True,False,True,False,True,False,False,True,True,True,True,True,False,True,True,True,False,True,True,True,True,True,False,True,True,True,True,True,True,False,True,False,True,True,False,False,True,True,False,True
has_leg_color::orange,False,True,True,False,False,False,False,False,True,True,False,False,False,True,False,False,False,False,True,False,False,False,False,True,False,True,True,False,False,False,False,True,False,False,False,True,False,True,False,False,False,False,True,False,True,True,True,False,False,False,False,False,False,True,False,False,False,True,True,True,False,False,False,True,False,False,True,False,False,False,False,False,True,False,False,True,True,True,True,False,True,True,True,False,False,True,True,False,False,True,False,False,False,False,False,False,False,False,True,False,False,False,False,False,False,False,True,False,True,True,True,True,False,True,True,True,True,True,False,False,True,True,False,True,True,True,True,True,False,True,True,True,False,True,True,True,True,True,False,True,True,False,False,False,True,True,False,True,False,True,False,True,True,True,True,True,False,False,True,True,True,False,True,False,True,True,True,True,True,False,True,False,True,True,True,True,False,False,True,True,True,True,False,False,True,True,True,True,True,True,False,False,False,False,True,True,True,False,True,False,True,False,True,True,True,False,True,False,True,False,True,False,True,False,True,True,True,True,False,True,True,True,True,True,True,True,False,False,False,True,False,True,True,True,False,True,True,True,True,True,False,True,True,True,True,True,False,True,False,False,True,True,True,True,True,True,True,False,True,True,True,True,True,True,True,False,True,True,True,False,False,False,True,False,True,True,True,False,False,True,True,True,True,False,True,True,False,True,True,True,True,True,True,True,True,True,True,True,False,False,False,True,True,True,False,True,True,True,True,True,True,True
has_leg_color::red,True,True,True,True,False,False,False,True,False,True,False,True,False,False,False,False,False,False,False,False,True,False,False,True,False,False,False,False,False,True,False,True,True,False,False,True,False,True,False,True,True,False,True,False,False,False,False,False,False,False,True,False,True,True,False,False,True,False,False,False,False,True,False,False,False,False,False,True,True,False,True,False,False,False,True,False,False,True,False,True,True,False,True,True,False,False,False,True,False,True,False,False,False,True,False,False,True,False,False,True,True,False,False,True,False,False,False,True,False,True,False,False,True,False,True,False,False,False,True,True,True,True,False,False,True,True,False,True,False,True,True,False,True,True,False,True,True,False,True,True,True,True,True,True,False,True,True,False,False,True,True,True,False,True,False,True,False,True,False,True,True,False,True,False,False,True,True,True,True,False,True,True,True,True,False,True,False,False,False,False,False,False,True,True,True,False,True,True,False,True,True,False,True,False,True,True,True,False,True,True,False,True,True,True,True,False,True,True,False,False,True,True,False,True,True,False,True,False,False,True,True,True,True,False,False,False,False,False,True,True,True,False,True,True,True,True,True,True,True,True,True,False,True,True,False,True,True,True,True,True,True,True,False,True,True,True,False,False,True,True,False,True,False,True,True,False,True,True,False,True,True,True,True,True,False,False,False,True,False,True,True,False,True,True,False,True,False,True,False,True,False,True,True,True,False,False,True,True,True,True,True,True,True,True,True,False,True,True,False,True,True,True
has_bill_color::rufous,True,True,True,False,False,False,False,False,True,True,False,True,False,True,False,False,True,True,False,True,False,False,True,True,True,False,False,True,True,False,False,False,True,False,False,False,True,False,True,False,False,False,False,True,True,False,False,True,False,True,False,False,True,True,True,False,True,False,False,False,False,False,False,False,True,False,False,True,False,False,False,True,False,True,True,False,False,False,True,True,True,True,True,False,True,False,True,True,True,True,False,False,False,False,False,False,True,False,False,False,False,True,False,False,False,False,True,False,False,False,True,True,True,True,True,True,True,True,True,True,False,True,True,False,True,False,True,False,True,True,False,True,True,False,False,True,True,False,True,True,True,True,False,False,True,True,True,True,False,False,True,True,True,True,True,True,False,True,False,False,True,True,True,False,True,True,True,True,True,False,False,False,True,True,True,True,True,True,True,True,True,True,True,True,True,True,True,True,True,True,True,True,True,True,True,True,True,True,False,True,True,True,True,True,True,True,True,False,False,True,True,False,False,True,True,True,True,True,True,True,False,True,False,True,True,True,True,True,True,True,True,True,True,True,True,False,True,False,False,True,False,True,True,True,True,True,True,True,False,False,True,True,False,True,False,True,True,False,True,True,True,False,True,False,False,True,True,False,True,True,True,False,False,False,True,True,True,True,True,True,True,False,True,True,False,False,True,True,True,True,True,False,True,True,True,False,True,False,True,False,False,True,False,False,True,False,True,True,False,False,True,True
has_bill_color::orange,False,True,False,True,True,False,True,False,True,True,True,False,False,False,False,False,False,False,False,True,False,False,False,True,True,False,False,False,False,False,True,True,False,False,False,False,False,True,False,False,True,False,False,False,False,False,False,False,True,False,True,False,True,False,True,False,True,False,False,True,True,False,False,False,False,False,True,True,True,False,True,False,True,True,False,False,False,True,True,True,False,True,True,False,False,True,True,False,True,False,False,True,True,True,False,False,False,True,False,False,True,False,False,False,False,True,False,True,False,True,False,True,True,True,False,False,True,True,False,True,False,False,True,False,True,True,True,False,True,True,True,True,True,False,True,False,False,False,True,False,True,True,True,True,True,True,True,True,True,False,True,True,False,True,True,False,True,False,True,True,False,True,True,False,True,True,False,True,True,True,True,True,True,False,False,True,True,False,True,True,False,True,True,False,True,True,True,True,True,True,False,False,False,True,True,True,False,False,False,False,True,True,True,True,False,True,True,True,True,True,False,True,True,True,False,True,False,True,True,True,True,True,False,True,True,True,True,False,False,True,False,True,True,True,True,True,True,True,False,True,True,True,True,True,True,True,True,False,False,True,False,True,True,True,False,True,False,False,True,True,True,True,True,True,False,True,False,True,True,True,True,True,True,True,True,True,True,True,True,True,False,True,False,True,True,True,True,True,True,True,False,True,True,False,False,False,True,True,True,True,True,True,False,False,True,True,True,True,True,False,True,True
has_bill_color::red,False,False,True,False,False,True,False,False,False,False,True,True,False,False,False,True,True,False,False,False,True,False,False,True,True,True,False,True,False,False,False,False,False,True,False,True,False,True,False,False,False,True,True,True,False,False,False,False,False,False,False,True,True,False,False,False,True,False,False,False,False,True,False,True,False,False,False,False,False,False,False,True,False,True,False,True,True,False,True,True,False,True,True,True,True,True,True,True,True,True,False,False,False,True,False,False,False,False,False,False,False,False,False,False,False,False,False,True,True,True,True,True,True,False,False,True,True,True,True,True,True,False,False,True,True,True,True,True,True,True,True,True,True,True,True,False,True,True,True,True,True,False,True,True,True,True,False,False,False,False,False,False,True,True,True,True,False,True,True,True,True,True,False,True,True,True,False,True,True,False,False,True,False,True,True,True,True,True,True,True,False,True,False,True,True,False,True,False,True,True,False,True,True,False,True,True,False,True,True,False,False,False,True,True,False,True,True,False,True,False,True,True,True,True,False,True,False,True,True,True,True,True,True,False,True,True,True,False,True,True,True,True,True,True,True,True,True,True,True,False,True,True,True,False,True,True,False,True,True,True,True,True,True,True,True,True,True,False,True,True,True,False,True,False,False,True,True,False,False,True,False,True,True,True,False,True,False,True,True,False,True,True,True,False,True,False,True,False,True,False,False,True,False,True,True,True,True,False,True,True,True,True,True,True,False,False,True,True,True,True,True,True
has_bill_color::buff,True,False,True,False,False,False,True,False,False,True,False,False,False,False,True,True,True,False,False,True,False,False,False,True,True,False,False,True,False,True,False,True,False,False,True,False,False,False,True,False,True,False,True,False,True,False,False,False,True,True,False,True,True,True,True,False,False,False,True,False,False,False,False,False,True,True,True,True,False,True,False,True,False,True,False,False,True,True,False,True,True,True,True,False,False,False,True,False,True,True,False,False,False,False,False,False,False,True,True,False,False,False,False,True,True,False,False,True,False,False,True,True,True,True,False,False,True,True,True,False,False,False,True,True,False,True,True,False,True,True,True,False,True,True,True,False,True,True,True,True,True,True,True,True,True,True,True,True,True,False,True,False,True,True,False,True,True,True,True,False,True,True,False,True,False,True,True,False,True,True,True,False,True,True,False,False,True,True,True,True,True,True,True,False,True,True,True,True,True,True,False,True,True,True,True,True,True,True,True,True,True,True,True,True,True,True,True,True,True,False,True,True,False,True,False,True,True,False,False,False,True,True,True,False,False,True,False,True,False,True,True,True,True,True,False,True,False,False,False,True,True,False,False,True,True,True,False,True,True,True,False,False,True,False,True,False,True,True,False,False,True,True,False,True,False,True,True,True,False,True,True,True,True,True,False,True,True,True,True,True,True,False,True,False,False,False,False,False,False,True,True,True,True,True,False,False,True,True,True,True,False,False,True,True,True,True,True,True,True,True,True,True
has_crown_color::blue,True,True,True,True,True,False,False,False,False,True,False,False,False,True,True,False,False,True,False,True,False,True,True,True,True,False,True,False,False,True,True,True,True,False,False,True,False,True,False,True,True,False,False,True,False,False,False,True,False,False,False,True,True,True,True,False,False,True,False,True,False,False,True,True,False,False,False,False,False,False,True,False,False,False,False,True,False,True,True,False,True,False,False,True,True,True,True,True,True,True,True,True,True,True,True,True,True,False,True,False,False,True,True,True,False,False,False,True,True,True,False,True,False,True,True,True,False,True,True,True,False,False,True,False,False,True,True,True,True,False,True,True,True,False,True,False,True,True,True,True,True,True,True,True,True,False,True,True,True,False,True,True,True,False,True,False,False,True,True,True,True,True,True,True,True,True,False,False,True,True,True,True,True,True,False,True,False,True,False,False,False,True,True,False,True,True,True,True,True,True,True,True,True,False,True,True,False,True,True,False,False,True,True,False,True,True,True,True,True,False,False,True,True,True,True,True,True,True,True,True,True,True,True,True,False,True,True,False,True,False,False,True,False,True,False,True,True,False,True,True,True,True,False,False,True,True,True,True,False,True,False,True,False,True,True,False,True,True,True,True,True,True,True,False,False,True,True,True,True,True,False,True,True,False,True,True,True,False,False,True,True,True,True,True,False,True,True,False,True,True,True,True,True,True,True,True,True,True,True,False,False,True,True,True,True,True,True,False,False,True,False,True
has_crown_color::rufous,False,True,False,False,False,True,False,False,False,True,False,True,True,False,False,True,False,True,True,False,False,False,True,True,False,False,False,True,False,True,False,True,False,False,False,True,True,True,False,True,False,True,True,False,True,False,True,True,False,False,True,False,False,True,False,True,True,True,False,True,False,False,False,False,True,False,False,True,True,False,False,False,False,False,True,False,False,True,True,True,True,False,True,True,True,False,True,False,True,True,False,False,False,False,False,False,False,False,False,False,False,False,False,False,False,False,True,False,False,False,True,True,True,False,True,True,True,False,True,True,True,True,True,True,True,True,True,True,True,True,True,False,True,False,False,True,True,True,False,True,True,True,True,True,True,True,True,False,True,False,True,False,False,True,True,True,False,True,False,True,True,True,False,True,True,True,True,True,False,True,True,False,False,True,True,True,False,False,False,True,True,True,False,True,True,True,True,False,True,True,False,True,True,True,True,True,False,False,True,False,False,True,True,False,True,True,True,False,True,False,False,True,True,False,False,False,True,True,False,True,False,True,True,True,True,True,True,False,False,True,True,True,True,True,False,False,True,True,True,False,True,False,True,True,False,True,False,True,True,True,False,False,False,False,True,True,True,True,False,False,True,False,False,False,True,True,True,True,False,False,True,True,False,False,False,True,True,False,True,False,True,True,True,False,True,False,True,True,True,False,True,True,True,False,False,True,True,False,True,True,True,False,False,True,True,False,False,True,True,True,True,True
has_crown_color::grey,True,True,True,True,False,False,False,False,False,False,False,True,False,False,False,False,False,False,True,False,False,False,True,True,True,False,False,False,False,True,True,True,False,False,False,True,False,True,True,False,False,True,False,False,False,False,False,False,True,False,False,False,True,True,True,False,False,True,True,True,True,True,True,True,True,True,False,False,True,True,False,True,False,True,False,False,False,False,True,False,False,True,False,True,True,True,True,True,True,False,False,False,False,False,False,True,False,True,True,True,False,True,True,True,True,False,False,False,False,True,True,True,True,False,True,True,True,False,True,True,True,True,True,True,False,False,True,True,True,False,False,True,True,True,False,True,True,False,True,True,True,True,False,False,False,True,True,True,True,True,False,True,True,True,False,True,False,True,True,True,True,True,True,True,True,False,True,True,True,True,True,True,True,True,True,True,True,True,True,True,True,True,True,True,True,True,False,True,True,True,True,True,False,False,True,True,True,True,False,False,True,True,True,True,True,False,True,False,True,True,False,False,True,True,True,True,True,True,True,True,True,False,True,True,False,True,False,True,True,True,True,True,True,True,True,False,True,True,True,True,False,True,True,True,True,True,False,True,True,True,False,False,False,True,True,True,False,False,False,True,True,True,True,True,True,True,True,True,True,True,True,True,False,False,True,True,True,True,True,True,True,False,False,True,True,True,True,True,True,True,True,False,True,True,True,False,True,False,True,True,True,False,False,False,False,False,True,True,True,True,True,True
has_crown_color::orange,True,True,True,False,False,True,False,False,False,True,False,True,False,True,False,True,False,True,False,False,False,False,False,False,False,False,True,True,True,False,False,True,False,True,False,False,False,True,True,True,False,False,False,False,False,True,False,False,False,True,True,False,True,True,False,False,False,True,False,False,True,False,False,True,False,True,True,True,False,True,True,False,False,False,True,False,True,True,True,False,True,False,True,True,False,True,True,False,True,True,False,False,False,True,False,True,False,True,False,False,False,False,False,True,True,False,True,True,True,True,True,False,True,False,True,False,True,True,True,True,True,False,True,False,True,True,True,True,True,True,False,True,True,True,False,False,False,True,True,True,False,False,True,True,True,True,False,True,True,True,False,True,True,False,False,True,True,True,False,True,True,False,False,True,True,True,True,False,True,True,False,True,True,False,False,True,True,False,False,True,False,True,True,True,True,True,True,True,True,False,False,False,True,True,True,False,True,True,True,False,True,True,False,True,True,True,True,False,True,False,True,True,False,True,True,True,False,True,True,True,False,True,False,True,True,True,False,False,True,True,False,True,True,False,False,True,False,True,False,True,True,True,True,False,True,True,False,False,True,True,False,True,True,False,True,True,True,False,False,True,True,False,True,False,True,True,False,True,True,True,True,True,False,True,True,True,False,False,True,True,True,False,False,True,False,True,True,True,True,True,True,True,True,True,False,True,True,True,True,False,False,True,True,True,True,False,True,True,False,False,True,True
has_crown_color::black,True,True,True,True,False,False,False,False,False,False,False,False,False,False,True,True,False,False,False,False,False,False,False,True,True,False,False,False,True,False,True,False,True,True,False,False,False,False,False,False,False,True,True,False,False,False,True,False,False,True,True,True,True,True,True,True,False,False,False,True,False,False,False,True,False,False,True,False,True,False,False,True,False,False,False,False,False,True,True,False,True,True,True,True,True,True,False,True,True,True,False,True,False,False,True,False,False,False,False,True,False,True,False,True,False,False,False,False,False,True,False,False,True,True,True,True,False,True,True,True,False,True,False,True,False,True,False,True,False,True,True,False,True,False,True,False,False,True,False,True,True,False,False,True,False,True,True,True,True,False,False,True,True,True,False,True,False,True,False,True,True,True,True,True,True,True,True,True,False,True,True,True,True,True,True,True,True,True,True,True,False,True,False,True,True,True,False,False,True,True,True,True,False,True,False,False,True,True,False,False,False,True,True,True,True,False,False,True,True,False,False,True,False,False,True,False,True,True,True,True,True,False,True,True,True,False,False,True,False,False,False,True,True,True,False,False,True,False,False,True,False,False,True,True,True,False,True,True,False,False,True,True,False,True,True,True,True,False,True,True,True,True,True,True,True,True,True,True,False,False,True,False,True,False,True,True,True,True,False,True,False,True,False,True,False,False,True,True,True,True,True,False,True,True,True,True,False,True,True,False,True,False,False,True,False,True,True,False,True,False,True,False
has_crown_color::buff,False,True,True,True,False,False,False,True,True,False,True,False,False,False,False,False,False,False,False,False,False,False,False,False,True,True,False,True,False,True,False,False,False,False,False,True,True,False,True,False,False,False,True,False,True,False,False,False,False,False,False,True,False,True,False,False,False,False,True,False,True,False,False,True,False,False,False,False,False,False,False,False,True,False,False,True,False,True,True,False,True,False,True,False,True,True,False,True,True,True,True,False,False,False,False,True,False,True,False,False,False,False,False,False,False,False,True,True,False,False,False,True,True,True,True,False,True,False,False,True,True,False,False,True,False,True,False,False,False,False,True,True,True,True,True,False,False,False,True,True,True,False,False,True,True,True,True,False,True,False,True,True,True,False,False,False,True,False,False,True,True,True,True,True,True,True,True,True,False,True,True,True,True,False,True,True,False,True,True,False,True,True,True,True,True,False,True,False,True,True,True,False,True,True,False,True,True,True,True,False,True,True,True,True,True,True,True,True,False,False,True,True,True,True,False,False,True,False,True,True,True,True,False,True,True,False,True,True,False,False,True,True,True,False,False,True,True,True,True,True,True,True,True,False,True,True,False,True,True,True,False,True,True,True,False,True,True,False,False,True,False,True,False,True,True,True,True,True,False,True,True,True,True,False,True,True,True,False,True,True,True,True,False,True,True,False,True,True,True,True,True,True,True,True,False,True,True,True,True,False,False,True,True,False,True,False,True,True,True,True,True,True
has_wing_pattern::solid,True,True,True,True,True,True,False,True,True,True,True,True,True,True,True,True,False,False,True,True,True,True,True,False,False,True,False,True,True,False,True,True,True,True,True,False,True,False,True,True,True,True,False,True,True,False,True,False,True,False,True,True,True,True,True,False,False,True,False,True,True,True,True,True,True,True,True,False,True,True,True,True,True,True,True,False,True,False,False,True,True,True,True,True,False,False,False,True,False,True,False,True,True,True,True,True,True,False,True,False,True,False,True,True,True,True,True,True,False,True,True,False,True,True,False,True,True,True,True,True,False,True,True,True,True,False,False,False,True,False,True,True,True,True,True,True,True,False,True,True,True,True,False,True,True,True,False,True,True,True,True,True,True,False,True,False,True,True,False,True,True,True,True,False,True,False,True,True,False,False,True,True,True,False,True,True,False,False,False,True,True,True,True,True,True,True,True,True,True,True,True,True,True,True,True,False,True,False,True,True,False,False,True,True,True,True,True,False,True,True,True,True,False,True,False,True,True,True,True,False,True,True,True,True,True,True,False,True,False,True,True,True,True,True,True,True,False,True,True,True,True,True,False,False,True,True,False,True,True,True,False,True,True,True,False,True,False,False,True,True,True,False,True,True,False,True,False,True,False,False,False,True,True,True,False,False,True,False,False,False,True,True,True,True,True,True,True,True,False,True,True,True,True,True,True,False,True,False,False,False,True,True,True,True,True,False,True,False,True,True,True,True
has_wing_pattern::spotted,True,True,True,True,True,True,False,True,True,True,True,True,False,True,True,True,True,False,True,True,True,False,True,False,True,True,True,True,False,True,True,False,False,True,False,True,False,False,False,True,True,True,False,False,True,True,False,True,True,True,True,True,False,True,True,True,False,True,False,True,False,True,True,True,False,True,True,False,False,True,False,False,True,False,True,True,False,True,True,False,True,True,True,True,False,True,False,False,False,False,True,False,True,True,True,True,True,False,True,False,True,True,True,True,True,True,False,True,True,False,False,False,True,False,False,False,False,True,False,True,True,False,True,True,True,True,False,True,False,True,True,True,True,False,False,False,True,False,True,False,True,True,True,False,True,True,False,True,False,True,True,True,True,True,True,True,True,True,False,True,False,True,True,True,True,True,False,True,True,True,True,False,True,True,True,True,False,False,True,True,False,True,True,True,True,True,False,True,True,True,True,False,True,True,True,True,True,True,False,True,True,True,True,True,True,False,True,True,False,True,True,False,True,True,True,True,False,True,True,True,False,True,True,True,True,False,False,True,True,False,False,False,True,False,True,True,True,True,True,True,True,False,False,True,True,True,False,True,True,True,True,False,True,True,True,True,True,True,True,False,True,True,True,True,True,True,True,True,True,False,True,True,True,True,True,False,True,True,True,False,False,False,True,True,True,False,True,True,True,True,True,True,True,True,True,False,True,True,True,True,True,True,False,False,True,True,False,True,False,False,False,True
has_wing_pattern::striped,False,True,True,True,True,False,False,False,True,True,True,True,True,True,False,False,True,True,True,False,True,True,False,True,True,False,True,True,False,False,True,True,True,False,False,False,True,False,True,False,False,True,True,True,False,False,True,True,False,False,True,True,True,False,True,True,True,False,True,False,True,True,True,False,True,True,False,True,False,True,True,True,True,True,False,True,False,True,True,True,False,True,True,True,True,False,False,False,False,True,False,True,True,True,True,False,False,False,True,True,True,True,False,True,False,False,True,True,True,False,True,False,False,True,False,True,True,False,True,False,True,True,True,True,False,True,True,True,True,False,True,False,False,True,True,True,False,False,True,False,False,False,False,True,True,False,False,True,False,True,True,False,True,False,True,True,False,True,True,True,True,False,False,True,True,False,True,False,False,True,True,True,False,True,True,True,False,False,True,True,True,False,True,True,True,True,True,False,True,False,True,True,False,True,True,True,False,True,True,False,True,False,True,True,True,True,False,False,False,False,False,True,False,True,True,False,True,True,True,True,False,False,True,True,False,True,False,False,False,False,True,False,True,True,True,True,False,True,True,False,True,True,False,True,True,True,False,True,True,False,True,True,False,True,True,True,True,False,True,True,True,True,True,True,True,True,True,False,True,True,True,False,True,True,True,True,True,True,True,True,True,True,False,True,True,True,True,True,True,True,False,True,False,True,False,False,True,True,False,True,False,True,True,True,True,True,True,True,False,False,True,True
001.Black_footed_Albatross,False,False,True,True,True,False,True,False,False,False,False,False,True,False,False,False,False,False,False,True,False,False,False,False,True,False,False,True,True,False,False,False,False,False,True,True,True,False,False,False,False,False,False,True,False,False,False,False,False,True,False,True,True,True,False,True,False,False,False,False,True,True,False,False,False,False,False,True,True,True,False,False,False,True,False,False,False,False,False,False,False,False,False,False,True,True,False,True,True,True,True,False,False,True,False,False,False,True,False,True,True,False,False,False,True,False,True,False,False,False,False,False,False,False,True,True,True,True,False,True,True,True,True,True,True,False,True,True,True,True,True,True,True,True,False,True,True,True,True,False,False,True,True,True,True,False,True,False,False,True,True,True,True,False,True,False,True,True,True,False,True,False,True,True,True,True,True,True,False,True,False,True,True,True,True,True,True,False,False,False,False,True,True,False,True,True,True,True,True,False,False,True,False,True,True,False,False,True,True,True,True,True,True,True,True,False,False,True,False,False,True,True,True,False,True,True,True,False,True,True,True,False,True,False,True,True,True,False,True,False,True,True,True,False,True,True,False,True,True,True,True,False,True,True,False,True,True,False,True,True,True,True,False,False,True,True,True,True,False,False,False,False,True,True,False,False,False,True,True,False,True,True,True,False,True,False,True,True,True,False,False,True,False,False,True,True,True,True,False,True,True,True,True,True,False,True,False,True,True,False,True,False,False,True,False,False,True,True,False,False,True,True
002.Laysan_Albatross,False,False,True,False,False,True,False,False,False,False,False,True,False,False,False,False,True,False,False,False,False,True,False,False,True,False,True,False,True,False,False,False,False,False,False,False,False,True,False,True,True,True,False,False,False,True,True,False,False,True,False,False,False,False,True,True,False,False,True,True,False,True,True,False,True,False,False,False,False,False,False,False,False,False,True,False,False,False,False,True,False,False,False,False,False,False,False,False,True,True,True,True,False,False,False,True,True,True,False,True,True,False,True,False,False,True,True,True,True,False,False,False,False,False,True,True,True,True,True,True,True,False,True,False,True,True,False,True,False,True,True,True,False,True,True,True,True,False,True,False,True,True,True,False,True,False,True,True,True,True,True,True,False,True,False,True,True,False,False,True,False,False,True,True,False,True,True,True,True,True,True,False,True,True,True,True,False,True,True,True,True,True,True,True,False,True,True,True,True,False,True,True,True,True,False,False,True,False,True,False,False,True,True,True,True,True,True,False,True,True,True,True,False,True,False,True,True,True,True,True,False,False,False,True,False,True,False,True,False,False,True,True,True,False,True,True,True,False,False,True,True,True,True,True,True,True,True,False,True,False,True,True,True,True,True,True,False,True,True,True,False,True,True,True,False,False,True,True,False,True,True,False,True,True,True,True,False,True,True,True,True,False,False,True,False,True,True,True,False,True,True,False,False,True,False,True,False,True,False,False,True,True,True,False,True,True,False,True,True,True,False,True
003.Sooty_Albatross,False,False,True,False,True,False,False,False,False,True,True,True,True,False,False,True,False,False,False,True,True,False,False,False,False,False,False,True,False,False,False,False,False,False,False,False,False,False,True,False,True,True,False,False,False,False,False,True,True,False,False,False,False,False,False,False,False,True,False,False,False,True,False,False,True,False,True,False,True,True,True,False,True,False,False,True,False,False,True,True,True,False,False,True,False,False,True,False,False,False,False,False,False,False,False,False,False,True,True,False,False,True,False,False,False,False,True,False,True,True,False,False,True,False,False,True,True,False,False,False,False,False,True,True,False,False,False,False,True,True,True,True,False,True,True,False,False,True,True,True,True,True,False,False,False,True,False,True,False,False,True,True,True,True,True,False,False,True,True,True,True,True,True,True,True,True,True,False,True,True,True,False,True,True,False,True,False,False,True,True,True,False,True,True,True,False,True,False,True,True,False,True,True,True,False,False,True,False,True,True,True,False,True,True,True,True,False,True,True,True,False,True,True,True,True,False,True,True,False,False,True,True,True,True,True,True,True,True,True,False,True,False,True,True,True,True,False,True,True,True,True,True,True,False,True,True,True,False,True,False,False,True,True,True,True,True,True,False,True,False,False,True,True,True,False,True,False,False,True,True,False,True,False,True,True,True,True,True,False,True,False,False,True,False,True,False,True,False,False,True,True,True,True,True,True,True,False,True,True,False,False,False,True,True,True,True,True,True,True,False,False,True
004.Groove_billed_Ani,True,False,False,False,False,False,False,False,False,False,True,False,False,False,False,False,False,False,False,False,True,False,False,False,True,False,False,False,False,True,False,False,False,False,False,False,True,False,False,True,True,True,True,True,True,False,True,True,False,False,False,False,False,False,True,True,False,False,False,False,False,False,False,True,False,False,False,True,False,False,False,False,False,False,True,False,False,True,False,False,False,False,False,False,True,False,False,False,False,True,False,False,False,True,False,False,True,True,False,True,False,False,False,False,False,False,False,True,False,True,False,False,True,True,True,True,True,True,True,True,True,True,True,True,True,True,True,True,True,True,True,True,True,True,False,True,False,False,True,True,True,False,True,True,True,True,True,True,True,True,False,True,True,True,True,False,True,True,False,True,False,True,True,True,True,True,True,True,True,False,True,True,True,True,True,True,True,False,True,False,False,True,True,False,True,False,True,True,False,True,True,True,True,True,True,False,True,True,False,False,True,True,True,True,False,False,True,True,True,True,True,True,True,True,True,False,True,False,True,False,True,False,True,True,False,True,True,True,False,True,True,True,False,True,False,False,True,False,True,False,False,True,True,True,False,False,True,False,True,True,False,True,True,False,True,True,True,False,True,True,False,True,False,True,True,True,True,False,False,True,False,True,True,False,True,False,True,True,True,True,False,True,True,False,False,False,True,False,True,False,False,True,False,True,True,True,True,True,True,True,True,True,True,False,True,True,True,False,True,True,True,True
005.Crested_Auklet,False,False,True,False,False,False,False,False,False,True,False,False,False,False,True,True,True,False,False,False,False,False,False,True,False,False,True,False,True,True,False,False,True,False,False,True,False,True,False,False,False,False,True,False,False,False,False,False,True,False,False,False,False,False,False,False,True,True,False,False,False,False,False,False,True,True,False,False,False,True,False,False,False,False,True,False,True,True,True,False,False,True,False,False,False,False,True,False,False,False,False,False,True,True,False,False,False,False,True,True,False,False,True,True,False,False,False,False,False,False,False,False,True,True,True,True,False,False,True,True,True,True,True,False,True,False,False,False,True,True,True,True,True,True,False,False,True,True,True,True,True,True,False,True,True,True,False,True,False,True,True,True,True,True,True,False,False,True,False,True,False,False,True,True,True,True,True,True,True,True,False,True,True,True,True,True,True,False,False,False,True,True,True,True,False,True,True,True,True,True,False,False,False,False,True,True,True,True,False,False,True,False,True,True,True,False,True,True,False,True,False,True,False,True,True,True,False,False,False,True,False,False,False,True,True,True,False,True,True,False,False,False,True,True,True,True,False,True,True,True,True,True,True,False,True,True,False,True,True,True,True,False,True,True,True,True,True,False,False,True,True,True,True,True,True,False,False,True,True,True,True,True,False,True,False,True,True,True,True,True,True,False,False,False,False,True,True,True,True,True,True,False,True,False,True,True,True,False,True,False,False,True,True,True,True,True,True,True,True,True,True,True
006.Least_Auklet,False,False,True,False,False,False,False,True,True,True,False,True,False,True,False,False,False,True,True,False,True,True,False,False,False,False,False,False,False,False,False,False,False,False,True,True,False,True,False,False,True,True,True,False,False,False,True,False,True,True,False,False,False,False,True,False,True,False,False,False,False,False,False,False,False,False,False,True,False,False,False,True,False,True,False,False,False,False,False,False,False,False,False,False,False,True,False,True,False,False,False,True,False,False,False,False,False,False,True,False,False,False,False,False,False,True,True,False,False,False,False,True,True,True,True,True,True,True,False,True,True,True,False,False,True,True,True,True,False,False,False,True,True,False,False,True,False,False,True,True,True,False,False,False,True,False,True,False,True,True,False,True,True,True,False,True,True,True,False,True,False,True,True,False,False,False,True,True,True,True,True,True,False,False,True,True,True,True,True,True,True,False,True,False,False,True,False,True,True,False,False,True,False,False,True,True,False,True,True,True,True,True,False,True,True,True,True,True,False,False,True,True,True,True,True,True,True,True,True,True,True,True,False,True,True,False,False,False,False,True,True,False,False,True,True,False,True,True,True,False,True,True,False,True,True,True,True,True,False,False,True,True,True,True,True,True,False,False,True,True,True,True,False,True,True,False,True,True,False,True,True,True,False,True,True,True,False,True,False,True,True,True,True,True,True,True,True,True,False,True,False,False,True,True,True,True,False,False,True,True,True,True,False,True,True,False,True,True,True,False,True,True
007.Parakeet_Auklet,True,False,False,False,False,False,False,False,True,False,False,True,False,True,False,False,False,False,True,False,False,False,False,False,True,False,False,False,False,False,False,False,False,False,True,False,True,True,False,False,True,True,False,False,False,False,True,False,False,True,False,False,True,True,True,False,True,False,False,False,False,False,True,False,False,False,True,False,True,True,False,True,False,False,True,False,True,False,False,False,False,True,False,False,True,False,False,False,False,False,False,True,False,True,False,False,False,True,False,True,False,False,False,False,True,False,False,True,False,False,False,False,False,True,True,False,True,True,False,True,True,True,True,False,True,True,True,True,True,False,True,True,True,True,True,True,True,True,False,False,True,False,True,False,True,True,True,True,False,False,False,True,True,True,False,True,True,True,True,True,True,True,True,False,False,True,True,True,True,True,False,False,False,True,True,False,True,True,False,True,True,True,False,False,True,True,True,True,False,True,True,False,True,False,True,False,False,False,True,True,False,False,True,False,False,True,False,True,True,True,True,True,True,True,True,True,True,True,True,True,True,True,True,True,False,True,True,True,True,True,False,False,True,True,False,True,False,True,False,False,False,True,True,False,False,True,True,True,True,True,True,False,True,True,True,True,True,True,True,False,True,False,True,True,False,True,True,True,True,False,False,False,True,True,False,False,True,True,True,True,True,True,True,True,True,True,True,True,True,True,True,True,True,False,True,True,False,True,True,True,True,True,True,False,True,True,True,True,False,True,False,True
008.Rhinoceros_Auklet,False,False,False,True,False,False,False,True,False,False,False,False,False,False,False,False,True,False,True,True,True,False,False,False,False,False,True,False,True,True,False,False,False,False,False,False,False,False,False,True,False,False,True,False,False,False,False,False,True,False,False,True,False,False,False,False,False,False,False,False,False,False,False,False,False,True,False,True,False,True,False,True,False,False,False,False,True,False,False,False,False,False,False,True,False,False,True,False,False,True,False,False,False,False,True,True,False,False,False,True,False,False,False,False,False,True,False,True,False,False,False,False,False,False,True,True,True,False,False,False,False,True,True,True,True,True,False,True,False,False,True,True,True,True,False,False,False,True,True,True,False,False,False,True,True,True,True,True,False,False,True,True,True,False,True,False,True,True,True,False,True,False,False,True,False,True,False,True,True,True,False,False,True,True,True,True,True,True,False,True,True,True,False,True,True,True,True,True,True,True,True,True,True,True,False,True,True,True,True,False,False,True,True,True,False,False,False,True,False,True,True,True,True,True,True,True,True,True,False,True,False,True,True,True,False,True,True,True,True,True,False,False,True,True,True,True,False,True,True,True,True,True,True,True,True,True,False,True,False,True,True,True,False,True,True,True,True,True,True,True,True,True,True,True,True,False,True,True,True,True,False,True,True,False,False,True,True,False,True,True,False,True,True,True,False,True,False,True,True,False,False,True,True,True,True,True,False,True,False,True,True,False,True,True,True,False,True,False,False,True,False,True
009.Brewer_Blackbird,False,False,True,False,False,False,False,False,False,False,False,True,False,False,False,False,True,False,False,False,False,True,True,True,True,False,False,False,False,True,True,True,False,False,True,False,False,False,False,True,False,False,True,False,True,False,True,False,False,False,True,False,True,False,False,False,True,False,False,False,False,False,True,False,True,False,False,False,False,False,True,True,False,True,False,False,False,False,False,False,False,False,False,True,False,False,False,False,False,False,False,False,False,False,True,False,False,False,False,False,False,False,True,True,False,True,False,False,False,False,False,True,True,False,False,True,True,True,True,True,False,False,True,True,True,False,True,True,True,True,False,True,False,False,True,True,True,False,True,False,False,True,True,False,True,True,True,True,True,True,True,True,False,True,False,False,False,False,False,True,True,True,True,True,False,True,True,True,False,True,False,False,True,False,True,False,True,True,True,True,True,True,False,True,False,True,True,True,True,True,True,False,False,True,True,False,True,False,True,False,True,True,True,True,False,True,True,True,True,False,False,False,False,True,True,True,True,True,True,True,False,True,True,False,True,False,False,False,True,True,True,True,True,False,False,False,True,False,True,True,True,True,False,True,False,False,True,True,False,True,False,True,True,True,True,True,True,False,False,True,True,True,True,False,False,True,False,False,True,False,False,True,True,True,False,True,False,True,False,True,True,True,True,False,True,True,True,True,True,False,True,True,True,False,False,True,True,True,True,True,False,True,True,True,True,True,True,True,True,False,False,True
010.Red_winged_Blackbird,False,False,False,False,False,False,False,True,True,False,False,False,False,False,False,False,False,False,True,True,True,True,False,True,False,False,False,True,False,False,True,True,False,True,True,True,True,False,False,True,False,False,False,False,True,False,True,False,True,False,True,True,False,True,False,True,False,False,False,False,False,False,False,False,False,True,False,True,False,False,False,False,False,False,False,False,False,False,False,True,False,False,False,False,False,False,False,True,True,True,False,False,False,False,False,False,False,True,False,False,False,True,False,False,False,False,False,False,False,False,False,False,True,True,False,True,True,True,True,True,True,True,True,True,True,True,True,False,True,True,False,True,True,False,True,True,True,True,True,True,True,True,True,False,False,True,True,True,True,True,True,True,True,True,True,True,True,True,True,False,False,False,True,False,False,True,False,True,True,True,True,False,True,False,True,True,False,False,False,True,True,False,False,True,False,True,True,True,True,False,True,True,True,False,False,True,True,True,True,False,True,True,True,True,True,True,True,True,False,True,True,True,True,True,True,True,True,False,True,True,False,True,True,True,True,False,True,False,True,True,True,True,True,True,True,True,True,True,True,True,True,True,True,False,True,True,True,False,True,False,True,True,False,True,False,True,True,True,True,True,True,True,True,False,True,False,False,True,True,True,True,False,False,True,True,False,True,False,False,False,True,True,True,False,False,True,True,True,True,True,False,True,False,True,True,False,True,True,True,True,False,True,True,False,True,True,True,True,False,True,True,True
011.Rusty_Blackbird,True,True,True,False,False,True,False,True,True,False,True,True,False,False,False,False,False,False,False,True,False,False,False,False,False,False,False,False,False,False,False,False,False,False,True,False,False,False,True,False,True,False,False,False,False,False,False,False,True,False,True,False,False,False,False,True,False,False,False,False,True,False,False,False,False,False,False,True,True,False,False,False,False,True,False,False,False,True,True,True,False,True,False,True,True,True,False,False,True,False,False,True,True,False,False,False,False,False,False,False,False,False,False,False,False,False,False,True,False,False,True,True,True,True,True,False,True,True,True,True,False,True,False,False,True,False,True,True,False,True,True,False,False,True,True,False,False,False,False,True,True,True,True,False,True,False,True,True,True,True,True,True,True,False,True,True,False,True,True,True,False,True,True,True,True,True,False,True,True,True,False,True,True,True,True,True,False,True,True,True,True,True,True,True,True,True,True,True,False,True,False,False,True,True,True,True,False,True,True,False,True,False,True,True,True,True,False,True,True,True,False,False,False,True,True,True,True,True,True,True,True,False,True,True,True,True,False,True,True,True,True,True,True,True,True,True,True,True,True,False,True,False,True,False,True,True,True,False,True,True,True,True,True,True,True,True,True,True,True,True,True,True,True,True,True,True,False,True,True,True,True,True,True,True,False,False,True,True,False,False,True,True,False,True,True,True,True,True,True,True,True,True,True,True,True,True,True,True,False,False,False,True,True,False,True,True,True,True,True,False,True,True
012.Yellow_headed_Blackbird,True,False,False,False,True,False,False,False,False,False,False,False,False,False,True,False,False,True,False,False,True,False,False,True,False,True,False,False,False,False,True,False,False,True,False,False,True,False,False,False,True,False,False,False,True,False,False,False,False,False,False,True,True,False,False,True,False,True,False,True,False,False,True,False,False,True,False,True,False,False,False,True,False,False,False,False,False,False,False,False,True,False,True,True,False,True,True,False,False,False,False,False,False,False,False,False,False,False,False,False,True,False,False,False,False,False,False,False,False,False,False,False,False,True,True,True,False,True,True,False,False,True,False,False,False,True,True,False,True,False,True,True,True,True,False,True,False,True,False,False,True,True,True,False,True,False,True,False,True,True,True,False,False,False,True,False,True,True,False,True,True,True,True,False,True,True,True,False,True,True,True,True,True,True,True,True,False,False,False,False,True,True,True,True,True,False,True,True,False,True,False,True,True,False,True,True,True,True,False,True,True,True,True,False,True,True,True,True,True,True,False,True,False,True,True,True,True,False,True,True,True,True,True,False,True,False,True,True,True,True,True,True,True,True,True,True,True,True,False,True,True,True,True,True,False,True,True,False,False,True,True,True,True,False,True,True,False,True,True,False,True,False,True,True,False,False,True,True,False,False,False,True,True,True,True,True,True,True,True,False,True,True,True,True,True,True,True,True,True,True,True,False,False,True,True,True,True,True,True,False,False,True,False,True,True,False,True,True,True,True,True,True
013.Bobolink,True,False,False,True,False,True,False,False,False,False,False,False,False,False,True,True,False,False,False,True,True,False,False,False,False,False,False,False,False,False,True,False,False,True,True,False,False,False,False,False,False,False,False,False,False,False,False,False,False,False,True,False,False,False,False,False,False,False,False,False,True,False,False,True,True,True,False,False,False,False,False,False,False,False,False,True,True,False,False,True,False,True,True,True,True,False,True,False,False,True,True,True,False,True,False,False,False,True,True,False,False,False,False,False,False,False,True,False,False,False,True,True,False,True,False,True,True,True,True,False,True,True,True,True,False,False,True,True,False,True,True,True,True,True,False,True,True,False,True,True,True,False,True,True,True,False,False,True,True,True,True,True,True,True,True,False,False,True,True,True,True,True,True,False,True,True,True,False,False,False,True,True,True,False,True,True,True,False,True,True,True,True,True,True,True,False,True,False,False,True,False,True,True,False,True,False,True,True,True,True,False,True,False,True,True,True,False,True,False,True,True,False,True,False,True,True,True,True,True,True,True,True,True,True,True,True,True,True,True,True,True,True,True,True,True,False,False,True,True,True,True,False,False,False,True,False,False,True,False,True,True,True,True,True,True,False,False,True,False,True,True,False,False,False,True,False,True,True,False,True,True,True,True,True,False,True,False,True,True,True,True,True,True,True,True,True,True,True,True,True,False,True,False,True,False,True,True,True,True,True,False,False,False,True,True,True,True,True,False,True,True,False
014.Indigo_Bunting,False,False,False,True,True,True,True,False,False,True,False,False,False,False,False,False,True,False,True,False,True,False,False,True,True,True,True,False,False,False,False,True,False,False,False,False,False,True,True,False,True,True,False,True,False,False,False,False,False,True,True,False,False,True,False,False,False,False,True,False,False,False,True,True,False,False,True,False,False,True,False,False,True,False,False,True,False,False,False,False,False,True,False,True,False,False,True,False,False,False,False,False,True,False,False,True,False,True,True,False,False,False,False,False,False,False,False,False,False,True,False,False,False,True,True,True,True,True,True,True,True,True,True,False,False,False,True,False,True,True,True,True,True,True,True,True,False,False,True,True,True,False,True,True,True,True,True,True,True,True,True,True,True,True,True,True,True,False,True,True,True,True,True,True,True,True,True,True,True,True,True,True,True,True,True,True,True,True,True,True,False,True,True,True,False,True,True,True,False,False,False,True,True,True,True,True,True,True,True,True,False,True,True,True,True,False,True,True,False,True,True,True,True,True,True,True,True,True,True,False,False,False,True,False,False,True,True,True,True,False,False,False,True,False,False,True,False,False,True,True,False,True,True,True,True,True,False,False,False,False,True,False,True,False,False,True,True,False,True,True,True,False,True,True,True,False,True,True,False,True,False,False,False,True,True,True,True,True,True,True,False,True,True,True,True,True,True,True,True,True,True,False,True,True,True,False,True,False,True,True,True,True,False,True,True,True,False,True,False,True,True,True
015.Lazuli_Bunting,False,False,True,False,True,False,True,False,False,False,False,False,False,False,False,False,True,True,False,False,False,False,False,True,True,False,True,False,False,True,True,False,False,False,False,False,False,True,False,False,False,True,False,False,False,True,False,False,False,False,False,False,False,False,True,False,True,False,False,False,False,False,True,True,False,True,False,True,False,False,False,False,True,True,False,False,False,False,False,True,False,False,True,False,True,False,True,True,False,True,True,False,True,False,True,False,False,False,False,False,False,True,False,False,False,False,False,False,False,False,False,False,True,True,True,True,True,True,False,False,False,True,True,True,True,True,False,True,False,True,True,True,True,False,False,True,False,True,True,True,True,True,True,True,True,True,True,True,False,True,False,True,True,True,False,True,True,True,True,True,True,False,True,True,True,False,True,True,True,True,True,True,True,False,True,True,True,True,True,False,True,True,False,True,True,True,True,True,True,False,True,True,False,False,True,False,True,True,True,False,True,True,True,True,True,True,True,False,True,True,True,False,False,False,False,False,False,True,True,True,True,True,True,True,False,True,True,True,True,False,True,False,True,True,True,True,True,True,False,True,False,False,True,False,True,True,True,True,True,False,True,True,True,True,True,False,True,True,False,True,True,True,False,False,True,True,True,True,True,False,True,True,True,False,True,True,True,False,True,True,False,True,False,True,True,True,True,True,False,False,True,True,False,True,False,True,True,True,False,True,True,True,True,True,True,True,True,True,True,False,False,True
016.Painted_Bunting,True,True,False,False,False,False,True,True,False,True,True,True,False,False,False,False,False,True,False,True,False,False,True,True,False,False,True,False,False,False,False,False,True,False,False,False,False,False,False,True,False,False,False,False,False,True,False,False,False,True,False,False,False,True,False,False,False,False,True,True,False,False,False,False,True,False,True,False,True,False,True,False,False,False,True,False,False,False,False,False,True,False,True,False,True,True,False,False,True,False,False,False,False,False,False,False,False,False,False,False,False,True,True,False,False,False,True,False,False,False,False,True,True,True,True,False,True,True,True,True,True,False,True,False,True,True,False,False,True,True,True,False,False,False,True,False,True,False,True,True,True,True,True,True,False,True,True,False,False,True,True,False,True,True,True,False,True,True,True,True,True,False,False,False,True,True,False,True,True,False,False,True,True,True,False,True,True,False,True,True,False,True,False,True,True,False,True,False,False,True,True,True,True,True,True,True,True,True,True,True,True,False,True,True,True,True,True,True,True,False,False,True,True,True,True,True,True,True,True,False,False,True,True,True,True,False,True,False,True,False,True,True,True,False,True,True,True,True,False,True,False,False,False,False,True,False,True,False,True,True,False,False,True,True,True,True,True,True,True,True,True,False,True,True,True,True,True,True,False,True,True,True,True,True,True,False,False,True,True,True,False,True,True,False,False,True,True,True,True,True,True,True,True,False,True,True,True,True,False,True,True,True,True,True,True,False,False,True,True,True,True,False
017.Cardinal,False,False,True,True,False,False,False,False,True,True,False,False,False,False,False,False,True,False,True,True,True,False,False,False,False,False,False,False,False,False,False,False,False,False,False,False,True,False,False,False,False,True,False,False,True,False,False,False,False,False,False,False,False,False,False,False,False,False,False,False,False,False,False,False,True,False,False,False,False,False,False,True,True,False,False,True,False,False,True,True,False,False,False,False,False,False,False,True,False,False,False,True,False,True,False,False,False,False,False,False,False,True,False,True,False,False,True,False,True,True,False,True,False,True,True,True,False,True,True,True,True,True,True,True,False,False,False,True,True,False,False,False,True,True,True,False,True,True,True,True,True,True,True,False,True,True,True,True,True,False,True,True,False,True,True,True,True,True,True,False,False,True,False,True,True,True,False,True,True,True,False,True,True,True,False,False,False,True,True,True,False,False,True,False,True,True,True,True,True,False,True,True,True,True,True,True,False,False,True,False,True,True,True,False,True,False,True,False,True,False,False,False,True,True,False,True,True,True,True,True,False,False,False,True,True,False,False,True,True,True,True,True,True,True,False,True,True,True,False,False,True,True,True,True,True,True,True,True,True,True,True,True,False,True,False,True,False,True,True,True,False,False,True,False,True,True,True,False,True,True,False,True,True,True,True,True,False,True,True,True,True,False,True,True,True,True,True,True,True,True,True,True,False,True,True,True,True,True,False,True,True,False,True,True,False,True,True,True,True,False,False,True
018.Spotted_Catbird,False,False,False,False,False,False,False,True,False,True,False,False,False,True,False,True,False,False,True,False,True,True,False,True,False,False,False,False,False,False,True,False,True,False,False,True,True,True,True,False,False,False,False,False,False,False,True,False,False,False,True,False,False,False,False,False,False,False,False,False,False,True,False,False,False,False,True,False,False,False,True,False,True,True,False,False,True,False,False,True,False,False,False,False,True,False,False,True,False,False,False,False,False,False,False,False,False,True,True,False,False,True,False,False,False,False,False,False,False,False,True,True,True,True,True,False,True,False,False,True,True,True,True,True,True,True,True,True,True,False,True,True,False,False,False,True,True,True,True,True,True,True,True,False,False,True,True,False,True,False,True,True,True,True,True,False,True,True,True,True,True,False,False,True,True,False,True,True,True,True,True,False,True,False,True,False,True,True,True,True,False,True,True,True,False,True,True,True,True,False,True,True,False,True,False,True,False,True,True,True,True,True,True,True,True,True,True,True,True,True,True,False,True,True,True,True,False,True,True,True,False,True,True,False,False,False,True,True,True,True,True,False,True,True,False,True,True,True,True,True,True,True,True,True,False,True,True,True,False,True,True,True,True,False,True,False,True,True,True,True,True,True,True,True,True,False,True,False,False,True,True,True,True,False,True,True,True,False,False,True,True,True,True,True,False,True,True,True,True,True,False,True,True,True,True,True,True,False,True,True,False,True,False,True,True,True,True,True,False,True,False,False
019.Gray_Catbird,False,False,False,False,False,False,False,False,True,False,True,False,True,True,False,False,True,False,False,False,True,False,True,True,False,False,False,False,False,False,False,True,False,True,False,False,False,False,False,True,False,False,False,False,False,True,False,False,False,False,True,True,False,True,False,True,False,False,False,False,False,False,True,False,True,False,True,True,False,False,False,False,False,False,True,False,False,True,False,False,False,False,False,False,False,False,False,False,False,True,False,False,True,False,True,False,True,False,True,False,False,True,False,True,False,False,True,False,False,True,False,True,True,True,False,True,True,True,True,True,True,False,True,False,True,True,True,True,True,True,False,True,True,True,True,True,False,True,True,False,False,False,False,True,True,True,True,False,True,True,True,False,True,False,False,True,False,True,True,False,True,True,True,True,True,False,True,True,False,True,True,True,True,False,True,True,True,False,True,False,False,True,True,True,True,True,True,False,True,True,True,False,True,False,True,False,False,True,True,True,False,True,False,True,True,False,True,True,False,False,True,False,False,True,True,False,True,False,True,True,False,True,False,True,True,True,True,True,True,True,True,False,True,False,True,False,False,True,True,False,False,False,True,False,True,True,False,True,True,False,False,True,True,True,True,True,True,True,True,True,True,False,True,True,False,False,False,True,False,False,True,True,False,True,True,True,False,False,False,True,True,True,True,True,True,True,True,False,False,True,True,True,True,True,False,True,True,False,True,True,True,True,True,False,True,True,False,False,True,True,True,True
020.Yellow_breasted_Chat,True,True,False,True,False,False,False,False,False,False,False,False,True,False,False,True,True,True,False,False,False,False,False,False,False,False,False,True,False,False,False,False,False,False,False,True,False,False,True,False,False,False,False,False,False,False,False,False,False,False,True,True,False,True,True,False,True,False,False,False,False,True,True,False,False,False,False,True,True,False,False,False,False,False,False,False,False,False,False,True,False,False,False,True,True,False,False,False,False,False,True,False,False,False,True,False,False,True,False,False,False,False,False,True,False,False,False,True,False,True,False,False,False,True,True,True,True,True,False,True,False,True,True,True,False,True,True,True,True,False,True,False,False,True,False,True,False,False,True,False,True,True,True,True,True,True,True,True,True,False,True,True,True,True,False,True,True,True,True,True,True,True,True,True,True,True,True,True,False,False,False,True,True,True,True,True,True,True,True,True,True,True,True,True,True,True,True,True,True,True,False,True,True,True,True,False,True,True,True,True,False,True,False,False,False,True,True,False,False,True,True,True,True,False,True,True,False,False,True,True,False,True,True,True,False,True,True,False,True,False,True,True,True,True,True,True,True,True,True,True,True,True,False,True,False,False,False,True,False,True,True,True,True,False,True,False,True,True,False,True,False,True,True,True,True,True,True,True,True,True,False,False,True,True,False,True,True,True,False,False,True,True,True,False,True,False,True,True,True,True,False,True,False,True,True,True,True,True,True,True,True,False,True,True,False,True,True,True,True,True,True,True
021.Eastern_Towhee,False,False,False,False,False,False,False,False,False,True,True,False,False,False,True,True,True,False,False,False,False,False,False,True,False,False,False,True,False,True,False,True,False,False,True,False,False,False,False,False,False,True,False,True,False,False,True,False,False,False,False,False,False,False,False,False,True,False,False,False,False,True,True,True,False,False,True,False,False,False,False,False,True,True,False,False,True,False,False,False,False,False,False,False,False,False,False,False,False,False,False,False,True,False,False,True,False,True,True,True,False,False,False,True,False,False,False,False,False,False,False,True,True,True,True,False,True,True,True,False,False,False,True,True,True,True,True,True,False,True,True,True,True,False,True,True,False,True,True,False,False,True,True,False,True,True,True,False,True,False,True,True,True,True,False,False,True,True,True,True,True,True,True,True,False,False,False,True,True,True,True,False,True,True,True,True,True,True,True,True,True,True,True,False,True,True,False,False,True,False,True,True,True,True,False,True,True,True,True,True,True,True,True,True,True,False,True,True,True,False,True,True,True,False,True,True,True,True,False,False,True,False,True,True,False,True,True,True,True,True,True,False,False,True,True,True,False,True,False,True,True,False,True,True,True,True,False,True,True,True,False,True,True,True,True,False,True,True,False,False,True,True,True,True,True,False,True,True,False,False,True,True,True,True,True,False,True,True,False,True,True,True,True,True,True,True,False,True,True,True,True,True,True,False,True,True,True,False,True,False,True,True,False,True,True,False,True,True,False,True,True,True
022.Chuck_will_Widow,True,False,False,True,False,True,False,False,False,False,False,True,False,False,True,False,False,False,False,True,False,False,True,True,False,True,False,False,False,False,False,False,False,False,True,False,True,True,False,False,False,False,True,False,True,False,False,False,False,False,False,False,False,False,False,False,True,False,True,False,False,True,False,True,False,False,False,True,False,False,True,False,False,True,False,False,False,False,False,False,True,False,False,False,False,False,True,False,True,False,False,False,False,False,True,False,True,False,False,True,True,False,False,True,False,True,True,False,False,False,True,False,True,True,True,True,True,True,True,True,True,True,True,True,False,True,False,True,True,True,True,True,True,True,True,True,False,True,True,True,True,True,False,True,False,True,True,False,True,False,True,True,True,False,True,True,False,False,False,False,False,False,True,True,True,True,False,False,True,True,True,True,False,True,True,True,True,True,True,True,True,False,True,True,True,False,False,True,True,True,False,True,True,True,True,True,True,True,True,False,True,True,True,True,False,True,True,True,True,True,True,False,True,True,True,False,True,True,False,True,True,True,True,True,True,True,True,True,True,True,False,True,True,True,True,True,False,True,True,False,True,True,True,True,True,False,True,False,True,True,False,True,True,True,False,True,True,True,True,False,False,True,True,True,True,False,False,False,True,True,True,True,True,True,True,True,True,False,True,True,True,True,True,True,True,False,True,True,False,True,True,True,False,True,False,True,False,True,False,True,False,True,False,True,True,True,True,False,True,False,True,True
023.Brandt_Cormorant,True,False,False,False,False,True,True,True,False,False,False,False,True,False,False,False,False,True,False,True,True,False,True,False,False,True,True,False,False,False,False,False,True,False,True,False,False,False,True,False,False,False,True,False,False,False,True,False,True,False,False,True,False,True,False,False,True,False,False,True,True,False,False,False,False,True,False,False,False,False,False,False,True,True,False,False,False,False,True,True,False,False,False,False,True,False,False,True,True,False,False,False,True,True,True,False,False,False,False,True,True,True,False,False,False,False,False,False,False,False,False,False,True,True,True,True,False,True,True,True,True,True,True,True,True,True,True,True,True,False,True,True,False,True,True,False,True,True,False,False,True,True,True,False,True,True,True,False,True,True,False,True,True,True,False,True,True,True,True,True,True,True,False,False,True,False,False,False,True,True,False,False,True,True,True,True,True,True,False,False,True,False,True,False,True,True,True,True,True,False,False,True,True,True,True,False,True,False,True,False,True,True,True,True,False,True,True,True,False,False,False,True,True,True,True,True,False,False,False,True,True,True,True,False,True,True,True,False,True,True,True,True,True,True,True,False,True,False,False,True,False,True,True,False,False,False,True,True,True,True,False,False,True,True,True,False,True,True,False,True,True,False,False,True,True,True,True,True,True,False,True,True,True,False,True,False,True,False,True,True,False,True,True,True,True,True,True,True,True,True,True,False,True,False,True,False,True,False,False,True,True,True,False,False,True,True,False,False,True,True,True,True
024.Red_faced_Cormorant,False,True,False,True,True,False,False,True,False,True,False,True,True,True,True,True,True,False,False,False,False,False,False,False,True,False,False,True,False,False,False,True,False,True,False,True,False,True,False,True,True,False,False,False,False,False,False,False,False,False,False,True,False,True,False,True,False,False,False,True,False,False,True,False,False,True,False,False,False,False,False,False,False,False,True,False,False,True,False,True,True,False,False,False,False,False,False,False,True,False,False,False,False,False,False,True,True,True,False,False,False,False,False,False,False,False,False,False,False,False,False,False,True,True,True,True,False,False,False,True,True,True,True,True,False,True,True,True,False,False,True,True,True,True,True,True,True,True,True,False,True,False,True,True,False,False,False,True,False,True,True,False,True,True,False,False,True,False,False,True,False,True,True,False,True,True,True,False,True,True,True,True,True,True,True,True,True,True,False,True,True,False,True,True,False,True,True,False,False,False,False,False,True,True,True,True,False,True,True,True,True,False,True,True,True,False,True,True,True,True,True,False,False,True,True,False,True,False,True,True,False,True,True,True,True,True,True,True,True,False,True,True,False,True,True,True,True,True,True,False,False,True,True,True,True,False,True,False,True,False,False,True,True,True,True,True,True,True,True,False,True,True,True,True,False,True,True,True,True,True,True,True,True,True,True,True,False,True,False,True,False,False,True,True,True,True,False,True,False,True,False,True,True,True,True,True,True,True,True,True,True,True,False,True,True,True,False,False,True,False,True,True
025.Pelagic_Cormorant,False,False,True,True,False,False,False,False,True,True,False,False,True,False,False,False,True,True,True,False,False,True,False,True,False,False,False,True,True,False,False,False,False,False,False,False,True,True,True,True,False,False,False,True,False,False,False,False,False,False,False,True,False,False,False,False,True,True,False,False,False,False,True,False,False,True,False,False,False,False,False,False,True,True,False,False,False,False,False,True,True,True,False,True,False,False,False,False,False,False,False,False,True,False,False,False,False,False,False,False,False,False,False,False,True,False,True,False,False,False,False,False,True,True,True,True,True,True,True,True,False,False,True,True,True,True,False,True,True,True,False,True,False,False,True,False,False,False,True,False,True,True,True,False,False,False,True,True,True,True,True,True,True,True,True,True,False,True,False,True,True,True,True,True,False,True,False,True,True,False,False,True,False,False,False,True,True,False,True,True,True,True,True,True,True,True,True,True,True,False,True,True,True,True,False,True,False,True,True,True,True,True,True,True,True,False,True,True,True,False,True,False,True,True,False,False,True,True,True,True,True,True,True,False,False,False,True,True,True,False,True,False,True,True,True,True,True,True,True,True,True,True,True,True,True,False,True,True,True,False,True,False,True,True,True,False,True,False,True,True,True,True,True,False,True,True,True,True,True,False,False,True,True,False,True,True,True,True,False,True,True,True,True,True,True,True,True,True,True,False,True,False,True,True,True,False,True,True,True,True,False,True,True,False,False,False,True,True,True,False,True,False
026.Bronzed_Cowbird,True,False,False,True,True,True,False,True,True,False,False,True,True,False,True,False,False,False,True,False,True,False,True,False,False,False,False,True,False,False,False,False,False,False,False,False,True,False,False,False,False,False,True,False,False,False,False,True,False,False,False,False,False,False,True,True,False,False,False,False,False,True,True,False,True,False,False,True,False,False,False,False,False,False,True,True,True,True,False,False,False,False,True,False,True,True,False,False,False,False,False,False,True,False,True,False,True,False,False,False,False,False,True,True,False,False,False,True,False,False,False,False,False,True,False,False,False,True,False,True,False,True,True,False,True,True,True,True,True,False,True,False,True,True,True,True,True,True,True,False,True,False,True,False,True,True,True,True,True,True,True,True,True,False,True,False,True,True,False,True,True,True,True,False,False,True,False,True,True,True,True,True,True,True,True,True,True,True,False,True,True,True,True,True,True,True,True,True,True,True,True,False,False,True,True,True,True,False,True,True,True,False,False,True,True,True,True,True,True,False,True,True,True,True,False,True,True,True,True,False,True,False,False,True,True,True,True,True,False,True,False,True,True,True,True,True,True,False,True,True,True,False,False,True,True,False,True,True,False,True,True,True,True,True,True,True,False,False,True,True,True,False,True,True,True,True,True,True,True,True,False,True,False,True,True,True,True,True,False,True,False,True,False,False,True,True,True,True,True,True,True,True,True,True,True,True,False,True,True,False,True,True,True,True,True,False,True,True,False,True,False,True
027.Shiny_Cowbird,True,True,False,True,False,True,False,False,False,False,True,False,False,False,True,False,True,False,True,False,False,True,False,True,False,False,True,False,False,False,False,False,False,True,False,False,False,True,True,False,False,False,True,False,False,True,False,False,True,False,False,False,False,False,False,False,False,False,False,False,False,True,True,False,False,False,False,False,False,False,False,False,False,True,False,False,False,True,False,False,False,True,False,True,True,True,False,False,False,True,False,False,False,False,False,False,True,False,True,False,True,True,True,False,False,False,True,False,False,False,True,False,True,False,True,True,True,True,False,True,False,True,False,True,False,True,True,True,True,True,True,False,False,True,False,True,False,True,False,True,True,True,True,True,False,True,False,True,True,True,False,True,False,True,True,True,True,True,True,False,False,True,False,True,True,False,True,False,True,True,True,True,False,True,True,True,False,True,True,False,False,True,True,False,True,True,True,True,False,True,True,True,True,True,True,True,True,False,True,True,True,True,True,True,True,True,True,False,True,True,False,True,False,True,True,True,True,True,False,True,True,False,True,True,True,False,True,True,True,True,False,True,True,True,True,False,True,True,True,True,True,True,True,False,True,True,False,True,False,True,True,False,False,True,True,True,True,True,True,True,True,True,False,True,True,True,False,True,True,True,True,True,True,True,True,False,True,True,True,True,False,True,True,False,True,True,False,True,False,False,False,False,True,True,True,False,True,True,True,True,True,False,False,True,False,True,False,True,True,False,True,True
028.Brown_Creeper,False,True,False,True,False,False,False,True,False,False,False,False,False,False,True,False,True,False,False,False,True,True,True,False,False,False,True,False,False,False,False,False,False,False,True,False,False,False,False,False,False,False,False,True,False,False,True,False,True,True,True,False,True,False,False,False,False,False,False,False,True,False,False,False,False,False,False,False,False,True,False,False,True,False,True,False,False,True,False,False,False,False,True,True,True,False,False,False,False,False,False,False,False,False,True,False,False,False,True,True,False,False,False,False,True,False,True,False,True,True,False,False,True,True,False,True,True,False,False,False,True,True,True,True,False,False,True,False,True,True,True,True,True,True,False,True,True,True,False,False,True,True,True,True,False,True,True,True,False,False,True,True,True,True,False,True,True,True,True,True,True,True,False,True,True,True,True,True,True,True,True,True,True,True,True,False,True,True,True,False,True,True,True,False,True,False,False,False,True,True,True,True,True,False,True,False,True,True,True,True,True,True,True,False,True,False,False,True,True,False,True,False,True,True,True,True,True,True,False,True,True,True,False,True,True,False,True,False,True,False,False,True,True,True,True,False,True,False,True,True,True,False,True,True,True,True,False,True,True,True,True,False,True,True,False,True,False,True,False,False,True,True,True,True,False,False,True,False,False,False,True,False,True,True,False,True,True,True,False,True,True,True,False,True,False,False,True,False,True,True,False,False,False,True,True,False,False,True,False,False,True,False,True,True,True,True,True,True,True,False,False,True
029.American_Crow,False,True,True,True,True,False,False,False,True,True,True,False,False,False,False,False,True,False,True,False,False,False,False,False,False,True,False,True,False,True,False,True,False,False,False,False,False,False,False,True,False,True,True,True,False,False,False,False,True,False,False,False,False,False,True,False,False,False,True,False,False,False,False,False,True,False,True,False,False,False,True,True,True,False,True,False,False,True,False,False,False,False,True,False,False,False,False,False,True,False,False,False,True,True,False,True,True,True,False,True,False,True,False,True,False,False,True,False,True,False,False,True,True,False,True,True,True,True,True,False,False,True,False,True,True,True,True,False,True,True,True,True,True,False,True,True,True,True,True,True,True,False,True,True,True,False,True,True,True,True,True,True,True,True,True,True,True,True,True,False,False,True,True,False,True,True,True,False,True,False,True,True,True,False,True,False,True,False,False,True,True,False,True,True,False,True,True,False,True,True,True,False,True,True,True,True,False,True,False,False,False,False,True,False,False,True,True,True,True,False,False,True,True,True,True,False,False,True,True,True,True,True,True,False,True,True,False,False,True,False,False,True,True,False,True,False,True,True,False,True,True,True,True,True,True,True,False,True,True,True,True,False,False,True,True,False,True,True,True,False,True,False,True,False,True,True,False,True,True,True,True,True,False,False,False,True,True,False,False,False,True,True,True,False,True,True,True,True,True,False,True,True,False,True,False,True,True,True,True,False,True,False,False,True,True,True,True,True,True,True,False,True
030.Fish_Crow,False,False,False,False,False,False,True,False,False,True,False,False,False,False,True,True,True,True,False,False,False,False,False,True,True,True,False,False,False,False,False,True,True,True,False,False,True,False,False,False,True,False,False,False,False,False,True,False,False,True,True,False,False,True,False,False,True,False,False,True,False,False,False,False,False,True,False,False,False,True,False,False,False,False,False,True,False,False,True,False,True,True,False,True,False,False,False,False,False,False,False,False,False,True,False,False,False,True,True,False,False,True,False,True,False,False,True,False,False,False,False,False,True,True,True,True,True,True,True,True,True,True,True,True,True,False,False,True,True,True,True,True,True,False,False,True,True,True,False,False,True,True,True,True,True,True,True,True,True,True,True,True,True,True,False,False,True,False,True,True,True,False,True,True,True,False,True,False,False,False,False,True,True,True,True,True,True,True,True,True,False,True,True,True,False,False,False,False,True,False,True,False,True,False,True,False,False,False,True,True,True,True,True,True,False,True,True,True,True,True,False,True,True,False,True,True,True,True,True,False,False,False,True,False,True,True,False,True,True,False,True,True,True,True,True,False,False,True,False,False,True,False,True,True,False,False,True,True,False,True,True,False,True,True,True,False,True,True,True,False,True,True,True,True,True,True,False,False,False,True,True,True,True,True,True,True,False,False,True,True,True,False,True,True,True,True,True,True,True,True,True,False,True,True,True,True,False,True,True,True,True,False,True,True,True,False,True,True,True,True,False,True
031.Black_billed_Cuckoo,False,False,False,False,False,False,False,False,False,False,False,True,True,False,False,False,True,True,False,True,True,True,False,False,False,True,False,False,False,False,True,False,True,False,False,False,False,False,False,True,False,False,True,True,False,True,False,False,False,False,False,True,False,False,True,True,False,False,False,False,True,False,False,False,False,True,False,False,False,False,False,False,False,False,True,False,True,False,False,True,False,True,False,True,True,False,False,False,False,True,False,False,False,True,False,False,False,False,False,False,False,False,False,True,False,False,True,True,False,False,False,False,False,True,False,False,True,True,True,True,True,False,True,False,True,True,False,False,True,False,False,True,True,False,True,False,True,True,True,True,True,True,False,True,True,True,True,False,True,True,True,True,False,False,True,False,True,True,True,True,False,False,True,False,False,True,False,True,True,True,True,False,True,True,True,True,True,True,True,False,True,True,True,False,True,True,True,True,True,False,True,True,True,False,True,False,False,True,True,True,False,False,False,True,True,True,True,True,True,True,True,True,False,True,True,False,True,True,True,True,True,False,True,True,True,True,False,True,True,True,False,False,False,False,False,True,False,True,False,False,True,True,False,True,True,True,True,True,True,True,True,False,True,True,True,True,True,True,False,False,True,True,True,False,True,True,True,True,True,True,True,False,False,True,True,True,True,True,True,False,False,True,True,True,False,True,False,True,False,True,True,True,True,False,True,True,False,True,False,True,False,True,True,True,False,True,False,False,False,True,True,False
032.Mangrove_Cuckoo,False,False,True,True,False,False,False,False,False,False,True,False,False,False,False,False,False,False,False,True,True,False,True,True,False,False,False,False,False,False,False,False,False,True,False,False,True,True,True,True,False,True,False,True,False,True,False,True,True,True,False,False,False,False,False,True,False,False,True,True,True,False,False,False,False,True,False,False,True,False,False,False,True,False,False,False,False,True,False,True,False,False,False,False,False,True,False,False,False,False,False,False,False,True,False,False,False,False,True,False,False,False,True,True,False,True,True,False,False,False,False,True,True,True,False,False,True,False,True,True,True,True,True,True,True,True,False,True,True,True,True,False,False,True,True,True,True,True,True,True,False,False,True,False,True,True,True,True,True,False,False,True,True,True,True,True,False,False,False,True,True,False,True,True,True,True,True,True,True,True,True,True,True,False,False,True,True,True,False,False,True,True,True,True,True,True,True,False,False,True,False,False,False,False,False,False,True,False,True,True,True,False,False,False,False,True,True,True,True,True,False,True,True,True,True,False,False,False,True,True,True,False,True,True,True,True,False,True,False,True,False,True,True,True,False,True,False,True,True,True,True,False,True,True,False,True,True,True,True,True,True,False,True,True,True,True,True,True,False,False,True,False,True,True,True,True,True,True,True,True,True,True,False,True,True,False,True,True,True,True,False,True,True,True,True,True,True,True,False,False,True,True,True,True,False,False,False,True,True,True,True,True,False,True,True,True,True,True,False,True,False,True
033.Yellow_billed_Cuckoo,False,False,False,True,False,True,False,False,False,False,False,True,True,False,True,False,False,True,False,False,False,True,False,True,True,True,False,True,False,False,False,False,False,True,True,False,False,False,False,True,True,False,False,True,False,False,True,True,False,False,False,False,False,False,False,False,False,False,False,False,True,True,False,False,False,False,False,True,True,True,True,False,False,False,True,False,True,False,True,False,True,False,True,True,False,False,False,False,True,True,True,False,True,False,True,False,False,True,False,False,False,True,False,True,False,True,False,False,True,False,False,False,True,True,True,True,True,False,False,True,False,True,False,True,True,False,True,True,True,False,True,False,False,False,False,False,True,False,True,False,True,False,True,True,False,False,True,True,True,True,True,True,True,True,True,False,False,False,True,True,True,False,True,True,True,True,True,False,True,True,True,True,True,True,True,True,True,False,True,True,True,False,False,False,True,True,True,True,True,True,False,False,True,True,True,False,True,True,True,False,False,True,True,True,True,True,True,True,False,True,False,True,True,False,True,True,True,False,True,True,True,True,True,False,False,True,False,False,True,True,True,False,True,True,True,True,True,True,True,True,True,False,False,False,False,True,True,False,True,True,True,True,True,True,True,True,True,False,False,True,True,False,True,False,True,False,True,True,True,True,True,True,False,True,False,True,True,True,True,True,True,True,True,True,True,True,True,True,True,True,False,False,True,False,True,False,True,True,True,True,True,True,False,True,True,True,False,False,False,True,True,True
034.Gray_crowned_Rosy_Finch,False,False,False,False,False,False,False,False,False,False,False,True,False,False,False,True,False,False,False,False,False,False,False,True,False,False,True,False,False,False,True,False,False,False,True,True,False,True,True,False,False,False,False,False,True,False,False,False,False,False,False,False,False,True,False,True,False,False,False,False,False,False,False,True,False,False,False,False,False,False,True,True,False,False,False,False,False,False,True,False,True,False,False,True,True,False,False,False,False,False,False,False,True,True,True,True,False,False,False,True,False,False,False,True,True,True,False,True,False,False,False,True,True,False,True,True,True,True,True,True,True,True,True,False,True,False,False,True,False,True,True,True,True,True,True,True,True,True,False,True,False,True,False,True,True,False,True,False,True,False,True,False,True,False,True,True,True,True,True,True,True,True,False,True,True,False,True,True,True,True,False,True,True,True,False,True,True,True,True,True,True,True,True,True,True,True,True,True,True,True,True,False,False,True,True,True,True,True,False,False,False,True,True,False,True,True,True,False,True,False,True,True,True,False,False,True,True,False,False,False,True,True,True,False,True,True,True,False,False,False,False,True,False,True,True,True,False,True,True,True,False,True,True,True,False,True,True,True,False,True,True,False,False,False,False,True,False,True,True,True,True,True,False,True,False,False,True,True,False,False,True,True,True,True,True,True,True,True,False,True,False,True,False,True,True,True,True,True,True,False,False,True,True,False,False,True,True,True,True,False,True,True,True,True,True,True,True,True,True,True,True,False
035.Purple_Finch,True,False,True,False,False,False,False,True,False,True,True,True,False,True,False,False,False,False,False,False,False,False,False,True,True,False,True,False,False,True,True,False,False,False,True,False,False,False,False,False,False,False,False,False,True,False,True,False,False,False,True,False,True,False,False,True,True,False,False,True,True,False,False,False,False,False,False,False,False,False,False,False,False,False,False,True,True,False,False,False,False,False,True,False,False,False,False,False,True,False,False,False,False,False,True,True,True,True,False,False,False,False,False,True,False,True,False,True,False,False,False,False,True,True,False,False,True,True,True,True,True,True,False,True,True,True,True,True,True,False,True,True,True,True,True,True,True,False,True,True,True,True,False,False,True,False,False,True,True,False,True,True,True,True,True,True,True,True,True,True,True,True,False,True,True,False,True,True,True,False,False,True,True,True,True,True,True,True,False,True,True,True,True,True,True,False,True,True,True,False,False,True,True,True,True,True,True,True,True,True,True,True,False,True,False,False,False,True,False,False,False,True,True,True,False,True,True,True,False,True,False,True,True,True,True,True,False,True,False,True,True,True,True,True,True,True,True,True,True,True,True,True,True,True,False,True,False,True,True,True,False,False,False,True,True,False,True,True,False,True,True,True,False,True,True,False,False,False,True,True,True,False,False,True,True,True,True,True,True,False,True,False,False,True,True,False,False,True,True,False,True,False,False,True,False,True,True,True,False,True,True,False,True,True,True,True,True,True,False,True,True,True
036.Northern_Flicker,False,False,False,False,False,False,False,False,True,False,False,False,False,False,True,False,False,True,True,False,False,False,False,False,False,False,False,True,False,True,False,False,False,False,False,True,True,True,True,True,True,False,True,False,False,False,True,True,False,False,False,False,True,False,True,False,False,True,False,False,False,True,False,True,True,True,True,False,True,True,False,False,True,False,False,False,False,True,False,False,True,False,False,False,True,False,True,False,False,False,True,False,False,False,True,False,False,False,False,True,False,False,False,False,False,True,False,False,True,False,True,True,True,True,True,True,False,True,True,True,True,False,True,True,True,True,True,True,True,False,True,False,True,True,True,True,True,False,True,True,True,True,True,True,False,True,True,False,False,False,True,False,True,False,True,True,False,False,True,True,True,False,True,False,False,True,False,False,True,True,True,True,True,True,True,False,True,True,True,False,False,False,True,True,True,False,False,False,True,True,True,True,False,True,False,True,False,True,True,True,False,True,True,False,False,True,True,True,True,True,True,True,True,True,True,False,False,False,False,False,True,True,True,False,False,True,True,False,True,True,True,True,True,True,True,False,False,True,True,True,False,True,True,True,False,False,False,True,True,True,False,False,True,True,True,True,True,True,True,True,True,True,False,True,True,True,True,True,False,True,True,False,True,False,True,True,True,True,True,False,True,True,True,True,True,True,True,True,True,True,True,True,True,True,False,True,False,True,True,True,True,False,True,False,True,False,False,True,True,False,False,True
037.Acadian_Flycatcher,True,True,False,True,False,True,False,False,True,False,False,False,False,False,True,True,True,False,False,True,False,False,False,False,False,False,False,False,False,True,True,False,True,False,False,True,False,True,False,False,False,True,True,False,True,False,True,False,False,False,False,False,False,False,False,True,False,False,False,False,False,False,True,False,False,True,False,True,False,True,False,True,True,False,True,False,False,True,False,False,False,True,False,False,False,False,False,False,False,True,True,False,False,False,False,False,False,False,True,False,False,False,False,False,True,False,False,True,True,False,False,True,True,False,False,True,True,True,True,True,False,True,True,False,True,True,False,True,True,True,False,True,True,False,True,True,True,False,True,True,True,True,False,False,True,True,True,True,True,True,True,True,False,True,False,False,True,True,True,True,True,False,True,True,True,False,True,True,True,False,True,False,True,True,True,False,True,True,False,True,True,False,False,False,True,True,False,True,False,True,True,True,False,True,True,True,True,True,True,False,True,True,True,True,False,True,True,True,False,True,True,True,False,True,True,True,True,True,True,True,True,True,True,False,True,True,False,True,False,True,True,True,True,False,True,False,True,True,True,True,True,True,True,False,True,True,True,False,True,True,True,True,False,False,True,True,True,True,True,True,True,True,True,True,True,True,True,False,True,False,True,True,True,False,True,False,False,True,True,True,False,False,True,False,False,False,True,True,False,True,True,True,False,True,True,True,True,False,False,False,True,True,False,True,True,False,False,False,True,True,True,True
038.Great_Crested_Flycatcher,True,False,False,False,False,False,True,False,False,True,False,True,False,False,True,True,False,True,True,False,False,False,True,False,False,True,False,False,False,False,False,False,False,False,True,False,True,True,False,True,True,False,False,False,True,False,False,False,False,False,False,False,False,False,False,False,False,False,True,True,False,True,False,True,False,False,False,False,False,False,False,False,True,True,False,True,False,False,False,False,True,False,False,False,False,False,False,False,False,False,False,False,False,False,True,False,False,False,False,False,False,False,False,True,False,False,False,False,False,True,False,False,True,True,True,False,True,True,False,True,True,False,True,False,True,False,True,False,True,True,True,True,True,False,True,False,False,True,True,True,True,True,True,False,False,True,True,True,False,False,True,True,False,True,True,True,True,False,True,True,False,True,True,False,True,True,True,False,False,False,True,True,True,True,False,True,True,True,False,True,False,False,True,True,True,False,True,False,True,True,True,True,True,True,False,False,True,True,True,True,True,True,True,True,True,False,True,False,False,True,True,True,True,True,False,False,False,True,False,True,False,True,True,True,False,True,True,False,True,False,True,False,False,True,False,True,False,True,False,True,False,False,True,True,False,True,True,False,True,True,False,True,True,True,True,True,True,True,True,True,True,True,True,True,False,True,False,True,True,True,False,True,True,False,True,True,False,True,True,False,True,True,True,True,True,True,False,True,True,False,True,True,True,True,True,True,True,False,False,True,True,True,True,True,True,True,True,True,True,True,False,False
039.Least_Flycatcher,True,True,False,False,False,False,True,False,True,True,False,True,False,False,True,True,True,False,False,False,True,False,False,False,False,False,True,True,False,False,False,False,False,False,False,True,False,False,False,True,False,True,True,False,False,False,True,True,False,True,False,False,False,False,False,True,False,False,False,False,False,False,True,True,False,False,True,False,False,False,False,False,True,False,True,False,False,False,False,False,False,True,True,False,False,False,False,True,True,False,False,False,True,False,False,True,False,False,False,False,True,False,False,False,False,True,False,False,False,True,False,False,True,True,True,True,True,True,True,False,False,True,True,True,False,True,True,True,True,False,True,False,True,True,True,True,True,True,False,False,False,True,True,False,False,True,True,False,True,True,False,True,True,False,True,False,True,False,True,True,True,True,True,True,True,True,False,False,True,True,True,True,True,True,True,True,True,False,False,True,True,False,False,False,True,True,False,False,True,True,True,False,True,True,True,True,False,True,True,True,True,True,True,True,True,False,True,True,True,False,False,True,True,True,True,True,True,False,True,True,True,True,True,False,False,True,True,True,True,True,True,False,True,True,False,True,True,True,True,True,False,True,True,True,False,False,True,False,False,True,True,False,True,False,False,True,True,True,True,False,True,False,True,True,True,True,True,True,True,True,True,True,True,False,True,False,False,False,True,True,True,False,True,False,True,True,True,True,False,False,True,True,True,False,True,True,True,True,False,True,True,True,True,True,True,False,True,False,True,True,False,True
040.Olive_sided_Flycatcher,False,False,False,False,True,True,False,True,False,True,False,False,False,True,True,False,True,True,False,True,False,False,True,False,False,False,False,False,False,True,False,False,False,True,False,False,False,False,True,True,False,True,False,True,False,True,False,True,True,False,False,False,True,True,True,False,False,False,False,False,False,True,False,False,False,False,True,True,False,True,False,False,True,False,True,False,False,True,False,False,False,True,False,True,False,False,False,False,False,False,False,True,True,False,True,True,True,False,False,False,False,False,False,False,False,False,False,False,True,False,False,False,True,True,False,False,True,True,True,True,True,False,True,True,False,True,True,True,False,True,True,True,True,True,True,True,True,False,True,False,False,True,False,True,False,True,True,True,False,True,True,False,True,True,False,True,False,True,True,True,True,True,False,False,True,True,True,False,False,True,False,True,True,True,True,True,False,False,True,True,True,True,True,False,True,True,False,False,True,True,True,True,False,True,True,True,True,True,True,False,True,True,False,True,True,False,False,True,False,True,False,False,True,False,True,True,True,True,True,True,True,True,True,True,True,True,False,False,True,True,True,True,True,True,False,True,True,True,True,True,True,False,True,True,True,True,True,True,True,True,False,True,False,True,False,True,False,True,True,False,False,True,True,True,True,False,True,True,True,True,True,False,True,False,False,True,True,False,True,True,True,True,True,False,False,True,False,False,True,True,True,True,True,False,True,True,True,True,True,True,True,True,True,False,False,True,True,False,True,True,True,True
041.Scissor_tailed_Flycatcher,False,False,False,False,False,False,True,False,False,False,False,False,False,True,False,False,True,True,True,True,False,False,False,False,False,False,False,True,False,False,True,False,False,False,False,False,True,False,False,True,False,True,False,False,True,False,False,False,False,False,False,True,False,False,True,False,False,True,False,False,False,False,True,True,False,True,True,False,False,False,False,False,False,False,False,False,True,False,False,False,False,False,False,True,False,True,False,True,False,False,False,False,True,False,True,True,True,True,False,True,False,False,False,False,False,True,False,False,True,False,True,False,True,True,True,True,False,True,False,False,False,True,True,True,True,False,False,False,False,True,False,True,True,True,True,True,True,False,False,False,True,False,False,False,False,False,True,False,True,True,True,False,False,True,True,True,True,True,True,True,True,False,True,True,True,True,True,True,True,True,True,True,True,True,True,True,True,True,True,True,True,True,True,True,True,True,True,False,True,True,True,True,True,True,True,True,True,False,False,True,True,True,False,True,True,True,False,False,True,False,True,False,True,True,False,True,False,True,True,True,True,True,True,True,True,True,False,True,True,True,True,False,True,False,True,True,True,True,False,False,True,False,True,True,True,True,True,True,True,True,True,False,True,True,True,True,True,False,False,True,True,True,True,True,True,False,True,True,False,False,True,True,False,True,True,True,True,False,False,True,True,True,True,True,True,True,False,True,True,True,True,True,True,True,False,True,False,False,True,False,False,True,True,False,False,False,True,True,False,True,False,True
042.Vermilion_Flycatcher,True,True,True,True,False,False,False,False,False,False,False,False,False,False,False,True,False,False,True,False,False,False,False,False,False,False,False,False,False,False,False,False,True,True,False,True,False,True,False,True,False,False,True,False,False,True,False,False,True,False,False,True,False,False,False,False,True,False,False,False,True,False,True,False,True,False,False,False,True,False,True,False,False,False,True,False,False,False,False,False,True,False,False,True,False,True,False,False,True,False,True,False,False,False,False,True,False,True,False,False,False,True,True,True,False,True,False,False,False,False,False,True,True,True,True,True,False,False,True,True,False,False,False,False,True,True,True,True,False,True,True,False,True,False,False,True,False,True,True,True,True,False,False,True,True,True,False,False,True,True,False,True,True,False,True,True,True,True,True,False,True,False,True,True,True,True,True,True,True,False,True,False,True,True,False,True,True,False,False,True,True,False,False,True,True,True,True,True,True,True,True,True,True,True,True,True,True,False,True,False,True,True,True,True,True,True,True,False,True,True,True,True,True,True,False,False,True,False,True,True,True,True,True,True,True,True,True,True,True,True,False,True,True,True,True,True,False,True,True,True,True,True,False,True,True,True,True,True,True,True,True,True,True,False,True,True,True,False,True,False,False,True,False,True,True,True,True,True,False,False,True,True,True,True,False,True,False,True,False,False,True,True,False,True,True,True,True,True,True,False,False,True,True,True,False,True,False,True,True,True,True,True,True,True,True,False,True,True,False,True,True,True
043.Yellow_bellied_Flycatcher,True,False,False,False,False,False,True,True,False,False,False,False,True,True,False,False,False,False,False,False,False,True,False,False,False,False,True,False,False,False,False,False,False,False,False,False,False,False,False,False,False,True,True,True,True,False,False,True,True,False,False,False,False,False,False,True,False,False,False,False,False,True,False,True,False,False,True,False,False,False,True,False,False,False,False,True,False,False,True,True,False,False,True,False,False,False,False,True,False,False,False,False,False,False,True,False,True,False,False,False,False,False,False,False,False,False,False,False,False,False,True,False,True,True,False,False,True,True,True,True,True,True,True,True,True,True,True,True,True,False,True,True,True,True,False,True,False,True,False,True,True,True,False,True,True,True,True,True,False,True,True,True,False,True,False,False,False,True,True,True,True,True,True,True,True,True,False,True,True,False,True,True,True,True,False,True,True,True,True,True,True,True,True,True,False,True,False,False,True,True,False,True,True,True,False,True,True,True,True,False,True,True,True,True,True,True,True,False,True,True,True,True,True,False,False,True,True,False,True,True,True,True,True,False,False,True,False,False,True,True,True,True,False,False,True,True,False,False,True,False,True,True,False,False,True,False,True,False,True,False,True,True,False,True,True,False,True,False,False,True,True,False,True,True,False,False,False,True,True,True,True,True,True,True,True,True,False,False,True,False,True,False,False,True,True,True,True,True,True,True,True,False,True,True,True,False,True,True,True,True,True,True,True,True,True,True,False,True,True,True,True,True
044.Frigatebird,False,False,False,True,True,False,False,False,False,True,False,False,False,False,True,False,False,False,True,False,True,True,True,True,False,False,False,True,False,False,False,True,False,False,True,False,False,False,False,True,True,False,False,True,False,True,True,True,True,True,False,False,False,True,False,False,False,False,False,False,False,False,False,True,True,False,True,False,False,False,False,False,False,False,False,True,True,False,False,False,False,True,True,False,False,True,True,True,True,True,True,True,False,False,False,False,True,False,False,False,False,False,True,False,False,False,False,False,False,False,True,False,True,True,True,True,True,True,True,True,True,False,True,True,False,False,False,False,False,True,True,True,True,True,False,False,True,True,True,False,True,False,True,True,True,True,True,False,True,False,True,False,True,True,True,True,True,True,True,True,True,True,True,False,True,True,False,True,True,True,False,True,False,False,False,True,True,True,True,True,True,False,True,True,False,True,True,False,False,True,True,True,True,True,False,False,True,True,True,True,True,False,True,True,True,True,True,True,False,False,False,False,True,False,True,True,True,True,False,True,True,True,True,False,False,True,True,True,True,False,True,True,True,False,True,False,False,True,True,True,True,True,True,True,False,True,True,True,False,False,True,True,True,True,True,True,True,True,False,True,True,True,True,False,True,False,True,True,False,False,True,True,True,True,True,False,True,False,True,False,True,True,False,True,True,True,False,True,True,False,True,False,True,True,False,False,True,True,False,True,False,True,True,False,True,False,True,True,False,True,True,False
045.Northern_Fulmar,False,False,False,False,False,False,False,True,False,True,True,False,False,True,True,False,False,False,True,False,False,True,False,True,False,True,False,False,False,True,False,False,False,False,True,False,False,False,True,False,True,False,True,False,False,False,True,False,False,False,False,False,False,False,True,False,False,False,True,False,False,False,True,True,False,False,False,False,True,False,False,False,False,False,True,False,False,False,False,True,False,True,False,True,True,True,False,False,False,False,False,False,False,False,False,False,False,True,False,False,False,False,True,False,True,False,True,False,False,False,False,False,False,False,True,True,True,True,True,True,False,False,False,False,True,True,True,True,True,False,True,True,True,True,False,True,False,True,False,False,False,True,False,False,False,True,True,True,False,True,True,True,False,True,True,True,False,True,False,False,True,True,True,True,True,False,True,True,True,True,False,True,True,True,True,True,True,True,False,True,True,True,True,True,True,False,True,True,False,True,True,True,True,False,True,True,False,True,False,False,True,False,False,True,True,True,True,True,True,True,False,True,False,True,True,True,False,True,True,True,True,True,False,True,False,True,True,False,True,False,False,True,True,True,False,True,True,True,False,False,True,True,False,True,True,False,True,True,True,False,False,False,False,True,False,False,False,False,True,False,True,True,True,False,True,False,False,True,True,True,False,True,False,True,True,True,True,True,True,False,False,True,True,True,False,True,True,True,True,True,True,False,False,False,False,True,False,True,False,True,True,False,True,True,False,True,True,True,False,True,True,True
046.Gadwall,False,False,False,False,False,False,True,False,False,False,True,True,False,False,True,False,True,False,False,False,True,False,True,True,True,False,False,True,False,False,False,True,False,False,True,False,False,True,False,False,False,False,False,True,True,False,True,False,False,True,False,False,False,True,False,True,False,False,False,True,False,True,False,False,False,False,True,True,False,False,False,False,False,False,False,True,True,False,True,False,False,False,True,False,False,False,False,False,False,False,False,False,False,False,False,False,True,False,False,False,False,False,False,True,False,False,True,True,False,False,False,True,False,True,True,True,False,True,True,True,True,False,True,True,True,True,False,True,False,False,True,False,True,False,True,True,True,False,True,True,True,True,False,True,True,True,True,True,True,True,True,True,True,True,False,False,True,False,True,True,False,True,True,True,True,True,True,True,True,False,True,True,True,True,False,True,True,True,True,True,True,False,True,True,True,False,False,True,False,False,True,True,True,True,True,False,True,True,False,True,False,True,True,True,True,True,False,False,False,True,False,True,False,True,True,True,True,True,True,True,True,False,False,False,True,True,True,True,True,False,True,True,True,True,True,True,True,True,True,True,False,False,True,True,True,True,True,True,False,True,False,True,False,True,True,False,True,True,True,False,True,True,True,True,True,True,True,True,False,True,False,False,False,True,False,True,True,True,True,False,False,True,True,True,True,True,True,True,False,True,False,True,True,True,False,False,True,False,True,True,True,False,False,True,False,False,False,True,True,True,False,True
047.American_Goldfinch,True,True,True,False,False,False,False,False,False,False,False,False,False,True,False,True,False,False,True,False,True,False,False,False,False,False,False,False,False,False,True,True,False,False,False,True,True,False,False,False,True,False,False,False,False,False,False,False,False,False,True,False,False,False,False,False,True,False,False,False,False,True,False,False,False,False,False,False,False,False,False,False,False,False,False,False,True,False,True,False,False,False,False,False,True,False,True,True,True,False,True,False,False,False,False,False,True,False,False,False,True,False,True,False,False,False,True,False,False,False,False,False,True,False,False,False,False,True,True,True,False,False,True,True,False,True,False,False,False,True,True,True,True,True,False,True,True,True,True,True,True,True,True,False,True,True,True,False,True,True,True,True,True,False,True,True,True,True,False,True,True,True,True,True,True,True,True,True,True,True,True,True,False,True,True,True,False,True,True,True,True,False,True,False,False,True,True,True,True,True,True,False,True,False,False,True,True,True,True,True,False,True,False,True,True,False,False,True,True,False,True,False,False,True,False,True,True,True,True,True,True,True,False,True,True,True,False,False,True,True,True,False,True,True,True,True,False,False,False,True,True,True,True,True,False,False,True,True,True,True,True,True,False,True,True,True,True,True,True,False,True,True,False,True,True,True,True,True,True,False,True,False,True,False,True,True,False,False,True,False,True,True,True,True,False,False,True,False,True,True,True,False,False,True,True,False,True,True,False,True,False,True,True,True,False,True,False,True,True,True,True,False
048.European_Goldfinch,True,True,True,True,True,False,True,False,True,False,False,False,False,False,True,False,True,True,False,False,False,True,False,False,False,False,False,True,False,False,False,True,False,False,False,True,False,True,True,False,False,False,False,False,True,False,True,False,False,False,True,False,False,True,True,False,False,False,False,False,True,False,False,False,False,False,True,False,False,False,False,False,False,False,False,True,True,True,False,False,False,False,False,True,True,False,False,False,True,True,False,False,False,False,False,False,False,True,True,True,False,True,False,True,False,False,False,False,False,False,True,False,True,False,True,False,False,True,True,True,True,True,False,True,True,True,False,True,True,True,True,True,True,True,True,True,True,False,True,True,False,False,True,True,True,True,True,True,True,False,True,True,False,True,True,True,False,True,True,False,False,True,False,True,True,True,False,True,True,True,False,False,True,False,False,True,True,False,False,True,True,True,True,True,False,False,True,False,True,True,False,False,True,False,True,True,True,True,True,True,False,True,False,False,False,True,True,False,False,True,False,True,True,True,True,True,True,False,True,False,False,False,False,True,True,True,True,True,True,True,True,True,False,True,True,True,True,True,True,False,False,False,True,True,True,True,True,False,False,False,False,True,True,False,True,True,False,True,True,True,True,True,True,True,True,True,False,True,False,True,True,True,True,True,True,True,True,True,True,True,False,True,True,True,True,True,True,False,True,True,False,False,False,True,True,True,True,True,True,True,False,False,True,True,False,True,False,True,False,False,False,True
049.Boat_tailed_Grackle,True,True,True,True,False,True,False,False,False,False,False,False,True,False,False,False,False,True,False,False,True,False,False,False,False,False,False,False,False,False,False,False,False,False,True,False,True,False,True,False,False,False,False,False,False,False,False,False,False,False,True,False,True,False,False,False,False,False,False,False,False,True,True,False,True,False,False,False,False,False,False,False,True,False,False,False,False,False,False,False,True,False,False,False,False,False,False,False,False,False,False,False,False,False,False,False,False,False,True,True,True,False,False,False,False,False,True,False,False,True,False,False,False,True,True,True,True,False,False,False,False,True,False,True,False,True,False,False,True,True,False,False,True,True,True,False,True,True,True,False,True,True,False,True,False,True,True,True,False,True,False,True,True,True,True,True,True,True,True,True,False,True,True,True,True,False,False,True,True,True,True,False,False,False,True,False,True,True,False,True,True,True,False,True,False,True,True,True,False,False,True,True,True,True,True,True,False,True,True,False,True,True,True,True,True,True,True,True,True,True,False,True,False,True,True,True,True,True,True,True,False,True,True,False,True,False,True,True,True,True,True,False,False,False,True,True,True,True,True,True,True,True,True,False,True,True,True,False,True,True,True,True,True,False,True,True,True,False,False,True,False,True,False,True,True,False,True,True,True,True,False,True,True,True,True,True,True,True,False,True,True,True,True,True,True,True,True,True,True,True,True,False,True,True,False,True,True,True,True,True,False,True,True,True,False,True,True,True,True,True,False,False
050.Eared_Grebe,True,False,False,False,False,False,False,True,False,False,False,False,True,False,True,False,False,True,False,False,True,True,False,False,False,True,False,False,False,False,True,False,False,False,False,True,True,False,False,False,False,True,False,True,True,False,False,False,False,True,True,True,False,True,True,True,False,False,False,True,True,True,True,False,True,True,True,False,True,True,True,False,False,True,False,False,False,False,False,False,True,False,False,False,True,True,False,False,False,False,False,True,False,False,False,False,False,False,False,True,True,True,False,False,False,True,False,True,False,True,False,False,False,False,True,False,True,False,True,True,True,True,True,True,True,True,True,True,True,True,False,True,True,False,True,True,True,True,False,False,False,True,True,False,True,True,True,True,True,True,True,True,True,True,True,False,True,True,True,True,True,False,False,True,True,False,True,True,True,True,True,True,False,False,True,False,False,True,True,True,False,True,True,True,True,False,True,False,False,True,True,True,False,False,True,False,False,True,True,True,True,False,True,False,True,True,True,True,False,True,True,True,False,True,False,True,True,True,False,True,True,True,True,True,True,True,False,False,True,False,True,False,True,False,True,True,True,True,True,True,True,False,True,True,False,False,True,True,True,False,False,True,False,False,True,True,True,True,True,False,True,True,True,True,True,True,True,True,True,True,False,True,True,False,True,False,True,False,False,True,False,False,True,False,False,True,False,True,True,True,True,True,False,True,True,True,True,True,True,True,True,True,True,True,False,True,True,True,False,True,True,True
051.Horned_Grebe,False,False,True,False,False,True,True,False,False,False,False,False,False,False,False,True,False,True,False,True,False,True,True,True,True,False,True,False,False,True,False,False,False,False,False,False,True,False,False,False,False,False,False,True,True,True,False,False,False,False,True,False,False,False,False,False,False,False,True,False,False,False,False,False,False,False,False,False,False,True,False,False,False,False,True,False,False,True,False,True,False,True,False,False,True,False,True,True,True,False,True,False,False,False,False,False,True,False,False,True,False,False,False,False,False,False,True,True,True,False,False,False,True,True,True,False,False,False,True,True,True,True,True,True,True,True,True,False,True,True,False,True,True,True,True,True,True,True,False,True,False,True,True,True,True,True,True,True,True,True,False,True,False,True,False,False,True,False,True,True,False,False,False,False,False,False,False,True,True,True,False,False,True,False,True,False,True,True,False,False,False,True,False,False,True,False,True,False,True,True,True,True,True,True,False,True,True,True,True,False,True,True,True,False,True,True,False,True,True,True,True,False,True,True,False,True,True,True,True,True,False,False,False,True,True,True,False,True,True,False,True,True,True,True,True,False,True,True,False,False,True,False,True,True,True,True,True,False,True,True,False,True,True,False,False,False,True,True,False,False,True,True,False,True,True,True,True,True,True,True,True,True,False,False,True,True,True,False,True,True,False,True,True,True,True,False,False,False,True,True,True,False,True,False,True,False,True,True,False,True,False,True,True,True,True,False,True,False,False,True,True,True
052.Pied_billed_Grebe,False,False,False,False,False,False,False,False,True,True,False,True,True,False,False,False,False,False,True,False,False,False,False,False,True,True,True,True,False,True,True,False,False,True,False,False,False,True,False,False,False,True,False,False,False,True,False,False,False,False,True,False,True,True,False,True,True,False,False,False,False,False,True,False,True,False,False,False,True,True,False,True,False,False,False,True,False,False,False,False,True,True,False,False,True,False,True,False,False,False,True,False,False,False,False,False,True,False,False,True,False,True,False,False,False,True,False,False,False,False,False,True,True,True,True,False,True,True,False,True,False,True,True,False,True,True,False,True,True,True,True,True,True,True,False,False,True,True,True,True,False,False,False,True,True,False,True,True,True,True,True,True,True,True,True,True,True,True,True,True,True,True,False,False,True,True,True,False,True,True,True,False,True,False,True,False,False,False,False,True,True,True,True,True,True,True,True,True,False,False,False,False,False,False,True,True,True,False,True,True,True,True,True,True,True,True,True,True,False,True,False,True,True,True,True,False,False,True,True,True,True,False,True,False,True,True,True,False,True,True,False,True,True,True,True,False,True,False,True,True,False,False,True,True,False,True,True,True,False,True,False,True,True,True,True,True,False,True,True,True,True,True,True,False,False,True,False,True,False,True,True,True,True,True,False,True,True,False,True,False,False,True,False,True,True,False,True,True,False,True,False,True,True,False,True,False,True,True,True,True,True,True,True,True,True,True,True,True,True,True,False,True
053.Western_Grebe,False,False,True,False,False,True,False,True,False,False,True,False,False,True,False,False,False,True,False,True,False,False,True,False,False,False,True,False,False,False,False,False,True,False,False,False,True,False,False,False,False,False,False,False,False,False,False,False,False,True,True,True,True,True,False,True,False,False,False,True,False,False,True,False,True,False,False,False,False,False,False,False,False,True,False,False,False,False,False,False,True,False,False,True,True,True,False,True,False,False,False,False,True,False,False,False,False,False,False,False,False,True,False,False,False,False,False,False,True,False,False,False,True,True,True,False,True,True,False,False,True,True,True,True,True,True,True,False,True,True,False,False,False,True,True,True,True,False,False,False,False,False,False,True,False,False,True,False,False,True,False,True,True,True,True,True,True,True,True,True,True,False,True,False,False,False,True,True,False,True,True,False,False,True,True,False,False,False,True,True,False,False,True,True,True,True,False,True,True,False,True,True,True,False,True,False,True,False,False,True,True,True,True,True,True,True,True,True,True,True,False,True,False,True,True,True,True,True,False,False,True,False,False,True,True,True,True,True,True,True,True,True,True,True,True,False,True,True,True,False,True,True,True,True,False,True,False,True,True,False,False,False,True,False,True,True,True,True,True,True,False,True,True,True,True,True,True,True,False,True,False,True,True,True,False,True,False,True,True,True,True,True,True,True,False,True,True,False,True,True,True,True,True,True,False,False,True,True,False,True,False,False,False,True,True,True,True,True,True,True,True,False
054.Blue_Grosbeak,True,False,True,False,False,False,False,True,True,False,False,True,False,True,False,True,False,True,True,False,True,True,False,False,False,False,True,False,False,True,False,True,False,False,False,True,True,False,True,False,False,False,False,False,False,False,True,False,False,True,False,False,False,False,False,False,False,False,False,False,True,False,False,False,False,False,True,True,True,False,False,True,True,False,False,True,False,False,False,False,True,False,False,False,True,False,False,False,False,False,False,True,True,False,False,False,False,False,False,True,False,True,True,False,True,True,True,False,False,False,False,False,True,True,False,True,True,True,True,False,True,True,True,True,True,False,True,True,True,True,True,True,True,True,True,True,True,True,True,True,True,False,True,True,True,True,True,True,True,True,True,True,True,True,True,False,True,True,True,False,False,True,True,True,True,True,True,True,False,False,True,True,False,False,False,True,False,True,True,True,True,True,True,False,False,True,True,True,False,True,False,True,False,True,True,True,False,True,True,False,False,False,True,True,True,False,True,True,False,True,True,False,True,False,False,False,True,True,False,True,False,True,False,False,True,True,False,True,True,True,False,True,True,True,True,True,True,True,True,False,True,True,True,True,True,True,True,True,True,False,True,True,True,True,True,False,True,False,True,True,True,True,True,True,True,False,True,True,True,False,False,False,True,True,False,True,False,True,True,False,True,True,False,False,True,True,True,True,False,False,True,False,True,True,True,False,True,True,False,True,True,True,True,False,False,True,True,True,True,True,False,False
055.Evening_Grosbeak,True,False,False,True,False,True,False,False,False,True,False,False,False,False,False,False,True,False,True,False,True,False,False,False,True,True,True,False,False,False,True,False,False,False,True,True,False,False,False,False,False,False,False,True,False,False,False,False,False,False,False,False,False,True,False,False,False,True,False,False,True,False,False,False,True,True,False,True,False,False,True,True,True,False,False,False,False,False,False,False,True,False,True,False,False,False,False,True,False,False,False,False,False,False,True,False,True,False,True,True,False,False,True,False,False,False,False,False,False,True,False,True,True,False,True,True,True,False,True,True,True,True,True,True,False,False,True,True,True,True,True,False,True,True,True,True,False,False,True,True,True,True,False,False,True,True,False,True,False,False,True,False,True,False,True,True,False,True,True,True,True,False,True,False,True,False,False,False,True,True,False,True,True,False,True,False,True,True,True,True,False,True,True,False,False,False,True,True,True,False,True,False,True,True,True,True,True,True,True,False,False,True,False,False,True,True,True,True,True,True,True,True,False,True,True,True,True,True,True,True,True,True,True,True,False,True,True,False,False,False,True,False,True,True,True,True,True,True,True,True,True,True,True,False,True,True,True,True,True,True,True,True,False,True,False,True,False,False,True,True,True,True,True,True,False,False,True,True,True,True,False,True,True,True,True,True,True,True,False,True,True,True,False,True,True,True,False,True,True,True,True,True,True,True,True,True,True,False,False,True,True,True,False,True,True,False,False,True,True,True,True,True
056.Pine_Grosbeak,True,False,False,False,True,False,False,False,True,False,False,False,False,False,False,False,True,False,False,True,False,True,True,False,False,False,True,False,False,False,False,True,False,False,False,False,False,True,False,False,True,False,False,True,True,False,False,False,False,False,False,False,False,False,True,True,True,False,True,False,False,True,False,False,False,False,False,True,False,False,False,False,False,False,False,False,True,False,False,False,False,True,False,False,False,True,True,False,False,False,False,False,False,False,False,False,False,True,False,True,False,True,False,False,False,True,True,False,False,False,True,False,True,True,False,False,False,True,True,True,True,True,True,True,False,False,False,True,True,False,False,True,True,False,True,True,True,False,True,False,True,True,True,True,True,True,True,False,False,True,True,False,True,True,True,True,False,False,True,True,True,False,True,False,False,True,False,False,True,True,True,True,False,True,False,False,False,False,True,True,True,True,False,True,False,False,True,True,True,False,False,False,True,True,True,True,True,True,True,True,True,True,True,False,False,False,True,True,True,True,False,True,False,True,False,True,True,True,True,True,False,False,True,False,True,False,True,True,True,True,True,True,True,True,True,False,True,True,True,True,True,True,False,True,True,True,True,True,True,True,True,False,True,True,True,False,True,False,True,True,False,True,False,False,True,True,True,True,True,True,False,True,False,False,False,True,True,True,False,False,False,False,True,True,False,True,True,True,True,True,False,True,True,True,True,True,True,True,True,True,True,False,True,False,False,True,False,False,True,True,True,False
057.Rose_breasted_Grosbeak,False,True,True,False,True,False,False,False,True,False,True,False,True,True,True,False,True,True,False,False,False,False,False,False,True,True,False,False,False,False,True,False,False,True,False,True,False,True,False,False,False,True,True,True,False,False,False,False,False,False,False,False,True,True,False,False,False,False,True,True,False,False,False,True,False,False,False,False,True,False,False,False,False,False,True,False,False,False,False,True,False,False,True,False,False,False,True,False,False,False,False,False,True,False,False,True,True,True,False,True,True,False,False,True,False,True,False,True,False,True,False,False,True,False,False,True,True,True,False,True,True,True,False,False,True,True,True,True,True,False,True,True,False,False,False,True,True,False,True,True,False,True,True,True,True,False,True,True,True,True,False,False,False,True,True,True,True,True,True,True,True,True,False,False,True,False,False,False,False,True,True,True,True,True,False,True,True,True,False,True,True,True,False,False,False,True,False,False,True,True,True,False,True,False,True,True,True,True,True,False,False,False,True,True,True,True,True,True,False,False,True,True,True,False,True,False,True,True,True,True,True,True,True,False,False,True,False,True,True,True,False,True,True,False,True,False,False,False,True,True,False,True,True,True,False,False,True,True,True,True,True,True,True,True,True,True,False,False,True,True,True,True,True,False,True,True,True,False,True,True,True,True,True,True,True,True,True,True,True,True,True,True,True,False,True,True,True,False,True,True,False,True,True,False,True,True,False,False,False,False,False,True,True,True,False,True,True,False,True,True,True,True
058.Pigeon_Guillemot,True,True,False,False,True,False,False,False,True,True,False,True,False,True,False,True,True,True,False,False,False,False,False,False,False,True,True,True,False,False,True,False,False,False,False,False,False,True,True,False,False,True,False,False,False,True,False,True,False,False,False,True,True,False,False,True,True,True,False,False,False,False,True,False,True,False,False,False,True,False,True,True,False,False,False,False,True,True,True,False,False,False,False,False,False,False,True,False,False,False,False,False,False,False,False,True,False,False,True,False,True,False,True,True,True,False,True,True,True,True,False,False,False,True,False,True,False,False,False,False,True,False,True,True,True,True,False,False,True,True,True,True,True,True,False,True,True,True,True,True,False,True,False,True,False,True,False,True,True,False,True,True,True,False,True,True,False,False,True,True,True,True,True,True,True,True,False,False,True,False,False,True,False,False,False,True,True,True,True,True,True,True,True,True,True,True,True,False,True,False,True,True,True,True,False,False,True,False,True,True,False,True,True,False,True,True,False,True,True,True,True,True,True,False,True,False,False,True,True,True,True,True,True,False,True,False,True,True,True,True,True,True,True,True,True,True,True,False,False,True,True,False,True,True,True,True,True,False,True,True,True,True,True,False,True,True,False,True,True,True,True,True,False,False,True,False,True,True,True,True,True,True,False,True,True,True,True,True,True,False,True,True,True,True,False,True,True,False,False,True,False,True,True,True,True,True,True,True,True,False,True,True,True,True,True,True,True,True,True,True,True,True
059.California_Gull,True,False,False,False,True,False,False,False,False,False,False,False,False,True,False,False,True,False,False,False,False,True,False,True,True,False,False,True,True,True,True,False,False,False,False,False,False,True,False,False,True,True,True,True,False,False,False,False,False,True,False,False,False,False,False,False,True,False,True,False,True,True,False,True,False,True,False,True,False,False,False,False,False,False,True,False,False,False,True,False,False,False,False,True,True,False,True,False,False,False,True,False,True,True,False,False,True,True,False,False,True,True,False,False,False,False,False,False,False,True,False,True,False,False,True,False,True,False,True,True,True,False,True,True,True,True,True,True,True,True,True,False,True,True,False,True,True,True,False,True,True,True,True,False,True,True,False,True,True,True,False,True,False,False,False,False,False,True,True,False,True,True,True,True,True,True,False,False,False,True,False,False,True,True,True,False,True,True,False,True,False,False,True,True,True,True,False,True,False,True,False,True,True,True,True,True,True,True,False,True,False,True,True,True,True,True,True,False,False,True,True,True,True,False,False,True,True,False,True,True,True,True,False,True,True,True,True,False,True,True,False,False,True,True,True,True,True,True,True,True,True,True,True,False,True,True,True,True,True,False,False,True,True,False,True,True,False,True,True,False,False,False,True,True,False,True,False,True,True,False,True,True,True,False,True,True,True,True,True,True,True,True,True,True,False,True,False,True,True,False,True,False,True,True,True,False,True,True,False,True,True,True,False,True,True,True,True,True,False,True,True,True
060.Glaucous_winged_Gull,True,False,True,False,True,True,True,False,False,False,False,True,False,False,True,False,False,False,False,False,True,False,False,True,False,True,True,True,False,True,False,True,False,False,True,False,False,False,False,True,False,False,False,True,False,False,False,False,False,False,True,False,True,True,True,False,False,False,False,False,False,True,False,True,False,False,False,False,False,True,True,False,True,True,False,False,False,False,False,False,False,False,True,False,True,False,False,False,False,False,False,False,True,False,True,False,False,False,False,True,True,False,False,True,False,False,False,False,False,False,True,False,True,False,True,True,True,True,True,True,False,True,False,True,True,False,True,False,True,False,True,True,True,True,True,False,True,True,True,False,True,True,False,False,True,True,True,False,True,True,False,True,False,False,True,False,True,True,False,True,True,True,False,True,True,True,True,True,False,True,True,False,False,True,True,True,True,False,True,False,False,True,False,True,False,False,True,True,True,True,True,True,True,False,False,True,True,True,False,False,True,False,True,True,True,True,True,False,True,True,True,False,True,True,True,True,False,False,True,False,True,True,False,True,True,False,True,True,True,True,False,False,True,False,True,True,False,True,True,True,True,True,True,True,True,True,False,True,True,False,True,False,True,True,True,True,True,False,True,True,False,False,True,True,True,True,True,False,True,True,True,False,True,True,True,False,True,False,True,True,True,False,True,True,True,False,True,True,False,True,True,True,False,True,True,False,True,True,True,False,False,True,True,True,False,True,True,True,True,True,False,True
061.Heermann_Gull,False,False,False,False,True,False,False,False,True,False,False,True,False,True,False,True,True,False,True,False,True,True,False,False,False,True,False,True,False,False,False,False,True,False,False,True,False,False,False,False,False,False,False,True,False,False,True,False,False,False,False,True,True,False,False,False,False,False,False,False,False,False,True,False,False,False,False,False,False,False,True,True,True,False,False,False,False,True,True,True,False,True,False,False,False,False,True,True,False,False,False,False,True,False,False,False,False,False,False,False,False,False,False,False,False,False,False,False,False,True,True,False,True,True,True,True,True,True,True,True,True,False,True,True,True,True,True,True,False,False,True,True,True,False,True,True,True,True,True,True,True,True,True,False,True,True,True,True,False,True,True,True,True,True,True,True,False,True,True,True,False,True,True,False,True,False,True,True,False,True,True,True,True,True,True,True,False,True,True,True,True,True,True,False,True,True,False,False,True,True,False,True,True,True,True,True,False,True,True,False,True,False,True,True,False,True,False,True,True,True,True,True,True,True,True,True,True,False,True,True,True,False,True,True,False,False,False,False,True,False,False,True,True,False,True,True,True,True,True,True,False,True,True,True,True,True,False,False,True,True,True,True,False,False,True,False,True,True,True,False,True,True,True,True,True,False,True,True,True,True,False,True,False,True,True,True,True,False,True,True,True,False,True,True,True,True,True,True,True,True,True,False,True,True,True,False,True,False,True,True,True,False,True,True,True,True,True,True,False,False,True,False
062.Herring_Gull,False,False,False,False,False,True,False,False,False,True,False,False,False,False,False,False,False,False,False,False,False,False,True,False,True,False,False,True,False,True,False,False,False,False,False,False,False,False,False,True,False,True,False,False,True,True,False,False,True,False,True,False,False,True,False,False,True,False,False,False,False,True,False,False,False,False,True,True,False,False,False,False,False,False,False,False,False,False,False,True,True,False,True,False,False,False,True,False,True,False,True,True,False,False,False,False,False,False,False,True,True,False,False,False,False,False,False,False,True,True,False,False,True,False,False,True,False,True,False,True,True,False,True,True,True,True,True,False,True,True,False,True,True,True,True,True,False,True,True,False,True,True,True,True,True,False,False,False,True,True,True,True,True,False,False,True,True,True,True,False,True,True,True,False,False,True,False,False,True,True,True,True,False,False,True,True,True,False,True,True,False,False,True,True,True,True,True,False,False,True,False,True,False,True,True,False,False,False,True,True,True,True,True,True,True,True,True,True,True,True,True,True,True,False,True,False,False,True,True,False,False,True,True,True,True,False,True,True,True,True,False,True,False,True,False,True,True,True,True,True,False,False,True,True,True,False,True,False,True,True,True,False,True,True,True,True,True,True,True,False,True,True,False,False,True,True,False,True,True,False,True,True,True,False,True,False,True,True,True,True,True,False,True,True,True,True,False,True,False,True,False,True,False,True,True,True,False,False,True,False,True,False,False,False,True,True,False,True,True,False,False,False
063.Ivory_Gull,False,True,False,False,True,True,False,False,True,False,False,True,True,False,False,False,False,False,False,False,True,True,True,False,True,True,False,False,False,False,True,False,False,False,True,False,False,False,False,False,False,False,True,False,False,False,False,False,True,False,False,True,False,False,True,False,False,False,False,False,False,False,False,False,True,False,False,False,True,False,False,True,False,True,False,True,False,False,False,False,False,False,False,False,False,False,False,False,False,False,True,False,True,False,False,False,False,False,True,False,False,True,True,True,True,True,False,False,True,False,False,False,True,True,True,True,True,True,False,True,True,False,True,False,True,True,False,False,True,True,True,False,False,True,True,True,True,True,True,True,True,True,True,True,True,True,True,False,False,True,True,True,False,False,False,False,True,True,True,False,False,True,True,False,True,False,True,True,True,True,True,True,True,True,False,True,False,True,False,False,True,False,True,True,True,True,True,True,False,True,True,True,True,True,True,True,True,True,True,True,False,True,True,True,True,True,False,True,False,True,True,True,False,True,True,False,True,True,True,True,True,False,True,True,True,False,True,True,True,True,True,True,False,True,True,True,False,False,True,True,True,True,True,True,True,True,True,True,False,True,False,False,True,False,True,False,True,True,False,True,True,False,True,True,False,True,False,False,False,True,False,False,True,True,True,True,False,False,True,True,False,True,True,True,False,True,False,False,True,True,True,True,True,False,True,True,True,False,False,True,True,True,False,True,True,True,True,True,False,True,True,False
064.Ring_billed_Gull,False,False,False,False,False,True,False,False,False,True,False,True,True,False,True,True,True,False,False,False,True,False,True,False,False,True,False,False,False,False,False,False,False,False,True,False,False,False,False,False,False,False,True,True,True,False,False,False,False,True,False,True,True,True,False,False,False,False,True,True,True,True,False,False,False,False,False,False,False,True,False,False,False,True,False,False,False,False,False,True,True,True,False,False,False,True,False,False,False,True,True,False,False,True,False,False,False,False,True,False,False,False,False,False,True,False,False,False,False,False,True,False,True,True,True,True,True,False,False,True,True,False,True,True,True,False,False,True,True,True,True,True,True,True,True,True,True,False,True,True,False,True,False,False,True,True,True,True,True,False,False,True,True,True,False,False,False,True,True,True,True,True,False,True,True,False,False,True,False,True,True,True,True,True,True,False,False,False,False,False,True,True,True,True,True,True,True,False,True,True,True,False,False,True,True,True,True,False,True,True,False,True,True,False,True,True,True,False,True,True,True,False,False,True,True,True,False,True,True,True,False,True,True,True,True,True,False,True,False,True,True,True,True,False,True,False,True,False,True,True,False,True,True,False,True,True,True,True,True,False,True,True,True,True,True,True,False,True,False,False,False,True,False,True,True,False,True,True,True,True,True,True,True,True,True,True,True,True,True,True,True,False,True,False,False,True,True,True,True,True,True,False,True,True,True,True,True,True,True,True,False,True,True,True,True,True,True,True,False,True,True,True
065.Slaty_backed_Gull,True,False,False,False,False,True,False,False,False,False,False,False,False,False,False,False,False,False,False,False,True,False,False,False,False,False,False,True,False,True,True,False,True,False,False,False,False,False,True,False,False,False,False,False,False,False,False,False,True,True,False,False,False,False,False,False,True,False,False,False,False,False,False,True,False,True,False,True,False,False,False,False,False,False,False,True,False,False,True,True,True,False,True,False,True,False,False,False,True,True,False,True,False,False,False,True,True,False,True,False,True,False,False,True,False,False,True,True,False,True,False,False,True,True,True,False,True,True,True,False,True,True,True,False,False,True,False,False,False,True,True,True,True,True,True,True,False,True,True,True,False,True,True,False,True,True,True,False,True,False,False,False,True,True,True,True,True,True,False,True,True,True,False,False,True,True,True,False,True,False,True,True,True,False,True,True,False,False,True,False,False,False,True,True,True,True,True,True,False,False,True,True,False,False,True,True,True,True,True,True,True,False,True,True,False,True,True,True,True,False,True,False,False,True,True,True,True,False,True,True,True,False,True,True,False,True,True,False,False,True,True,True,True,True,False,False,False,False,True,True,True,False,True,True,True,False,True,False,True,True,True,True,True,True,True,True,True,True,False,True,False,False,True,True,False,True,True,True,False,True,True,True,True,False,True,True,False,True,False,True,False,True,True,True,True,True,True,True,True,False,True,True,True,False,True,True,True,False,True,True,True,False,True,True,True,False,True,True,True,True,False,True
066.Western_Gull,True,True,False,False,False,False,False,True,False,True,False,False,True,False,False,True,False,True,False,False,True,False,False,True,True,True,False,True,False,False,True,False,True,False,False,False,True,True,False,False,False,False,False,False,True,True,True,False,False,False,False,False,False,False,False,True,True,False,True,False,False,False,False,True,False,False,True,False,True,True,True,True,False,False,False,False,False,False,False,True,False,True,False,False,False,False,False,False,True,True,False,True,False,False,False,False,False,False,False,False,False,True,False,False,False,False,True,False,False,False,False,False,True,False,True,True,False,False,True,False,True,True,False,True,False,True,True,False,True,True,True,True,True,False,True,False,True,False,True,False,False,True,True,False,True,True,True,False,False,False,True,True,False,True,True,True,False,False,True,True,True,True,False,False,False,False,False,True,True,True,False,True,True,True,True,False,True,True,False,True,True,False,True,True,True,True,False,True,True,True,True,True,True,True,False,False,True,True,True,True,True,False,True,True,False,True,True,False,False,False,False,True,False,True,True,False,True,True,True,True,True,False,True,True,True,True,True,True,True,False,True,True,False,True,True,True,False,False,True,True,True,True,True,True,True,True,False,True,True,False,True,True,False,True,True,True,True,True,True,True,False,False,True,True,True,False,True,True,False,False,True,True,False,True,False,False,False,True,False,True,False,True,True,True,True,True,False,True,True,False,False,True,False,True,True,False,True,True,True,False,True,True,True,True,True,True,True,True,False,False,False,False
067.Anna_Hummingbird,False,False,False,False,False,False,False,False,False,False,False,True,False,True,True,False,False,False,False,False,False,False,False,False,False,False,False,False,False,True,False,True,False,False,False,True,True,False,False,True,False,True,True,False,True,True,False,False,True,True,False,False,True,False,False,False,True,False,False,True,False,False,False,True,True,False,False,False,False,False,True,True,True,False,True,True,False,False,False,True,True,True,False,True,False,False,True,True,False,True,False,True,False,True,False,False,False,True,False,False,False,True,False,False,True,True,False,False,False,False,True,False,True,True,True,False,True,True,False,False,False,True,True,True,True,True,False,True,False,True,False,True,True,True,False,True,True,False,True,True,True,False,True,True,True,False,True,False,True,True,True,True,True,True,True,True,True,False,True,True,False,False,False,True,False,True,False,True,False,False,True,True,False,True,True,False,True,True,False,False,True,False,True,True,False,True,False,False,True,True,False,True,False,True,False,True,False,True,True,True,True,True,False,False,False,True,True,True,True,True,True,True,True,True,False,True,True,True,True,True,False,False,True,True,True,False,False,False,True,True,True,True,True,False,True,True,True,True,True,True,True,True,False,True,True,True,False,True,True,False,True,False,True,False,True,True,True,True,True,True,True,True,False,True,True,True,True,False,True,True,True,True,False,True,False,True,True,True,False,True,True,True,True,True,True,True,True,True,False,False,True,True,True,True,False,True,False,True,True,True,True,True,True,True,True,False,True,True,True,True,True,False
068.Ruby_throated_Hummingbird,False,True,True,False,False,True,False,True,False,False,False,True,True,False,False,False,True,False,False,True,False,False,False,False,False,False,False,False,False,False,False,False,False,True,True,True,False,False,True,False,True,True,False,False,False,False,True,False,False,False,False,False,False,True,True,True,False,False,True,True,False,False,False,True,False,False,False,True,False,False,True,False,True,False,False,False,True,True,False,False,False,True,False,True,False,False,False,False,True,False,False,False,True,True,False,True,False,False,True,False,True,False,True,True,True,False,True,True,False,False,False,False,True,True,True,True,True,True,True,True,True,True,True,False,True,True,True,True,True,True,True,True,True,True,True,True,True,True,True,True,True,False,True,True,True,True,False,False,False,True,True,True,True,True,True,False,False,True,True,False,False,True,False,True,False,True,False,False,True,True,False,True,True,False,True,True,True,False,False,False,True,False,True,True,True,False,True,False,True,True,True,True,True,True,True,False,True,False,True,False,True,True,True,False,False,False,True,False,True,True,False,True,True,True,False,False,False,True,True,False,True,True,True,True,True,True,True,False,False,True,False,True,False,False,True,True,True,False,False,False,True,True,True,False,True,True,True,True,True,True,False,True,True,True,True,False,False,False,False,True,True,False,True,True,False,True,True,False,True,True,True,True,True,True,False,True,True,False,True,True,True,False,False,True,True,True,True,True,True,True,True,True,False,True,True,True,False,False,True,False,False,True,True,True,True,False,False,True,True,True,False,True
069.Rufous_Hummingbird,False,False,False,False,False,False,True,False,True,False,True,False,True,False,False,False,True,False,True,False,False,False,True,False,True,False,False,False,True,True,False,True,False,True,False,True,True,False,False,True,False,False,True,True,False,True,True,False,True,False,False,False,False,False,False,False,False,False,False,False,False,False,False,True,False,True,True,True,False,False,False,False,True,False,True,False,False,True,True,False,True,False,False,True,False,False,True,True,False,False,False,False,True,False,False,True,True,True,False,True,False,False,False,False,False,False,False,False,False,False,True,False,False,True,True,True,True,True,False,False,True,False,False,False,True,True,True,False,True,False,False,False,True,True,True,True,True,True,True,True,True,True,False,True,False,False,True,True,True,True,True,False,False,True,False,False,True,True,True,True,True,True,False,False,False,True,True,True,False,False,True,True,False,True,True,False,True,True,True,True,False,False,True,True,True,True,False,True,True,True,True,True,True,True,True,True,True,False,False,True,True,True,True,True,True,True,True,True,True,True,True,False,True,True,True,True,True,True,True,True,True,True,True,False,True,True,True,True,True,True,True,False,True,True,True,False,True,True,True,True,True,True,True,False,False,True,True,True,False,True,True,True,True,False,True,False,True,True,False,True,True,True,True,True,True,True,True,True,True,True,True,True,False,True,False,True,False,True,True,False,True,True,True,True,True,True,False,True,True,False,True,False,True,True,False,True,True,True,True,True,True,True,False,True,True,False,True,True,True,True,True,False
070.Green_Violetear,False,False,True,False,False,False,False,False,False,True,True,False,False,True,True,False,True,False,False,False,True,False,False,False,False,True,True,True,False,False,False,False,True,True,False,False,False,False,False,False,False,False,True,False,False,True,True,True,False,False,True,True,False,False,False,True,False,False,False,False,False,False,True,True,True,False,False,False,False,False,True,True,False,True,False,False,False,False,False,False,False,True,True,False,False,False,False,False,True,False,False,True,False,False,False,False,False,False,False,False,False,True,False,True,False,False,False,True,True,False,False,False,False,True,True,True,False,True,True,False,True,False,True,False,True,True,True,True,True,True,True,True,True,False,True,False,True,False,True,True,True,False,True,True,False,False,True,False,True,True,True,False,True,True,True,True,False,False,True,False,True,True,True,True,False,False,False,True,False,True,False,True,True,True,False,True,True,True,False,True,False,False,True,True,True,True,False,True,False,True,True,True,True,True,False,True,True,False,True,True,True,True,False,False,False,True,True,True,True,True,True,True,False,True,True,True,True,False,False,False,True,True,True,False,False,True,True,False,True,True,True,True,False,True,False,False,True,True,True,True,True,False,True,True,True,False,False,True,True,False,True,True,True,True,False,True,False,True,True,True,True,True,True,True,True,True,True,False,True,True,True,True,True,True,True,True,True,True,True,False,False,True,True,False,True,True,False,True,False,False,True,False,True,True,True,True,True,True,False,True,False,True,False,True,False,True,True,True,True,False,True,True
071.Long_tailed_Jaeger,False,True,False,True,False,False,True,False,False,False,False,True,False,True,False,False,True,False,True,False,False,False,False,False,True,False,False,False,True,False,False,False,False,False,False,False,False,False,True,False,False,False,False,False,False,False,False,False,False,False,False,False,False,False,True,False,False,True,False,False,True,True,False,False,False,False,False,False,False,True,False,True,False,True,True,False,False,False,False,False,False,False,False,True,False,True,True,True,False,False,False,False,False,True,False,False,False,False,False,False,False,False,True,False,False,False,False,True,False,False,False,False,True,True,True,True,True,False,True,True,False,True,True,True,False,True,True,False,False,True,True,True,True,True,False,True,False,True,True,True,True,True,True,True,False,True,True,True,True,True,True,True,True,False,True,True,True,True,True,True,False,True,True,False,True,False,True,True,True,True,True,True,True,True,True,True,True,True,True,True,True,True,False,False,False,False,True,False,True,True,True,True,False,False,True,False,True,False,True,False,True,True,True,True,False,True,True,True,False,True,True,False,True,True,True,True,False,False,True,False,True,True,True,False,True,True,True,True,True,True,True,True,True,True,True,True,True,True,True,False,True,False,True,True,True,False,True,True,False,True,True,True,False,True,True,True,True,False,False,False,True,True,True,False,True,False,True,False,True,True,True,False,True,True,False,False,True,True,True,True,False,False,False,True,True,True,False,True,True,False,False,False,True,False,False,True,True,True,False,True,True,True,True,True,True,True,False,True,False,True,True,True
072.Pomarine_Jaeger,False,False,False,True,False,True,False,True,True,False,True,False,True,True,True,False,False,False,False,False,False,True,True,False,False,False,True,False,False,False,False,False,False,False,True,False,False,True,False,False,True,False,False,False,False,True,False,False,False,False,False,True,False,False,False,False,False,True,True,True,True,False,False,False,True,False,True,False,False,True,False,False,False,False,True,True,False,False,True,False,False,False,True,True,False,False,False,False,True,False,False,False,False,False,False,False,False,False,True,False,False,False,True,False,False,True,True,False,False,True,True,True,False,True,True,True,False,True,False,True,False,True,False,True,False,False,False,True,True,True,True,True,True,True,True,True,True,True,True,False,True,True,False,True,True,True,True,False,True,True,True,True,True,True,True,True,True,False,True,True,False,True,True,False,False,True,False,True,False,False,True,False,False,True,True,True,False,True,True,True,True,False,True,False,True,False,True,False,True,True,True,True,True,True,False,True,True,True,True,True,True,True,True,False,True,True,True,True,True,True,True,True,True,True,False,True,False,True,True,True,False,True,True,True,True,False,False,True,True,False,True,False,True,True,True,True,True,False,True,False,False,True,False,False,False,True,True,True,True,True,True,True,False,True,False,True,True,True,False,True,True,True,True,True,True,True,True,True,True,False,True,False,True,True,True,True,True,False,False,False,False,True,True,False,True,True,True,True,False,False,True,True,True,True,False,True,True,True,True,False,False,True,False,False,True,True,False,True,True,True,True,True
073.Blue_Jay,True,True,False,False,False,False,False,False,False,True,False,True,False,True,False,False,False,True,True,False,False,False,False,True,False,False,False,False,False,False,False,False,False,False,True,True,False,False,False,False,False,False,False,False,True,False,True,False,False,True,False,False,True,False,False,False,False,False,False,False,False,True,True,True,False,True,False,False,False,False,False,True,True,False,False,False,False,False,False,True,False,True,False,True,False,True,False,False,False,False,True,True,True,True,False,False,True,False,True,True,True,False,False,False,False,False,True,False,True,False,True,False,True,True,True,True,False,True,True,True,True,True,True,False,False,True,False,True,True,True,True,True,True,False,True,True,True,True,False,False,True,True,True,False,False,True,True,False,True,True,True,True,True,False,True,False,True,True,False,True,True,True,False,False,False,True,True,True,True,True,False,True,False,True,False,True,True,False,True,True,True,True,True,False,True,True,True,False,False,False,True,True,True,True,True,True,True,True,False,True,False,False,True,True,True,True,True,False,True,False,True,True,True,True,True,True,True,True,False,False,True,False,False,True,True,False,True,False,True,True,False,True,True,True,False,False,True,True,False,False,True,True,True,False,True,True,True,True,True,True,True,True,False,True,True,True,True,True,True,True,True,False,True,True,True,False,True,True,True,True,True,True,True,True,True,True,True,True,True,False,False,True,True,False,False,True,True,True,True,True,True,True,False,True,False,True,False,True,False,False,True,True,False,True,True,True,True,True,False,False,False,True
074.Florida_Jay,True,False,True,False,False,False,False,False,False,False,False,False,False,True,False,False,False,True,False,False,True,False,False,False,True,False,True,False,False,False,False,False,False,False,False,False,False,True,False,False,False,False,False,True,False,False,False,False,True,True,False,True,False,False,False,False,True,False,False,False,False,False,False,False,True,True,False,False,False,True,False,False,True,False,False,False,False,False,False,False,False,True,False,False,False,True,True,False,False,False,True,False,True,True,True,False,False,True,False,False,True,True,False,False,True,False,False,True,False,False,True,True,True,False,True,False,True,True,False,True,True,False,True,False,True,True,True,False,True,True,False,True,True,False,False,True,False,False,True,True,True,True,False,False,True,False,False,True,True,True,False,True,True,True,True,True,True,True,True,True,False,True,True,True,True,False,True,True,False,True,True,True,True,False,True,False,False,False,False,False,True,True,True,True,True,True,True,False,True,True,False,True,True,False,False,False,False,False,False,False,True,True,False,True,True,True,False,True,True,True,True,False,True,True,True,True,False,True,False,True,True,True,True,False,True,True,True,True,False,False,True,True,True,True,False,True,True,True,False,True,False,True,False,True,False,True,True,False,False,False,True,True,True,False,True,True,True,True,True,False,False,True,False,True,True,True,True,True,True,False,True,True,True,True,True,True,True,False,True,True,True,True,False,True,True,True,True,False,True,False,True,True,True,False,False,True,False,True,True,False,True,True,True,True,False,False,False,False,True,True,True,True
075.Green_Jay,True,False,False,True,True,True,True,False,True,False,True,False,False,True,True,False,False,False,False,False,True,False,True,False,True,False,False,False,False,True,False,True,True,True,True,False,False,False,False,False,True,False,False,False,False,True,False,False,False,True,False,False,False,False,False,False,True,False,False,True,False,False,False,False,False,False,False,True,False,True,True,False,False,True,False,False,True,False,False,False,False,True,False,False,True,False,False,False,True,False,False,False,False,False,True,False,False,False,True,False,True,False,False,False,False,True,False,True,False,False,False,False,True,False,False,False,True,True,False,True,False,True,True,False,False,False,False,True,True,False,True,True,True,True,True,True,True,True,True,True,True,True,True,False,True,True,True,False,True,True,False,False,True,False,True,False,False,False,False,True,True,True,True,True,False,False,False,True,True,True,False,True,False,False,True,True,True,False,True,True,True,True,False,True,True,True,False,True,False,False,True,True,True,True,True,False,True,True,True,False,True,True,True,True,False,False,False,True,True,False,True,False,True,False,True,True,True,True,True,False,True,False,True,True,True,True,True,True,True,True,True,True,True,True,True,True,True,False,False,False,True,False,True,False,True,True,True,True,True,False,False,False,True,True,False,False,True,True,True,True,True,True,True,False,True,True,True,True,False,True,False,False,True,False,False,True,True,False,True,True,True,True,True,False,False,False,True,True,False,True,False,False,True,False,True,True,True,False,True,True,True,False,True,True,False,False,False,True,False,False,True,True
076.Dark_eyed_Junco,False,False,False,False,False,True,False,True,False,False,False,False,False,False,False,False,False,False,False,False,False,True,True,False,False,False,False,False,False,False,False,True,False,False,True,False,False,False,False,True,False,False,False,True,True,True,False,False,True,False,False,False,False,False,False,False,False,False,False,True,False,False,False,False,False,False,False,True,True,False,False,False,False,False,False,False,True,True,True,False,False,False,False,True,False,True,False,True,True,True,True,False,False,False,True,False,False,True,True,False,True,False,False,True,False,True,False,False,True,True,False,False,True,True,True,True,True,True,True,True,True,True,True,True,False,True,True,True,False,True,True,False,False,False,False,False,True,False,True,True,True,True,False,False,True,True,True,False,True,True,True,False,False,True,True,True,False,True,True,True,False,True,False,True,True,True,True,True,True,True,False,False,True,True,True,True,True,True,True,True,False,True,False,True,False,False,False,False,True,True,True,True,False,False,False,False,True,False,False,True,True,True,True,True,False,True,True,True,True,True,True,True,False,False,True,True,False,True,False,True,True,True,True,True,True,True,False,True,False,True,True,True,False,True,True,False,True,True,False,True,True,True,False,True,True,True,True,True,True,True,True,True,False,False,False,True,False,False,True,False,False,True,True,True,True,True,True,False,False,False,True,True,True,True,False,True,False,True,False,False,True,True,False,True,True,True,True,True,False,True,True,True,True,True,False,True,True,True,False,False,True,False,False,False,True,False,False,True,False,True,True,True
077.Tropical_Kingbird,True,True,False,True,False,False,False,True,True,False,False,False,False,True,False,True,False,False,True,True,False,False,True,False,False,True,True,False,False,True,False,False,True,False,False,False,False,True,True,False,True,False,False,False,True,False,True,False,False,False,True,False,False,False,False,False,False,False,False,True,True,False,False,False,True,False,False,False,True,False,False,True,False,False,True,False,False,True,False,True,False,False,True,False,False,False,False,False,False,True,False,False,True,False,True,False,False,True,False,False,False,False,False,False,False,False,False,True,True,False,True,False,False,False,True,True,True,False,True,True,True,True,True,True,True,False,True,True,True,False,True,True,False,False,False,False,True,True,True,True,False,False,True,False,True,True,True,True,True,False,True,True,False,True,True,True,False,False,True,False,True,True,True,True,True,True,True,True,False,False,False,True,True,False,True,True,False,False,True,True,False,True,False,True,False,False,True,True,False,False,True,True,True,True,True,True,False,False,True,True,False,True,False,True,False,True,True,False,False,True,True,False,False,False,True,True,True,True,False,True,True,False,True,True,False,False,True,False,True,False,False,False,False,True,True,True,True,False,True,False,True,False,True,True,False,True,True,False,True,False,False,True,True,False,True,True,True,False,False,True,True,True,True,True,False,True,True,True,True,True,False,True,True,True,True,True,True,False,True,True,False,True,True,True,True,True,True,True,True,True,False,False,True,True,False,True,True,False,True,False,False,False,False,False,False,True,True,True,True,True,False,True
078.Gray_Kingbird,False,False,False,False,True,True,False,True,False,False,False,False,False,False,False,True,False,True,False,False,True,True,False,False,False,False,False,False,False,False,True,False,True,False,False,True,True,False,True,True,False,False,False,False,False,False,False,False,False,False,False,True,False,False,False,False,True,True,False,False,False,False,False,False,True,True,False,False,False,False,False,False,False,False,True,False,True,False,False,False,True,False,False,False,False,True,False,False,False,False,False,True,True,True,False,False,False,False,True,True,False,True,False,True,False,False,False,False,False,False,True,False,True,True,True,True,True,True,False,False,True,False,False,True,False,True,True,False,False,True,True,True,True,True,False,True,True,True,True,True,False,True,False,True,False,True,True,True,True,True,True,True,True,True,False,True,True,True,True,True,True,True,False,False,True,True,False,True,True,False,True,True,True,True,True,True,True,True,False,True,True,True,True,True,False,False,True,True,True,False,True,True,True,False,False,False,True,False,True,False,False,False,True,True,False,True,False,True,True,False,False,True,True,True,True,True,True,True,False,True,False,True,True,True,True,True,True,True,False,True,True,True,True,False,True,True,True,True,True,True,True,True,False,False,True,True,False,False,True,True,True,True,True,False,True,False,True,False,True,True,False,True,True,True,True,False,True,False,True,True,True,True,True,True,True,False,True,True,True,True,False,True,True,True,True,True,False,True,True,True,False,True,False,True,True,False,True,False,True,True,True,False,True,False,False,True,True,True,True,False,False,False
079.Belted_Kingfisher,False,False,False,True,True,True,False,False,False,True,False,True,False,False,False,False,True,True,True,True,False,False,False,True,True,False,False,True,False,False,True,False,False,True,False,False,False,False,False,False,True,False,True,False,False,False,False,False,True,True,False,False,False,True,True,True,False,True,False,False,False,True,False,True,False,False,True,True,True,True,False,False,False,True,False,False,False,False,True,True,False,True,False,False,False,False,True,True,False,True,False,False,True,True,True,False,False,True,True,False,False,False,False,False,True,False,True,True,False,False,False,False,True,True,True,True,True,False,True,False,True,False,True,True,True,False,False,True,False,True,True,True,True,False,True,True,True,True,True,False,False,True,False,False,True,True,False,True,True,True,True,False,True,True,True,True,False,True,False,True,True,True,True,False,False,True,True,False,False,True,True,False,True,True,True,True,True,True,False,False,True,False,True,True,True,True,False,True,True,True,False,True,False,True,True,True,True,False,True,True,False,True,True,False,False,True,False,False,False,True,True,False,True,True,True,True,False,True,True,True,False,False,False,True,True,True,True,True,True,True,True,True,True,False,True,True,True,False,True,True,False,False,True,True,True,False,True,True,True,True,True,False,True,True,True,True,True,True,True,True,True,False,True,True,True,True,True,False,True,True,False,True,True,True,True,False,True,False,True,True,False,True,False,True,True,True,False,False,True,False,False,True,True,False,True,True,False,False,False,True,False,True,True,True,True,True,True,True,True,True,True,True
080.Green_Kingfisher,False,False,False,True,False,False,False,False,False,False,False,False,True,True,False,False,True,False,False,False,False,False,False,False,True,False,True,False,False,False,True,True,False,True,False,False,False,True,True,False,True,False,False,True,False,False,True,True,True,False,True,True,False,False,False,False,False,True,False,False,True,False,False,True,False,False,False,True,True,False,False,False,False,False,False,False,True,False,False,True,False,True,False,False,False,True,True,False,True,False,True,True,True,True,True,False,False,False,True,True,False,False,True,True,False,True,True,True,False,True,True,False,False,True,False,True,True,True,True,True,True,True,True,True,True,True,True,True,True,False,True,False,False,True,True,True,True,True,True,False,False,True,True,True,False,True,True,False,True,True,True,False,True,False,True,True,True,True,False,True,True,True,True,True,False,True,False,False,False,False,True,True,True,True,False,True,False,True,True,True,False,False,True,True,True,True,True,True,True,True,True,False,True,False,False,True,True,False,True,False,True,True,True,True,True,True,True,True,True,True,True,True,True,True,True,True,True,True,False,False,True,True,True,False,False,True,True,True,True,True,True,True,True,False,True,True,True,True,False,False,True,False,True,False,True,True,True,False,True,True,True,True,True,True,False,True,True,False,True,True,True,False,True,True,False,False,True,True,True,True,False,False,True,True,False,True,False,False,True,True,True,True,True,True,False,True,False,True,True,True,True,True,True,True,False,False,True,True,False,True,False,False,True,True,False,True,True,True,True,True,True,True
081.Pied_Kingfisher,True,False,False,False,True,False,True,False,False,True,False,False,True,False,True,False,False,True,True,False,False,True,False,False,False,False,False,False,False,False,True,True,False,True,True,False,False,True,True,False,False,True,True,False,True,False,False,True,False,False,False,True,False,False,False,True,True,False,False,True,False,True,False,False,False,False,True,False,False,False,True,False,False,False,False,False,True,True,False,False,True,False,True,False,False,True,False,True,True,True,False,True,True,True,False,True,False,True,True,True,False,False,False,False,True,True,False,False,False,True,False,False,True,False,True,True,False,False,True,True,True,True,False,True,True,True,True,False,True,True,True,True,False,True,True,True,True,True,True,False,False,True,True,True,True,True,True,True,True,True,False,True,True,True,True,False,True,True,True,False,True,True,True,True,False,False,True,True,False,False,False,True,True,True,True,True,False,True,True,True,True,False,False,False,True,False,True,True,True,True,False,True,False,False,False,True,True,True,True,True,False,True,False,True,False,True,True,True,True,False,False,False,True,True,True,False,True,False,True,True,True,True,False,False,True,False,True,False,False,False,True,True,True,True,True,False,True,False,False,False,False,True,False,False,False,False,True,False,False,False,False,True,True,True,False,False,True,False,False,False,True,True,True,True,True,False,False,True,True,True,False,True,True,False,True,True,True,True,True,True,True,False,True,True,False,True,True,True,True,False,True,True,False,False,True,True,True,True,False,True,True,True,True,False,True,False,True,False,False,True,True,True
082.Ringed_Kingfisher,False,False,False,True,False,False,True,False,False,False,False,False,False,True,False,False,True,False,False,True,False,True,True,False,False,False,False,False,False,True,False,True,False,False,False,False,False,False,True,False,False,False,False,False,True,False,True,False,False,False,False,False,False,False,True,True,False,True,True,False,True,False,False,False,False,False,True,False,True,False,False,False,True,False,False,False,False,False,False,True,False,False,True,False,True,False,False,False,False,False,False,False,False,True,True,False,False,False,False,False,True,False,True,False,False,False,True,False,True,True,False,True,True,False,True,True,False,True,False,False,True,False,True,True,True,True,False,True,True,False,True,True,True,False,True,True,False,False,False,True,True,True,False,False,True,False,True,False,True,True,True,True,False,True,True,True,False,False,True,True,False,True,True,True,True,True,False,True,True,False,True,True,False,False,True,False,True,True,True,True,True,False,True,True,False,False,True,True,True,True,True,True,False,True,False,True,False,True,True,True,True,True,False,False,False,False,True,True,True,True,False,True,False,True,True,True,True,True,False,True,True,True,False,True,True,False,True,False,False,True,True,False,True,True,True,True,True,True,True,False,False,True,True,True,False,True,True,True,True,False,False,False,False,True,True,True,True,True,False,True,True,True,False,True,False,True,True,False,False,False,False,True,True,False,True,True,False,False,True,False,True,True,True,True,True,False,True,False,True,True,False,True,True,True,False,True,True,False,True,True,True,False,False,True,False,True,True,True,False,False,False,True
083.White_breasted_Kingfisher,True,False,False,False,False,True,True,False,False,False,False,False,False,False,False,True,False,True,False,True,False,False,False,False,False,False,False,False,False,True,True,False,False,True,False,True,False,False,True,False,True,True,False,False,True,False,False,True,True,True,True,False,True,False,False,True,False,False,True,False,False,True,True,False,False,False,False,False,False,False,True,False,False,False,True,True,True,False,False,True,True,False,False,True,False,False,False,True,False,False,False,False,False,False,False,True,True,False,False,False,True,False,True,False,False,False,False,False,False,True,False,False,False,True,True,False,True,True,False,True,True,False,True,True,True,True,True,True,False,True,True,False,True,True,True,True,True,True,True,False,True,True,True,True,True,True,True,True,True,False,True,True,True,False,False,True,True,False,True,True,True,True,True,True,True,True,True,False,True,False,False,True,True,True,True,True,True,True,True,True,True,False,True,True,False,True,True,True,True,True,True,False,True,False,False,True,False,False,False,False,True,True,False,True,True,True,True,True,True,True,True,True,False,True,False,True,True,True,False,True,True,True,False,False,False,False,False,True,True,True,True,False,True,True,False,False,False,True,True,False,True,True,True,True,False,False,True,True,True,True,True,False,True,True,False,False,False,True,True,False,True,True,True,True,True,True,True,False,False,False,True,False,True,True,True,True,False,False,False,True,True,False,True,False,False,True,True,True,True,True,True,True,True,False,True,True,True,True,False,True,True,False,True,True,True,True,True,True,True,True,True,True
084.Red_legged_Kittiwake,True,False,True,False,True,False,False,False,True,False,False,False,True,False,False,True,True,False,False,False,False,False,False,False,False,True,False,False,True,False,False,False,True,False,False,False,False,False,False,False,False,False,True,False,True,True,True,False,False,False,False,False,False,False,True,False,False,False,False,False,False,True,False,False,True,False,True,False,False,False,False,True,False,False,False,False,False,False,False,False,True,False,True,True,False,False,False,False,False,False,False,False,False,False,False,True,False,False,False,False,False,False,True,False,False,False,False,False,False,False,False,False,True,True,True,True,True,True,False,False,False,True,True,True,True,True,True,True,True,True,True,True,True,True,True,False,False,True,False,True,True,False,False,True,True,True,True,True,True,False,True,False,True,True,True,False,True,True,False,True,True,True,True,True,True,True,True,True,True,False,False,True,True,True,True,True,False,True,True,True,True,True,False,False,True,True,True,True,True,False,True,False,True,False,False,False,True,True,True,False,True,True,True,True,False,True,False,False,True,True,False,False,False,True,True,True,True,True,True,True,False,True,True,True,True,True,True,True,True,True,True,True,False,False,True,True,True,True,True,True,False,True,True,False,False,True,True,False,False,False,True,True,True,True,True,True,True,False,False,True,True,True,True,False,True,True,False,True,True,True,True,False,True,True,True,True,True,True,False,True,False,True,True,False,False,True,True,True,True,True,False,True,False,True,True,False,True,True,False,True,True,False,True,False,False,True,True,False,False,True,False,True
085.Horned_Lark,False,False,False,False,False,False,False,False,False,False,False,True,False,False,False,True,False,False,False,False,True,True,False,False,False,True,False,False,True,True,False,False,False,True,False,False,False,True,False,False,False,True,False,False,False,False,False,False,True,True,True,False,False,False,False,False,False,False,False,False,True,False,False,False,True,True,False,False,False,False,False,False,False,False,False,True,False,True,False,False,True,False,False,False,False,False,False,True,False,True,False,False,False,True,False,False,True,False,False,False,False,False,False,False,True,True,False,False,False,True,True,True,True,True,False,False,False,False,False,True,True,True,True,True,False,True,False,False,True,True,False,True,True,False,False,True,True,False,True,True,True,True,False,True,False,False,True,False,True,False,True,False,False,False,True,False,True,True,True,True,True,True,False,True,False,True,True,True,False,True,False,True,True,True,True,True,True,True,False,True,True,True,True,True,True,False,False,False,True,False,True,False,True,True,False,False,False,True,False,False,True,True,True,True,False,False,True,False,True,True,True,True,True,True,True,True,False,True,True,True,True,True,True,True,False,True,True,True,True,True,True,True,True,True,True,True,True,False,True,True,False,False,True,True,False,True,True,True,True,False,True,False,True,True,True,False,True,True,True,True,True,False,True,True,False,True,True,True,True,True,True,True,True,True,True,True,False,True,True,True,False,True,True,True,True,True,True,True,True,False,True,True,True,False,True,True,False,True,True,True,True,True,True,True,True,False,True,True,True,True,True,True
086.Pacific_Loon,True,False,True,False,False,False,False,False,False,False,False,False,False,False,False,True,True,False,False,False,True,False,False,False,False,True,False,False,False,False,False,False,True,False,False,False,False,False,False,False,False,False,False,False,False,False,True,True,False,False,False,False,False,False,False,True,False,False,False,True,False,False,False,False,False,True,False,True,False,False,True,False,False,True,False,False,False,False,False,False,False,False,False,False,True,False,False,False,False,False,False,False,False,False,True,True,True,False,True,False,False,False,False,True,False,True,False,False,False,False,False,True,False,False,True,True,True,True,False,True,True,False,False,True,False,True,True,True,True,True,False,False,True,True,True,True,True,True,False,True,True,True,True,True,False,False,True,True,True,True,False,True,False,False,True,True,True,True,True,False,True,True,True,True,False,True,True,True,True,False,True,False,True,True,True,True,False,True,False,False,True,True,False,False,False,False,True,False,False,True,True,False,False,True,False,True,False,False,False,True,False,True,True,False,True,True,False,True,True,True,True,False,True,True,True,True,True,True,True,True,True,False,False,False,True,True,True,True,False,True,False,True,True,False,True,True,False,True,True,False,True,True,False,True,False,True,True,True,True,True,True,True,True,True,True,False,False,True,True,True,True,True,True,True,True,False,True,True,True,True,True,True,True,False,False,True,True,True,True,True,True,True,True,False,True,True,True,True,True,False,True,False,True,True,False,True,True,True,True,True,False,False,False,True,True,False,False,True,False,False,False,False
087.Mallard,True,False,False,True,False,True,False,False,False,False,False,False,False,True,True,False,False,False,False,False,False,False,False,False,False,True,False,True,False,False,True,True,False,False,False,False,False,False,False,False,False,False,True,False,False,False,False,False,False,False,False,False,True,False,False,True,False,False,False,True,False,False,True,False,True,True,False,True,True,True,True,False,True,False,False,False,False,False,True,True,False,False,False,False,False,True,False,False,True,True,True,False,True,True,True,True,False,True,True,True,False,True,False,False,False,True,False,False,False,False,False,True,True,True,True,True,True,False,True,False,True,False,False,True,True,True,False,False,True,True,True,True,False,True,True,True,True,True,True,True,True,False,False,True,True,False,True,True,True,True,True,False,True,True,True,True,False,True,False,False,False,False,True,True,True,True,False,False,True,False,True,True,True,True,True,False,True,True,True,False,True,True,True,False,True,True,True,True,True,False,True,False,False,True,True,False,True,True,False,True,True,True,True,True,True,False,True,True,True,True,True,True,False,True,True,False,True,True,False,True,True,True,True,True,False,True,True,False,False,False,True,False,False,True,True,False,True,False,False,False,True,False,True,True,False,True,False,True,True,True,True,False,True,True,True,False,True,True,False,True,True,True,False,True,False,True,True,False,True,True,True,True,True,True,True,True,True,False,False,True,False,False,True,True,True,True,False,True,False,True,True,False,True,True,False,False,True,True,True,True,False,True,True,True,False,True,True,True,True,True,True,False
088.Western_Meadowlark,True,False,False,False,False,False,False,False,False,False,True,False,False,True,False,True,False,False,False,False,False,True,True,False,True,True,False,False,False,True,True,True,True,True,True,False,False,True,False,True,False,False,False,False,False,False,False,False,True,True,True,False,False,True,False,True,False,False,True,False,True,False,False,False,False,False,True,False,False,False,False,False,True,True,False,False,False,False,False,False,False,False,False,True,False,False,False,False,False,False,True,True,False,True,False,False,False,False,False,False,False,True,False,False,False,False,True,False,False,False,False,False,False,False,True,True,True,False,False,True,True,True,True,False,True,True,True,False,True,True,False,True,True,True,True,False,False,True,True,True,False,False,True,False,True,True,True,True,True,True,False,False,True,True,True,True,False,True,True,True,True,True,True,True,True,False,False,True,True,True,True,True,False,True,True,False,False,True,True,True,True,True,False,True,False,True,False,True,True,False,True,True,False,True,True,True,True,False,False,False,True,True,False,False,False,True,False,False,True,True,False,True,True,True,True,False,False,True,True,True,True,True,False,True,True,True,False,False,True,True,True,True,True,True,False,False,True,True,True,False,True,False,False,False,True,False,False,True,True,True,True,False,True,True,True,True,False,True,True,True,True,True,False,True,False,False,True,True,True,True,True,True,True,True,True,True,False,False,False,True,True,True,True,False,True,True,True,False,False,False,True,True,True,True,True,True,False,True,True,True,True,True,False,False,True,True,False,True,False,True,True,True
089.Hooded_Merganser,True,True,True,False,False,False,False,False,True,False,False,False,False,True,True,False,True,True,False,False,False,False,True,True,False,True,False,False,False,False,False,False,False,False,False,False,False,False,False,False,False,True,True,False,True,True,False,True,True,False,True,False,False,False,False,False,False,True,True,True,False,False,False,False,False,True,False,False,False,False,True,False,False,False,True,False,False,False,False,False,True,False,False,False,False,False,True,True,False,False,True,False,True,False,False,True,False,True,False,False,True,False,True,False,False,False,False,False,False,False,False,False,False,True,True,True,True,False,False,True,True,True,True,False,True,True,False,False,False,True,False,True,True,True,False,True,False,True,True,False,True,True,False,True,False,True,False,True,False,True,True,True,True,True,True,True,True,True,True,True,True,True,True,True,True,True,False,False,True,False,True,True,True,True,True,True,True,True,True,True,True,False,True,False,True,False,True,True,True,False,True,False,True,True,False,True,False,True,True,True,False,True,False,True,True,True,True,True,True,True,True,True,True,True,True,True,False,True,False,True,True,True,False,True,True,True,False,True,True,True,False,True,True,True,True,True,True,True,False,True,True,False,True,False,False,True,True,True,False,True,True,True,False,False,False,False,True,True,True,True,False,False,True,True,False,False,True,False,False,True,False,True,True,True,False,True,False,True,False,True,True,True,True,False,False,False,False,True,False,True,True,True,False,True,True,False,False,True,True,True,True,True,True,True,False,True,False,True,False,False,True,False
090.Red_breasted_Merganser,True,False,False,False,True,False,False,True,True,False,True,True,False,False,False,True,False,False,False,False,True,False,True,False,True,True,True,True,False,False,False,False,False,True,False,False,False,False,False,False,False,False,False,True,False,False,False,True,True,True,False,False,True,False,False,False,True,False,False,False,False,False,False,True,False,False,False,False,False,True,False,False,False,False,False,False,True,True,True,False,True,True,False,False,False,False,False,False,True,True,False,False,False,False,False,True,False,True,True,False,False,True,False,False,False,False,False,True,True,False,False,False,True,False,False,True,True,True,True,True,False,True,True,False,True,True,False,True,True,True,False,False,True,True,True,True,True,True,True,False,False,True,True,True,True,False,True,False,True,False,True,False,True,False,True,False,False,True,False,False,False,False,False,True,False,False,True,True,True,True,True,True,False,True,True,True,True,True,True,True,True,True,True,True,True,False,False,True,True,False,False,False,True,False,False,True,True,False,True,False,True,False,True,True,True,True,True,False,True,False,True,False,False,True,True,True,True,True,False,True,True,True,True,True,True,True,True,False,False,True,True,True,True,True,True,True,True,True,True,True,True,False,True,True,False,True,True,True,False,True,True,True,True,True,False,True,True,True,True,True,False,True,True,True,True,True,False,False,False,False,True,True,False,False,True,True,True,True,True,True,True,False,True,True,False,True,False,False,True,True,True,True,True,False,True,True,True,False,True,True,False,True,False,True,False,True,True,False,True,True,True,True
091.Mockingbird,True,True,False,False,False,True,False,False,False,True,False,True,False,False,False,False,False,False,False,False,False,False,False,False,False,False,True,True,False,False,False,True,False,True,False,False,False,False,True,True,False,True,False,False,True,False,True,False,True,False,False,False,True,False,False,True,False,False,False,False,False,False,False,True,False,False,False,False,True,False,False,True,False,False,False,True,True,False,False,True,True,False,False,False,True,True,True,False,False,True,False,True,False,False,False,False,True,False,False,False,False,False,False,False,False,False,True,False,False,False,False,True,True,True,False,True,True,True,True,True,True,False,True,True,True,False,False,False,True,False,True,True,True,True,True,True,True,False,True,True,False,False,True,True,True,True,True,True,True,False,True,True,True,False,True,False,False,True,True,False,True,True,True,False,False,False,True,False,True,True,True,False,True,True,True,True,False,True,True,True,True,False,False,False,True,True,False,False,True,False,True,False,True,False,True,True,False,False,True,True,True,False,False,False,True,False,True,True,False,True,False,True,True,True,True,True,False,True,False,True,False,True,True,True,True,True,True,True,True,True,True,True,True,False,True,True,True,True,False,True,True,True,True,True,True,True,False,False,True,True,False,True,False,True,True,True,True,True,True,True,True,True,True,False,False,True,True,True,True,True,True,True,True,True,False,False,True,True,True,False,True,True,True,False,True,True,True,False,True,True,True,False,True,True,True,False,True,True,False,True,True,False,False,True,False,True,True,True,True,True,True,True
092.Nighthawk,False,False,False,False,True,True,False,True,False,True,True,False,False,False,True,True,False,False,False,False,False,False,False,True,False,False,False,False,True,True,False,False,True,False,False,False,False,False,False,False,False,True,False,True,False,True,False,False,False,False,False,False,False,True,True,False,False,True,False,False,False,True,False,False,False,False,True,False,False,True,True,True,False,False,False,False,False,True,True,False,False,False,False,False,False,True,True,True,False,True,False,False,False,True,False,True,False,False,False,True,False,False,True,False,False,False,True,False,True,False,False,True,True,True,False,True,False,False,False,False,True,True,True,True,True,True,True,True,True,True,True,False,True,True,True,False,True,True,True,True,True,False,False,True,True,False,True,True,False,False,True,True,True,True,True,True,True,True,True,True,False,False,False,True,True,True,True,False,False,True,False,True,True,True,False,False,True,False,True,True,True,True,False,False,True,True,True,False,False,True,False,True,False,True,False,False,False,False,True,True,False,False,True,False,True,False,True,False,True,False,True,True,True,False,False,True,False,True,True,True,True,False,True,False,True,False,True,True,True,False,True,True,True,False,False,True,True,True,True,True,False,False,True,False,False,False,True,True,True,True,False,True,True,False,True,True,True,False,True,False,True,True,False,True,True,True,True,False,True,True,True,True,True,True,False,True,True,True,True,True,False,True,True,False,True,True,True,True,True,False,False,False,True,False,True,True,True,False,False,True,True,True,False,True,True,True,False,True,True,True,True,True
093.Clark_Nutcracker,False,False,True,True,False,False,True,False,False,True,False,False,True,True,False,True,False,False,False,False,False,False,True,True,False,True,False,True,True,False,False,True,False,False,True,True,True,False,True,False,False,False,False,False,True,False,False,False,True,False,True,False,False,False,True,False,False,True,False,True,True,False,False,False,False,False,False,False,False,False,False,False,False,True,False,False,True,True,False,True,False,False,False,False,False,True,True,True,False,True,True,False,False,False,False,False,False,False,False,True,False,True,False,True,False,True,True,False,True,False,False,False,True,False,True,False,True,True,True,False,True,False,True,False,False,True,True,True,True,False,True,True,False,True,True,False,False,False,True,True,True,False,True,True,True,True,True,True,True,True,True,False,False,True,True,False,True,False,True,False,True,True,False,True,True,False,True,True,False,True,False,True,True,True,False,True,True,True,True,True,False,True,True,True,True,True,False,True,True,False,False,False,False,True,False,True,True,False,True,True,True,True,False,False,False,True,True,True,True,False,True,True,False,True,True,True,True,False,False,False,True,False,False,False,True,True,True,True,True,True,True,True,True,False,False,True,True,False,True,True,False,True,True,False,True,False,True,False,True,True,False,True,False,False,True,False,True,True,False,True,True,True,True,False,False,True,False,False,True,True,True,True,True,False,True,False,True,True,False,True,False,False,True,True,False,True,False,True,True,False,True,False,True,True,True,False,False,False,True,False,False,False,False,True,True,True,True,False,True,True,True,False
094.White_breasted_Nuthatch,True,True,False,False,False,True,True,False,True,False,False,False,False,False,False,True,True,False,False,False,False,True,False,False,False,False,False,False,False,True,False,True,False,False,False,False,False,False,True,True,False,True,False,False,True,False,False,False,False,False,False,False,False,True,True,False,False,True,False,False,False,False,False,False,True,False,False,True,True,False,False,False,False,False,True,True,False,False,True,True,False,False,False,True,False,True,False,False,False,False,False,False,False,False,False,True,True,True,False,False,False,False,False,False,False,True,False,True,False,False,False,False,True,True,True,True,False,True,False,True,True,True,True,True,True,False,True,False,False,True,True,True,True,True,True,True,True,False,True,True,True,False,True,True,True,True,True,True,False,True,True,True,False,False,True,True,True,False,False,True,True,True,True,True,True,True,True,True,False,False,True,True,True,False,True,True,True,False,False,True,True,False,True,True,False,False,True,True,True,False,True,False,False,True,True,True,True,False,False,False,True,True,True,False,True,False,False,True,True,False,True,True,False,True,False,True,True,True,True,True,True,True,True,True,True,False,True,True,False,True,False,True,False,True,True,True,True,True,False,False,True,True,True,True,False,True,False,True,True,True,True,True,True,True,True,True,True,True,False,True,True,False,False,False,True,False,True,False,True,True,True,True,True,True,False,True,False,True,True,False,True,False,True,True,True,False,True,True,True,True,True,True,False,True,False,True,True,True,True,True,True,False,True,True,True,True,False,True,True,True,True,True
095.Baltimore_Oriole,False,True,False,False,False,False,False,True,False,True,True,True,True,False,False,False,False,True,False,False,False,False,False,False,False,False,True,False,True,False,True,False,False,True,True,False,False,False,False,True,True,False,False,True,False,True,False,False,False,False,True,False,False,True,False,False,False,True,False,False,False,False,True,False,True,False,False,False,True,False,False,False,False,True,True,True,True,True,True,False,False,True,False,False,False,False,False,False,False,False,True,False,False,False,True,True,False,False,False,False,False,True,True,False,False,False,False,False,False,False,False,True,True,True,False,True,True,True,False,False,True,True,True,True,True,True,False,False,True,False,False,False,False,True,True,True,True,False,True,True,True,True,False,True,True,True,False,False,False,True,False,True,True,False,True,True,True,True,True,True,True,True,False,True,True,True,True,False,False,True,True,True,False,True,True,True,True,False,False,True,True,True,True,False,True,True,True,True,True,True,True,True,True,True,False,False,True,True,True,True,True,False,True,True,True,False,False,False,False,False,True,True,True,True,True,False,True,False,True,True,True,False,False,True,False,True,False,False,True,True,False,False,True,False,True,True,True,True,True,False,False,False,True,False,True,True,True,True,True,True,True,True,True,True,True,True,True,True,False,True,True,True,True,True,True,True,True,False,True,False,True,True,True,True,True,False,False,False,True,True,True,True,True,False,True,False,False,True,True,True,True,False,True,True,True,True,True,True,True,True,True,True,False,True,True,True,True,False,True,False,True,False
096.Hooded_Oriole,False,True,True,False,False,False,True,False,False,False,False,False,True,False,True,False,False,False,False,False,True,False,True,False,False,False,False,False,False,False,False,False,False,False,False,False,True,False,True,False,True,False,False,False,False,False,True,False,False,False,False,False,True,True,False,True,True,False,False,True,True,True,False,False,False,False,True,False,True,False,False,False,True,False,False,True,True,True,False,False,False,False,True,False,False,False,True,False,False,False,True,False,False,False,True,False,False,False,True,True,False,True,False,False,True,False,True,False,True,False,False,False,False,True,True,True,True,False,True,True,True,False,False,True,True,True,True,False,False,True,True,False,True,False,True,True,False,True,True,False,False,True,True,True,False,True,True,True,True,True,True,True,False,True,False,True,True,True,True,False,True,False,False,True,True,True,True,True,True,True,True,False,True,True,True,False,False,True,True,True,True,True,True,True,False,True,False,True,True,True,True,True,False,False,False,True,True,False,False,False,True,False,False,False,True,True,False,False,True,True,True,True,True,False,True,True,True,True,False,False,False,True,True,True,True,False,False,False,True,True,False,False,True,True,True,True,True,True,True,True,True,True,True,False,False,True,True,True,False,False,False,True,True,True,True,True,False,True,True,True,False,True,False,True,True,False,True,False,False,True,True,False,True,False,True,True,True,True,True,True,True,True,False,False,True,True,True,True,True,False,False,False,False,False,True,True,True,False,True,False,True,True,True,True,True,True,True,True,True,True,False,False
097.Orchard_Oriole,True,False,False,True,False,False,False,False,False,True,False,False,False,False,True,False,False,True,False,False,False,False,True,True,True,False,True,False,False,False,True,False,False,True,True,False,True,False,False,False,False,False,False,True,True,True,False,True,False,False,False,False,False,False,False,False,False,True,False,True,False,True,False,True,False,False,False,False,False,False,False,False,True,False,False,True,False,False,False,False,False,False,False,False,False,True,True,False,True,True,False,False,False,False,False,True,True,False,True,True,False,False,False,False,False,False,False,True,True,False,False,False,True,False,True,True,False,True,False,True,True,True,True,True,True,True,True,True,True,False,True,False,True,True,True,False,True,True,False,True,False,True,True,True,True,True,True,True,True,False,True,True,True,True,True,False,True,True,True,False,False,True,True,True,False,False,True,True,False,True,True,True,False,True,True,True,True,True,False,True,True,True,False,True,True,True,True,True,True,True,True,True,True,True,True,True,True,False,False,True,True,True,True,False,True,False,False,False,False,True,True,True,True,True,True,True,False,False,True,True,False,True,False,True,False,True,True,True,True,False,True,True,True,False,False,True,True,True,False,True,True,True,True,True,False,True,False,True,True,True,True,True,True,True,True,False,True,True,True,False,False,True,True,True,True,False,False,True,True,False,True,True,True,False,True,False,True,True,True,True,False,True,True,False,True,False,True,False,False,True,True,True,False,False,False,True,True,True,True,True,True,True,True,True,False,True,True,True,True,True,True,True
098.Scott_Oriole,True,False,False,False,True,False,False,True,False,False,True,False,False,False,False,False,False,False,False,False,False,False,False,False,False,True,False,False,False,False,False,False,True,False,True,True,False,True,False,False,False,True,True,False,False,True,False,False,False,False,False,False,True,False,False,False,False,False,False,False,False,True,False,False,True,True,False,True,False,False,False,False,True,False,True,False,False,False,False,False,False,False,True,False,False,False,False,True,True,False,True,False,True,False,True,True,False,True,False,False,True,False,False,False,False,True,False,False,False,True,False,True,True,True,True,True,True,True,False,True,False,True,False,True,True,True,True,False,True,True,True,True,True,True,True,True,True,True,False,False,True,True,True,True,True,True,True,True,True,False,True,True,True,False,False,True,True,False,True,False,True,False,False,False,True,True,True,True,True,True,False,True,True,True,False,True,True,True,True,False,False,True,False,True,True,True,True,False,True,True,True,True,True,True,True,True,False,True,False,True,True,True,True,True,True,True,False,True,True,False,True,True,True,True,False,True,True,True,True,True,True,True,True,False,True,True,True,True,True,True,True,True,True,True,True,False,True,True,False,True,True,True,False,False,False,False,False,True,False,True,True,True,False,False,True,False,True,True,False,False,True,True,True,False,True,True,True,False,True,True,True,True,False,True,True,True,True,True,True,False,True,True,True,True,True,True,True,True,True,False,False,True,False,True,False,True,False,True,True,True,True,True,True,True,False,True,True,True,True,True,True,False
099.Ovenbird,False,True,False,False,False,True,False,False,False,False,False,False,False,False,False,True,False,True,False,False,True,False,False,False,False,False,False,True,False,False,True,False,True,False,True,False,True,False,False,True,False,True,True,True,False,False,False,True,False,False,False,False,False,False,True,False,False,False,False,False,False,True,False,False,False,False,True,True,False,False,False,False,False,False,False,False,True,True,False,True,True,False,False,True,True,False,False,False,False,True,True,False,True,False,False,True,False,False,False,False,False,False,True,False,False,True,False,True,False,False,True,False,True,False,True,False,True,False,False,False,True,False,True,True,False,False,False,True,True,False,True,False,False,True,True,False,False,True,False,True,True,False,False,True,True,True,True,True,True,True,False,True,True,False,False,True,True,True,True,True,False,True,False,False,True,False,False,True,True,False,True,True,False,True,False,True,True,True,True,True,False,False,False,False,True,True,True,True,True,True,True,True,True,False,False,True,True,True,False,True,True,True,False,False,True,False,False,False,True,True,False,True,True,True,True,True,True,True,True,True,True,False,True,True,True,True,True,False,False,True,True,True,True,True,True,True,True,True,True,True,True,True,False,False,True,True,True,True,True,True,True,True,True,False,True,True,False,True,False,False,False,True,True,False,True,True,True,True,True,False,False,True,True,True,True,True,False,False,True,True,True,True,True,True,True,False,True,True,True,True,True,False,False,True,False,True,True,True,True,False,True,False,True,False,False,True,True,True,True,True,False,True
100.Brown_Pelican,True,False,False,False,True,True,False,True,True,True,False,False,False,False,True,False,False,True,False,False,True,False,True,False,True,True,False,False,False,False,True,False,True,False,True,False,True,False,False,True,False,True,True,False,False,True,True,False,True,True,False,False,False,False,False,False,False,True,True,True,False,False,False,False,True,False,True,True,True,False,False,False,False,False,False,False,False,False,True,True,False,False,False,False,True,False,False,True,False,False,False,False,False,True,False,False,True,False,False,False,True,True,True,False,False,False,False,False,False,False,False,True,True,True,True,False,False,True,False,True,True,True,True,True,False,True,False,True,False,True,True,True,True,False,False,True,True,False,True,False,True,False,False,False,True,False,False,True,True,False,False,True,True,True,True,True,True,True,False,True,True,True,True,True,True,True,False,True,False,False,True,False,True,True,True,True,True,False,True,True,True,True,True,True,True,True,True,True,True,False,True,True,True,True,True,True,False,False,False,False,True,True,True,True,True,True,True,True,False,True,False,False,False,True,False,True,True,True,True,True,True,True,True,True,True,True,True,True,True,True,True,True,False,True,True,True,True,True,True,True,False,False,True,True,True,True,True,True,False,True,True,True,True,True,True,True,False,False,True,True,True,True,True,True,True,False,True,False,True,True,True,True,False,False,True,False,True,False,True,True,True,True,True,True,True,True,True,True,True,True,True,True,True,True,False,True,True,True,True,True,False,True,False,True,True,True,True,True,False,False,False,True
101.White_Pelican,False,False,True,False,True,False,False,False,False,False,True,True,False,False,True,False,True,True,True,False,True,False,False,True,True,False,True,True,False,True,False,False,True,False,False,False,False,False,False,True,False,False,True,False,False,False,False,False,True,False,False,True,False,False,True,False,False,False,True,False,True,False,True,False,True,True,False,False,False,True,True,True,True,False,True,True,False,False,False,False,True,False,False,True,False,False,False,False,False,True,True,True,False,False,False,False,False,False,False,False,True,False,True,False,False,False,False,False,True,False,False,False,True,True,False,True,True,True,True,True,True,False,True,True,True,True,True,False,True,True,True,False,True,False,False,False,True,False,True,True,True,True,True,True,False,False,False,True,True,True,True,False,True,True,False,False,False,True,False,False,True,False,True,False,True,True,True,False,True,True,True,True,False,True,True,True,True,True,False,False,False,True,True,False,False,True,True,True,True,True,False,True,True,False,True,True,True,True,False,True,False,False,True,False,True,False,False,True,True,True,False,True,False,True,True,True,False,False,True,True,False,False,True,True,True,False,True,True,True,False,False,True,False,True,False,True,True,True,False,False,True,True,True,True,True,True,True,True,True,True,False,True,False,True,True,True,True,True,True,True,True,False,False,False,True,True,False,False,False,False,True,False,True,False,False,True,True,True,True,False,False,False,False,True,True,True,True,True,True,True,True,False,False,True,True,False,True,True,True,False,False,True,False,False,True,True,True,False,True,True,False,True
102.Western_Wood_Pewee,True,False,False,False,False,True,True,False,True,False,False,True,False,False,True,False,False,False,False,False,True,True,True,False,False,False,False,False,False,False,False,True,False,False,False,False,False,False,True,False,False,True,False,False,True,True,False,False,False,True,False,False,False,False,False,False,False,False,False,True,False,False,False,False,False,False,False,False,False,False,False,False,True,False,False,False,False,False,True,False,False,False,False,False,False,False,False,False,True,False,True,False,False,False,False,False,False,False,False,False,False,False,True,False,False,False,True,False,False,False,False,False,True,True,True,True,False,True,True,True,True,True,True,True,True,True,False,True,True,False,True,False,True,False,True,False,True,True,True,False,True,False,True,False,True,True,False,True,True,False,False,True,False,True,True,False,True,True,True,False,False,True,True,True,True,True,False,False,False,False,True,True,False,True,False,False,True,True,True,False,False,True,True,True,True,True,True,True,True,False,True,True,False,False,True,True,True,True,True,True,True,True,True,True,True,True,True,True,True,False,True,False,False,True,True,True,False,False,True,True,True,True,True,True,False,True,True,True,True,True,True,False,False,True,True,True,True,False,True,True,True,True,True,True,False,False,True,True,True,True,True,True,False,True,True,True,True,True,False,True,True,True,False,True,True,False,False,True,True,False,True,True,False,True,True,True,False,True,False,False,False,True,True,True,True,True,True,True,True,True,False,True,True,False,True,True,True,False,True,True,True,True,True,True,False,True,True,True,False,True,False,False
103.Sayornis,True,False,True,False,False,False,True,False,False,False,False,False,False,True,True,False,True,True,False,False,False,False,False,False,True,True,False,True,False,False,False,True,False,True,False,False,False,False,False,False,False,True,False,True,True,True,True,False,True,False,True,False,False,False,False,False,True,False,False,False,False,True,True,False,False,False,False,False,False,True,False,False,True,True,True,False,False,True,False,False,True,False,True,False,False,True,False,True,False,False,False,False,True,False,False,False,False,False,False,False,False,False,False,True,False,False,True,False,True,False,False,False,True,False,True,False,False,False,True,True,True,True,True,False,True,True,True,True,False,True,True,True,False,True,True,False,True,True,True,True,True,False,True,True,True,True,True,True,False,True,True,True,True,True,True,False,True,True,True,True,True,False,True,True,False,True,True,True,True,True,False,False,False,True,True,True,True,True,False,True,True,True,False,True,True,False,True,False,True,True,True,False,True,False,True,True,True,True,True,False,True,False,False,True,True,True,False,True,False,True,False,True,True,True,False,True,False,True,False,True,True,True,True,False,True,False,True,True,True,True,True,False,True,True,False,False,False,True,False,False,True,True,False,True,True,True,True,False,True,True,True,True,True,True,False,True,False,True,True,True,True,True,True,True,False,True,True,True,True,False,True,True,False,True,False,True,True,True,True,True,False,False,False,False,True,True,True,True,True,True,True,True,True,True,True,False,True,True,True,True,True,False,True,True,True,True,True,True,True,False,True,True
104.American_Pipit,False,False,True,False,False,False,False,True,False,True,False,False,False,True,False,False,False,False,False,False,False,False,False,False,False,False,False,False,True,False,False,False,True,False,False,False,True,False,False,True,False,False,True,False,False,True,True,False,False,False,True,False,True,False,False,True,False,False,True,True,True,True,False,False,False,False,False,False,False,False,False,True,True,False,False,False,False,True,False,False,False,False,True,True,True,False,False,False,False,True,False,False,False,False,True,False,True,False,False,True,False,False,False,True,False,True,False,False,True,False,False,True,False,True,True,True,True,False,True,False,True,False,True,False,False,False,True,True,True,False,True,True,False,True,True,True,True,True,True,True,False,False,True,True,False,True,True,True,False,True,False,False,False,True,True,True,True,True,True,False,True,True,False,True,True,False,True,False,True,False,False,True,True,True,True,False,True,True,True,True,True,False,True,False,False,True,True,False,True,True,True,True,False,True,True,True,True,True,True,False,True,True,True,True,True,True,True,True,True,True,True,True,True,False,True,False,True,True,True,True,True,True,True,True,True,True,True,True,False,True,False,False,True,True,True,False,True,False,True,False,False,True,True,True,False,False,False,False,False,True,False,True,False,False,False,True,True,True,False,True,True,False,False,True,True,False,True,True,True,False,False,True,False,False,True,True,True,True,True,False,True,True,True,False,False,True,True,True,True,True,False,True,False,False,True,True,True,False,True,True,True,True,True,True,False,False,False,True,False,True,False,True
105.Whip_poor_Will,False,False,True,False,False,True,False,False,False,False,False,True,False,True,False,True,True,True,False,False,False,False,True,False,False,False,False,False,False,True,True,True,False,False,False,False,False,False,False,False,False,False,False,True,False,False,True,True,False,False,True,False,False,False,False,False,False,False,True,True,False,False,False,False,True,False,False,False,False,True,False,True,False,True,True,False,False,True,False,False,False,True,False,False,True,False,True,False,False,False,False,True,False,False,False,False,True,False,False,False,False,False,True,True,True,False,False,False,True,True,False,True,True,True,True,True,True,False,False,True,True,True,True,True,False,True,True,True,True,True,True,False,True,False,True,True,False,True,True,True,True,False,False,True,False,False,False,False,False,False,False,False,True,True,True,True,True,False,True,True,True,True,True,True,True,True,False,True,False,True,False,True,True,True,True,True,True,True,False,False,True,False,True,True,True,True,False,True,False,False,False,False,False,True,False,True,True,False,True,True,True,False,True,True,False,True,True,True,True,True,False,False,False,True,True,True,False,False,True,False,False,False,False,False,True,True,False,False,True,True,False,True,True,True,True,False,True,True,True,True,False,True,True,False,True,True,True,True,False,False,False,True,False,True,False,True,False,True,True,False,True,False,False,False,False,True,True,True,True,True,True,True,False,True,True,True,True,False,False,True,True,True,True,True,False,True,False,False,True,True,True,True,True,True,True,False,False,True,True,True,False,True,False,True,True,True,False,True,True,False,True,True
106.Horned_Puffin,False,True,False,True,False,True,True,True,True,False,True,False,True,False,False,False,True,False,True,False,False,True,True,False,False,False,True,False,False,False,False,False,False,True,False,False,False,False,True,True,False,True,False,False,False,True,False,False,False,False,False,False,False,True,True,False,True,False,True,False,True,True,False,True,False,False,False,False,False,False,True,False,True,True,False,False,True,False,False,False,False,False,False,True,True,True,False,False,False,True,False,True,False,False,True,True,False,False,False,True,False,False,False,False,True,False,False,True,False,False,False,False,True,False,True,True,True,True,False,False,False,False,True,True,False,True,True,False,True,False,True,True,True,True,True,True,True,False,True,True,False,False,True,True,True,False,True,True,False,True,True,True,False,True,True,True,True,True,False,True,True,True,True,False,True,True,True,True,True,True,True,False,True,True,True,True,False,True,True,False,True,True,False,True,False,False,False,False,True,False,False,False,True,True,False,True,True,True,True,False,True,True,True,True,True,True,True,False,True,True,True,True,False,True,True,False,False,False,True,False,True,True,True,True,True,True,True,True,True,True,False,True,False,False,False,True,True,False,True,True,True,False,True,True,True,True,True,False,True,True,True,True,True,False,False,True,True,False,False,False,True,True,False,True,False,True,True,True,True,True,True,True,True,True,True,False,False,False,True,True,True,False,True,True,True,True,True,False,True,False,True,True,False,True,True,True,False,False,True,True,False,False,True,True,True,True,True,False,False,False,True,False
107.Common_Raven,False,False,False,False,True,False,False,False,False,False,True,True,True,True,False,True,False,False,False,True,False,False,False,False,False,False,False,False,False,False,False,True,False,False,True,True,True,True,False,False,True,False,False,True,False,False,True,True,False,False,False,False,False,False,False,False,False,True,False,True,True,False,False,True,True,False,False,True,True,True,False,False,True,True,False,False,False,False,False,False,False,False,False,False,False,False,False,False,False,False,False,False,True,True,False,True,False,False,False,True,False,False,False,True,True,False,False,False,True,True,False,False,False,False,True,False,False,True,False,True,True,True,False,False,True,True,False,True,True,False,True,True,True,True,True,True,True,True,False,False,False,False,False,True,True,True,False,False,True,True,False,True,True,True,False,True,True,True,False,False,False,True,True,True,True,True,True,False,True,True,True,False,False,False,False,False,True,False,True,True,False,True,False,True,True,False,False,True,True,True,True,True,False,True,True,True,True,False,False,True,False,False,False,False,True,True,True,False,True,False,True,False,False,False,True,True,True,False,True,True,False,False,True,False,True,True,True,True,False,True,True,True,False,False,True,False,True,False,True,False,False,True,False,True,True,False,False,True,True,True,False,True,True,True,False,False,True,True,True,True,False,True,True,True,True,True,True,False,True,True,True,True,True,True,True,True,True,True,True,True,True,True,True,True,False,True,False,False,True,False,True,True,True,True,True,False,True,False,False,False,True,True,False,True,True,True,True,True,True,False,True,True
108.White_necked_Raven,False,True,False,False,True,True,False,False,False,True,False,False,False,True,False,False,False,False,False,False,False,False,True,True,True,False,True,True,False,False,False,False,False,True,False,False,False,False,True,False,False,False,False,False,False,False,False,False,True,False,False,False,False,False,False,False,False,False,False,False,False,False,True,False,True,False,False,False,True,False,False,False,False,False,True,False,True,False,False,True,False,False,False,False,True,False,False,False,False,True,False,True,False,False,False,True,False,False,True,False,False,False,False,False,True,False,True,False,True,False,False,False,True,False,True,True,True,False,True,False,True,True,True,False,True,False,True,True,True,True,True,False,True,True,True,True,True,True,True,False,True,False,True,True,False,False,True,True,True,True,False,False,True,False,True,True,True,True,False,False,True,False,True,True,False,True,False,False,True,True,True,False,True,True,True,False,False,True,True,False,True,True,True,True,True,False,True,True,False,True,True,True,True,False,False,True,True,False,True,False,True,True,False,False,False,True,True,True,True,True,True,True,True,True,True,False,True,False,True,False,True,True,True,True,True,True,True,True,False,False,False,True,True,True,True,False,True,False,True,False,True,True,True,True,True,False,False,True,True,False,True,True,True,True,True,True,False,True,True,False,False,True,False,True,False,True,False,False,False,True,True,True,True,False,True,True,False,True,True,False,True,True,True,False,True,True,False,True,False,False,True,True,True,True,False,False,True,True,True,True,True,False,True,True,True,True,True,True,True,True,True,True
109.American_Redstart,False,False,True,False,True,False,False,False,True,False,False,True,False,False,False,False,False,True,False,False,True,False,True,True,True,True,False,False,True,False,False,True,False,False,True,False,True,False,False,False,False,False,True,False,False,False,False,True,True,True,True,True,True,False,False,False,False,True,False,False,False,False,False,True,False,False,False,True,False,True,False,False,False,False,False,False,True,False,False,False,True,False,False,False,True,False,False,True,True,True,True,True,False,False,True,False,True,False,False,False,False,False,True,False,True,False,False,False,True,True,True,True,True,True,True,True,True,True,False,True,True,True,True,True,True,True,True,False,False,True,True,True,True,False,True,True,True,False,False,False,False,True,True,False,True,True,True,False,True,True,True,True,False,True,False,True,True,True,True,True,True,True,True,False,False,True,False,True,True,True,True,True,True,False,True,True,False,True,True,True,False,True,False,False,True,True,True,True,True,True,True,True,True,False,True,True,True,True,True,True,True,True,True,True,True,True,True,True,False,True,True,True,True,True,True,False,False,True,False,True,False,False,True,False,False,True,True,False,True,True,False,True,True,False,True,False,False,True,True,True,True,True,False,False,True,True,False,True,True,True,False,True,True,True,True,True,True,True,True,False,False,True,True,True,True,True,False,True,False,False,True,True,True,True,True,True,True,True,True,True,True,False,True,True,True,False,True,False,True,True,True,True,True,True,False,True,False,True,True,False,True,False,False,True,True,True,True,True,True,False,False,False
110.Geococcyx,False,True,True,True,False,False,False,False,False,True,False,False,True,True,False,True,False,True,True,False,False,False,False,False,False,True,False,False,False,False,False,False,False,False,False,False,True,False,False,False,True,False,True,False,False,False,True,False,False,False,False,True,True,False,False,False,False,False,True,False,True,False,False,True,False,False,True,False,False,False,False,True,False,False,False,True,False,False,False,True,False,False,True,True,False,False,False,False,True,False,False,True,False,True,False,False,False,False,False,True,True,False,False,False,False,False,True,False,False,False,False,False,True,True,True,False,True,True,True,True,False,False,False,True,False,True,True,True,True,True,True,True,False,True,True,True,True,True,False,True,True,True,True,True,True,False,True,True,True,True,True,False,False,True,True,True,False,False,True,True,True,False,True,True,False,True,True,True,False,False,True,True,True,True,True,False,True,True,True,True,True,True,True,False,True,True,False,True,False,True,True,True,False,True,True,True,False,True,False,True,False,True,True,True,False,True,True,True,True,True,True,False,False,True,True,False,False,True,False,True,True,False,True,True,True,True,True,True,False,False,False,False,True,True,True,False,True,True,True,False,True,False,False,False,True,False,False,False,True,False,False,False,True,False,False,True,False,True,False,True,True,True,True,False,False,True,False,False,False,False,False,True,False,True,False,True,False,False,True,True,True,False,True,False,True,False,True,True,True,False,True,True,True,False,True,True,True,True,False,True,True,True,False,False,True,True,True,True,False,True,True,True
111.Loggerhead_Shrike,True,True,True,False,False,False,False,False,False,True,True,False,True,False,True,False,True,False,True,False,False,True,False,False,False,True,True,False,False,False,True,True,True,False,False,True,False,True,False,False,False,True,False,False,True,False,True,False,False,False,True,False,False,True,False,True,False,False,False,False,False,False,False,True,False,False,False,False,True,False,True,False,True,True,False,False,False,False,False,True,False,True,True,False,True,False,False,False,False,False,True,True,False,False,False,False,False,False,False,False,True,False,False,False,True,False,False,False,False,False,False,False,True,True,True,True,True,True,True,True,False,True,True,True,False,True,False,True,True,True,True,True,True,True,True,False,True,True,False,True,True,True,True,False,True,True,True,True,True,True,True,False,False,True,True,True,True,True,True,True,False,True,True,True,True,True,True,False,True,True,True,True,True,False,False,True,True,False,True,False,True,False,False,True,True,True,True,True,False,True,False,True,True,True,True,True,False,False,True,False,True,False,True,True,True,True,True,True,False,False,True,True,True,True,False,True,False,False,True,True,False,False,False,False,True,True,False,True,True,True,False,True,True,True,False,True,True,True,True,True,True,False,True,True,True,True,True,True,True,True,True,True,False,True,False,False,True,False,True,True,False,False,True,True,False,True,True,False,False,True,True,True,True,True,True,True,True,False,False,False,False,False,True,True,False,False,False,True,True,True,True,True,False,False,True,True,True,True,True,True,False,False,True,True,True,True,True,False,True,False,False,True
112.Great_Grey_Shrike,False,True,False,True,True,False,False,True,True,True,True,False,False,True,False,True,False,True,False,True,True,True,True,False,False,False,False,False,False,True,False,True,False,False,False,False,False,False,False,False,True,False,True,False,False,True,False,False,True,False,False,True,False,False,False,False,False,False,True,True,False,False,True,True,False,False,False,True,False,False,False,False,True,True,False,False,False,False,True,False,False,False,False,True,False,False,False,False,False,True,False,True,False,False,False,False,False,False,False,True,False,False,False,True,True,True,True,True,True,False,True,False,True,True,True,False,False,True,False,True,True,True,True,True,True,True,True,True,True,True,False,True,True,True,False,True,True,False,False,False,False,True,False,True,True,False,True,False,True,True,True,True,True,True,True,True,True,True,True,False,False,True,False,True,False,True,False,False,True,False,True,False,True,True,True,True,True,True,True,False,True,True,True,False,True,False,True,False,True,True,False,True,True,True,True,False,True,True,True,True,True,True,True,False,True,True,True,True,True,True,False,True,True,False,False,True,True,False,True,False,True,True,False,False,False,True,False,True,False,False,True,True,True,True,False,True,True,True,False,False,True,True,True,False,True,True,False,False,True,True,True,True,True,True,True,False,True,True,False,True,True,True,True,False,True,True,True,True,False,True,True,True,True,True,True,False,True,True,True,False,True,True,False,False,True,True,False,True,False,True,False,True,False,True,True,True,True,True,True,True,False,True,True,False,True,False,True,True,True,True,True,True
113.Baird_Sparrow,False,False,False,False,False,False,False,False,False,True,True,False,True,False,False,True,True,True,False,True,False,False,False,False,False,True,False,True,False,False,False,False,False,False,False,False,True,False,False,False,False,False,False,False,False,True,True,True,True,True,False,False,False,False,False,False,False,True,True,True,False,True,False,False,False,False,False,False,False,False,False,False,True,False,False,True,True,False,False,False,True,False,True,False,True,False,True,True,True,False,False,False,False,True,True,False,False,False,False,False,False,True,True,False,False,True,False,True,False,False,True,False,True,True,True,True,True,True,True,True,True,True,True,False,True,True,True,True,True,False,False,True,True,True,True,True,True,True,True,True,True,True,False,True,False,True,False,False,False,False,True,True,True,True,True,True,True,False,True,False,True,False,True,True,True,True,True,True,True,False,True,True,False,True,True,False,True,True,True,True,False,True,True,True,True,True,False,True,True,True,True,True,True,True,True,False,False,False,False,False,True,False,True,True,True,True,True,True,True,True,True,True,True,True,True,True,False,True,False,True,True,True,True,True,True,True,False,True,False,False,True,False,True,True,False,True,True,False,True,True,True,True,True,True,True,True,True,False,False,True,True,True,True,True,True,False,True,False,True,False,True,True,True,True,False,True,True,True,True,True,True,True,True,True,True,True,True,True,True,True,True,True,True,False,True,False,True,True,True,False,True,False,True,False,True,True,True,True,True,True,True,False,True,False,False,True,True,True,True,True,True,True
114.Black_throated_Sparrow,False,False,False,False,False,True,True,False,True,False,False,False,False,False,False,False,False,False,True,False,True,True,True,False,True,True,True,True,False,True,False,True,False,False,True,False,True,False,False,False,False,False,False,False,False,False,False,True,False,False,False,False,False,False,False,False,True,False,False,True,True,False,True,False,False,False,False,False,False,False,False,False,True,True,False,False,False,False,True,True,True,True,True,False,False,True,False,True,False,False,False,True,False,False,False,False,False,False,True,True,True,False,False,False,False,True,False,False,False,True,False,False,True,False,True,False,True,True,False,False,True,True,True,True,False,True,True,True,False,True,True,True,False,False,True,False,False,True,True,True,False,True,True,True,False,True,True,False,False,True,True,True,True,True,True,True,True,True,True,True,True,True,False,True,True,True,True,True,False,False,True,False,False,True,True,False,False,True,False,False,True,True,True,False,False,True,True,True,True,True,True,True,True,False,True,False,True,True,False,True,True,True,False,True,True,True,False,False,False,False,True,True,True,True,False,False,False,False,False,True,False,True,False,False,False,True,False,True,True,True,False,True,False,True,False,False,True,True,True,False,False,True,True,True,True,True,False,False,False,True,True,False,False,True,True,True,True,True,True,True,True,True,True,True,True,False,True,True,False,True,True,True,True,True,True,True,True,True,True,True,True,True,True,False,False,False,True,True,False,True,True,True,False,True,True,True,True,False,True,True,True,True,True,True,True,False,True,True,True,True,False,False
115.Brewer_Sparrow,False,False,False,False,True,False,False,False,False,False,True,False,False,True,False,True,True,False,True,False,False,False,True,False,False,False,False,False,True,False,False,False,True,False,False,False,True,True,True,False,False,False,False,False,True,True,False,False,False,False,False,True,True,False,True,False,False,True,False,False,True,False,True,True,False,True,False,False,False,False,False,False,False,False,True,True,True,False,True,False,True,False,False,False,False,True,False,False,False,False,False,False,False,False,False,False,True,False,False,True,False,False,False,True,False,False,False,False,False,True,True,False,False,False,True,True,True,False,True,True,True,True,True,True,True,True,False,True,True,True,True,True,True,True,True,True,True,True,True,True,False,True,True,True,True,True,False,True,True,True,True,True,False,True,True,False,True,True,True,True,False,False,False,True,True,True,False,True,True,False,True,False,True,True,True,True,True,False,True,True,False,True,False,False,False,True,True,False,False,True,False,False,False,True,True,True,True,False,False,False,True,False,False,False,True,True,True,True,True,True,True,True,True,True,False,False,False,True,False,True,True,True,True,True,True,True,True,True,True,False,True,True,True,True,True,True,True,False,True,True,True,True,True,True,False,True,True,True,True,True,False,True,True,True,True,True,True,True,True,True,False,False,True,False,True,True,False,False,False,True,False,True,True,False,True,True,False,True,True,True,True,False,True,True,True,True,True,True,False,True,True,False,True,False,False,False,True,True,True,False,True,True,True,True,True,False,True,True,False,False,False,False
116.Chipping_Sparrow,False,False,True,False,True,True,False,False,False,False,False,False,False,False,False,True,False,False,True,False,True,False,True,False,True,False,True,False,False,False,True,False,False,False,True,False,False,True,False,False,True,False,False,False,False,False,True,True,False,False,True,False,False,False,False,True,True,False,False,False,False,False,False,False,True,False,False,False,False,True,False,False,False,False,True,False,True,False,False,False,False,False,False,False,True,False,False,False,False,False,True,False,False,False,False,True,True,False,False,False,False,False,False,False,False,False,False,False,False,True,False,True,True,True,True,True,True,True,False,True,True,True,True,True,True,True,True,True,False,True,True,False,False,False,True,False,True,True,True,True,True,True,True,True,False,True,True,False,True,False,True,True,True,False,True,True,False,False,True,False,True,True,True,True,False,True,False,True,True,True,True,True,True,True,False,False,False,True,False,True,True,True,True,True,True,True,True,True,False,True,True,False,True,False,False,True,True,True,True,True,True,True,False,False,True,True,True,True,True,False,True,True,True,False,True,True,True,True,False,False,True,True,True,True,True,True,True,False,True,False,False,True,True,True,False,False,True,False,False,True,True,True,True,True,True,False,True,True,True,False,True,True,True,False,True,True,False,True,False,False,False,True,True,True,True,True,True,True,True,True,True,True,True,True,True,True,False,True,True,True,False,True,True,True,False,True,True,True,True,True,False,False,False,False,False,True,True,True,True,True,True,False,True,False,True,False,True,False,True,True,True,False
117.Clay_colored_Sparrow,True,False,True,False,False,True,False,True,True,False,True,False,False,False,False,False,False,True,True,False,False,False,False,True,True,False,False,False,False,False,True,False,False,True,False,False,False,True,False,False,False,False,True,False,False,True,False,False,False,False,False,False,False,False,False,False,False,True,False,False,False,False,False,False,True,False,False,False,True,False,False,False,False,False,False,False,True,False,True,True,True,False,False,False,True,True,False,False,True,False,True,False,False,False,True,True,False,False,True,False,True,True,True,False,False,False,True,True,False,False,False,True,True,False,True,True,True,True,False,True,True,True,True,True,True,True,False,False,False,True,True,True,True,True,True,True,False,True,True,False,False,False,True,True,True,True,False,True,True,True,True,True,False,True,True,True,True,True,True,True,True,False,True,True,True,True,True,True,True,True,True,True,True,True,True,True,True,False,True,True,True,False,True,True,True,True,True,True,False,True,False,False,True,True,True,True,False,True,True,True,True,True,False,True,True,False,False,True,False,True,True,True,True,False,True,True,True,True,True,True,True,False,True,False,False,True,True,True,False,False,True,True,True,True,True,True,False,True,True,True,True,False,True,True,True,True,True,True,False,False,True,True,False,True,True,True,False,False,True,True,False,True,True,False,False,True,True,True,True,False,True,True,True,True,True,True,True,True,True,True,True,True,True,True,False,True,False,False,False,False,False,True,False,True,True,True,True,False,True,True,False,True,True,True,True,True,True,True,True,False,True,True
118.House_Sparrow,False,False,False,True,True,False,False,True,False,True,False,False,False,False,True,True,False,False,False,True,False,True,False,True,False,True,False,False,False,False,False,True,False,False,False,False,True,False,True,False,False,False,False,False,False,False,True,False,False,True,False,True,True,False,False,False,False,True,False,False,False,True,True,False,True,False,True,True,False,False,False,False,False,False,False,False,False,False,False,False,False,False,False,False,True,False,False,True,False,True,False,True,True,True,True,False,True,True,False,False,False,False,False,False,True,True,False,False,False,True,False,False,True,True,True,True,True,False,False,False,True,False,True,False,True,True,True,False,False,True,True,False,False,True,False,True,True,True,False,True,True,True,True,True,True,True,True,True,True,True,True,False,False,True,True,False,True,True,False,False,True,True,True,True,True,False,False,False,True,False,True,False,False,True,False,True,False,False,False,True,True,False,False,True,False,False,True,True,True,True,True,True,False,False,True,False,True,True,False,True,True,True,True,True,True,False,True,True,True,True,True,True,True,False,False,True,True,True,True,True,True,True,False,True,False,False,True,True,True,True,True,True,True,True,True,True,True,False,True,True,True,True,True,True,True,True,True,True,False,False,True,True,True,False,True,False,False,True,False,True,True,True,True,False,True,True,True,True,True,False,True,True,False,False,True,True,True,True,False,True,True,True,False,True,True,True,True,False,True,True,True,True,True,False,True,False,True,False,True,True,True,False,True,True,True,True,False,True,True,True,True,True
119.Field_Sparrow,True,False,False,True,False,False,True,True,False,False,False,False,True,False,False,False,False,True,False,False,False,True,False,False,False,False,False,False,True,False,True,False,False,False,True,True,False,False,False,True,False,False,False,False,True,False,False,False,False,False,False,True,False,False,False,False,False,True,False,False,False,False,True,False,True,False,False,True,False,False,True,True,False,False,False,False,False,False,False,False,False,False,False,False,False,True,True,False,False,False,False,False,False,False,False,True,False,True,False,False,False,False,False,False,False,False,False,True,False,False,False,False,True,True,False,True,True,True,True,True,True,True,True,True,False,False,False,True,True,True,True,False,True,True,True,True,True,True,True,True,True,True,False,True,True,True,True,True,False,True,False,False,True,False,True,True,True,False,True,True,True,True,True,True,True,True,False,True,True,True,False,False,False,True,True,True,True,True,True,False,True,True,False,True,False,True,True,True,False,True,True,False,False,True,True,False,True,True,True,False,True,True,True,True,True,True,True,True,True,False,False,True,True,False,True,True,True,False,False,True,True,True,True,True,False,False,False,True,True,False,False,False,True,True,True,True,False,True,True,True,False,True,True,False,True,False,False,True,True,False,True,False,False,False,True,True,True,False,True,False,False,True,True,True,True,True,True,True,True,True,False,False,False,True,True,False,True,True,True,True,True,True,True,True,True,False,True,True,False,True,True,False,True,True,True,False,False,True,False,False,True,False,False,True,True,True,True,True,False,True,True,True
120.Fox_Sparrow,False,False,True,True,False,False,False,False,False,False,False,False,False,False,False,False,False,False,False,False,True,True,False,False,False,False,False,False,False,True,False,True,True,False,True,False,False,False,False,True,True,False,True,False,True,True,True,False,False,False,False,True,True,False,False,False,False,False,False,True,False,False,False,False,False,False,False,False,False,False,False,False,True,True,False,False,False,False,False,True,False,False,False,False,False,False,False,False,False,False,True,False,False,True,False,True,False,True,True,False,False,False,True,False,True,False,False,False,False,False,False,False,True,True,True,False,False,True,True,True,True,True,True,True,False,True,True,True,True,True,True,False,True,True,False,False,True,False,False,True,False,True,True,False,True,True,True,True,True,True,True,False,True,False,True,True,True,True,False,True,True,True,True,False,True,True,True,True,False,False,True,False,True,True,True,True,True,False,True,False,True,True,False,True,True,False,False,True,True,True,False,True,True,False,True,True,True,True,False,True,True,True,True,True,True,True,True,True,True,True,False,True,True,True,False,False,False,True,True,False,True,False,True,True,False,True,True,False,False,False,False,False,False,True,False,True,True,True,True,True,False,True,True,True,True,True,True,False,True,False,True,True,True,True,True,False,False,False,True,True,True,True,True,True,True,True,True,True,True,True,False,True,True,True,True,False,True,True,True,True,True,True,True,False,True,True,False,False,True,True,True,True,False,True,True,True,False,True,False,False,False,True,True,True,True,False,True,True,True,True,True,True
121.Grasshopper_Sparrow,False,True,False,True,False,True,False,False,True,False,False,True,False,False,True,False,True,True,False,True,False,False,False,False,True,True,False,False,True,True,False,False,False,False,False,False,False,False,False,False,False,False,False,False,False,False,False,False,True,False,False,False,True,True,False,False,True,True,False,False,True,False,False,False,False,False,False,True,False,True,False,True,True,False,False,False,False,True,False,False,True,False,True,False,False,False,False,True,True,True,False,False,False,False,False,False,True,True,True,True,False,True,True,False,False,True,False,False,True,False,True,False,True,False,True,True,False,True,True,True,True,True,True,True,True,True,False,False,False,True,True,True,False,False,False,False,True,True,False,True,False,True,False,True,True,False,True,True,False,False,True,True,False,False,True,True,True,True,True,True,True,True,False,False,True,True,True,False,True,True,False,True,False,True,True,True,False,False,False,False,False,False,True,True,True,True,False,True,True,True,False,False,True,True,True,False,True,True,True,False,True,True,True,True,True,False,True,True,False,True,True,False,True,False,True,True,False,True,False,True,True,False,True,True,True,True,True,True,True,True,True,True,False,True,False,True,True,False,True,True,False,True,True,True,False,True,True,True,True,True,True,True,True,True,False,True,False,False,False,False,True,False,True,True,True,True,True,True,True,False,True,True,True,False,False,True,False,True,True,False,True,True,False,False,True,True,False,True,True,False,True,True,False,True,True,True,True,True,True,True,True,True,True,True,True,False,False,False,False,False,True,True
122.Harris_Sparrow,True,True,False,True,False,True,False,False,False,False,True,False,False,True,True,True,True,True,False,False,False,False,False,False,False,False,False,True,False,True,False,False,False,False,False,False,False,True,False,False,False,False,False,False,True,False,True,False,False,False,False,True,False,False,True,True,False,False,True,False,False,False,False,True,False,True,True,False,False,False,False,False,False,True,True,False,True,False,True,False,True,False,False,False,True,True,True,False,True,False,False,False,True,False,True,False,False,True,False,True,True,True,False,False,False,False,True,False,True,False,False,True,True,False,True,True,True,False,False,True,True,True,True,True,False,True,False,True,True,True,True,False,True,True,False,True,False,True,False,False,False,False,True,True,True,True,True,False,True,True,True,False,True,False,True,False,True,True,True,False,True,True,True,True,True,False,False,False,False,True,True,True,False,True,False,True,False,True,False,True,True,False,True,False,True,True,True,False,False,True,True,False,True,True,True,False,True,True,True,True,True,True,True,False,True,False,True,False,True,True,True,True,True,True,True,True,True,True,True,True,False,True,True,False,True,True,False,False,False,True,True,False,True,False,True,True,True,True,True,True,True,False,True,False,True,True,True,True,False,True,True,False,True,True,True,True,True,False,False,False,True,True,False,True,True,True,True,True,True,False,True,True,True,True,True,True,False,True,False,True,True,True,True,False,True,True,False,True,True,True,True,False,False,True,True,True,True,True,True,True,True,False,False,True,True,False,True,True,True,False,True,True
123.Henslow_Sparrow,False,False,False,True,True,False,False,False,True,False,False,True,False,False,False,False,False,False,False,False,True,False,False,False,False,False,True,False,False,True,False,False,False,True,False,False,False,True,False,False,False,False,False,False,False,False,False,True,False,True,True,False,False,False,True,False,False,False,False,True,False,False,False,False,False,True,True,False,True,False,False,False,False,True,False,False,False,False,False,False,False,False,False,True,False,False,False,False,False,True,True,False,True,False,False,False,True,False,False,False,False,False,False,False,False,True,True,False,False,False,False,False,True,True,True,False,True,True,True,True,True,False,True,False,True,False,False,False,False,True,True,True,False,False,False,False,True,False,True,True,True,False,False,True,True,False,True,False,True,False,True,True,False,True,True,True,False,True,False,False,False,True,True,True,False,True,False,False,False,False,True,True,False,True,True,True,True,True,True,True,False,True,True,True,True,False,False,True,False,True,True,False,False,False,False,True,True,False,True,False,False,False,False,True,True,True,True,True,True,True,False,False,True,False,True,True,True,True,True,True,False,True,True,True,True,True,False,False,True,False,True,True,False,True,False,False,True,False,True,True,True,True,False,True,True,True,False,True,False,True,False,True,False,False,True,False,False,False,True,True,True,True,False,False,False,True,True,False,False,True,True,False,False,False,False,True,False,True,True,False,True,True,True,True,True,False,True,True,True,True,True,True,False,True,True,True,False,False,True,True,True,True,False,True,True,False,True,True,True,True,True,True
124.Le_Conte_Sparrow,True,False,True,True,True,False,False,False,False,False,False,False,True,False,True,False,False,False,True,False,False,False,True,False,True,False,False,True,False,False,True,False,False,True,False,False,True,False,False,False,False,False,False,False,True,False,True,True,False,True,False,False,False,False,True,True,False,False,False,False,False,False,True,False,False,False,False,True,False,True,False,False,True,False,False,False,False,False,True,True,False,True,False,False,True,False,True,True,True,False,True,False,False,True,False,False,False,True,False,False,False,False,False,False,False,False,False,False,True,True,True,False,True,True,True,False,False,True,True,True,True,True,True,True,True,True,True,False,True,True,True,False,True,False,True,True,True,True,False,True,True,False,True,True,True,True,True,True,True,True,True,True,True,False,True,True,True,False,True,True,False,True,True,True,False,True,True,False,True,True,False,True,True,True,True,True,True,False,True,True,True,True,False,False,True,True,True,False,True,False,True,True,True,True,True,False,False,True,True,True,False,False,False,True,True,True,True,True,True,True,False,False,True,True,True,True,True,True,False,True,True,True,False,True,False,True,False,True,True,True,True,False,True,False,True,False,True,True,True,True,True,True,True,False,False,True,True,True,True,True,False,True,True,True,False,False,True,False,True,True,True,True,True,True,True,True,False,False,True,False,True,False,True,False,True,True,True,True,False,False,True,True,True,True,True,True,True,True,True,True,True,False,True,True,True,True,False,True,False,True,True,True,True,False,True,True,False,True,True,True,True,False
125.Lincoln_Sparrow,True,True,True,False,False,True,False,False,False,False,False,True,False,False,False,True,False,True,True,False,True,False,False,False,False,False,False,False,False,False,True,False,False,True,False,False,False,False,False,False,False,False,False,False,True,False,False,False,True,False,True,False,True,True,True,False,True,False,False,False,False,True,False,False,False,False,False,False,True,False,False,False,False,False,True,True,False,True,False,True,True,False,False,True,False,True,False,True,True,True,False,True,False,True,False,True,False,False,False,False,False,False,True,False,False,True,False,False,True,False,True,False,True,True,False,True,True,True,True,False,True,False,False,True,False,False,True,True,True,True,False,False,False,True,True,True,True,False,True,True,True,False,True,False,True,True,False,False,True,False,False,True,True,True,True,True,False,True,False,True,True,False,False,True,True,True,False,False,False,True,True,False,False,False,True,False,True,False,False,False,False,False,True,True,False,False,True,True,True,True,False,False,False,True,False,True,True,True,True,False,True,True,False,False,True,True,False,False,False,False,True,True,True,False,False,True,True,False,True,True,False,True,True,True,True,True,True,False,False,True,True,True,True,False,True,True,False,True,True,True,True,True,True,True,False,True,False,True,True,True,False,False,False,True,True,False,False,True,True,False,True,True,True,False,False,True,True,False,True,True,True,True,True,True,True,True,False,True,False,False,False,True,True,False,True,True,True,True,True,True,True,True,True,False,False,False,True,False,True,True,True,True,True,True,True,False,True,False,True,True,True,True
126.Nelson_Sharp_tailed_Sparrow,False,False,True,False,False,True,False,True,False,True,False,False,True,False,False,False,False,False,False,False,True,True,False,False,False,True,False,False,False,False,True,False,False,True,False,False,False,False,True,False,False,False,False,True,False,True,False,True,True,True,False,False,False,False,False,False,False,False,False,False,False,True,False,False,True,False,True,False,False,True,False,False,False,True,True,True,True,False,False,False,False,False,True,True,False,False,True,False,True,True,False,False,True,False,False,True,False,False,False,False,False,False,False,False,False,True,False,False,False,False,False,False,True,False,True,True,True,False,True,True,True,False,True,False,False,True,False,True,True,True,False,False,False,True,True,True,False,True,False,False,True,True,True,True,True,True,True,True,True,True,True,True,False,True,True,True,True,False,False,True,True,True,True,False,True,False,True,True,True,False,True,True,False,True,True,True,True,True,True,True,True,True,False,True,True,True,True,False,True,False,True,True,True,False,False,True,True,True,False,False,True,True,False,False,True,True,True,True,True,False,True,False,False,True,True,False,False,False,True,True,True,False,True,True,False,True,False,False,True,False,False,True,True,True,True,True,True,True,True,True,True,True,False,False,False,True,False,False,True,True,True,True,False,True,False,False,True,True,True,True,True,True,True,True,True,True,False,True,False,True,True,True,True,True,False,False,False,False,True,False,True,True,True,True,True,True,True,True,True,True,False,True,True,False,True,True,False,True,True,True,True,True,False,True,True,True,True,False,False,True,True,True
127.Savannah_Sparrow,False,False,False,False,False,False,False,True,True,False,True,True,True,True,True,False,True,False,True,False,True,False,False,False,False,False,False,False,False,False,False,False,True,False,False,False,False,True,False,True,False,False,False,True,False,True,False,False,True,False,False,True,False,True,False,False,True,False,False,True,False,False,False,False,False,False,False,False,False,False,True,False,True,True,False,False,True,False,False,False,False,False,True,False,True,False,False,False,True,False,True,False,False,False,False,False,False,False,False,False,False,True,False,True,False,True,False,False,False,True,True,False,False,False,True,True,True,True,True,True,True,True,True,True,True,False,False,True,True,True,True,True,True,False,True,True,False,True,False,True,True,True,True,True,True,False,False,False,True,True,True,True,True,False,True,False,True,True,False,True,True,False,False,False,False,True,True,True,False,True,True,True,True,True,False,True,True,True,True,True,True,True,False,True,False,True,True,True,False,True,True,False,False,True,False,True,False,True,False,True,True,True,True,False,True,True,False,True,True,False,True,True,True,True,True,True,False,True,False,False,False,False,False,True,True,True,True,True,True,False,True,True,True,True,True,True,False,True,False,True,True,True,False,True,False,True,True,True,True,True,True,True,True,True,True,False,True,True,True,False,True,True,True,False,False,True,True,True,True,True,True,False,True,True,True,False,True,True,True,False,True,False,True,False,True,True,True,True,True,True,True,True,True,True,False,False,True,False,True,False,False,True,False,True,False,False,True,True,True,True,False,True
128.Seaside_Sparrow,False,False,False,False,False,False,False,False,False,False,False,True,False,True,False,False,True,False,True,False,False,True,False,False,True,True,False,True,False,False,False,False,True,True,False,True,False,False,False,False,True,False,True,False,False,False,False,False,False,False,False,False,False,True,True,False,False,False,True,False,True,False,False,True,True,False,False,False,False,False,False,False,False,False,False,False,False,False,False,False,False,True,True,True,True,True,False,False,False,False,True,False,False,False,False,True,False,False,True,True,True,False,False,False,False,False,False,True,False,True,False,True,False,True,True,True,True,False,True,True,True,True,True,False,True,False,True,False,False,True,False,True,True,True,True,False,True,False,True,True,True,True,True,False,True,True,True,True,True,True,True,False,True,False,True,True,True,True,True,True,True,True,True,False,True,True,True,False,False,True,False,True,True,False,False,True,True,True,True,False,False,False,False,False,False,False,True,False,True,False,True,False,True,False,False,True,True,False,True,True,False,True,True,False,False,True,True,True,True,False,False,False,True,True,True,True,False,True,True,True,True,True,True,True,True,False,True,True,True,False,False,True,True,True,True,False,True,False,True,False,False,True,True,False,True,True,True,False,True,True,False,True,False,True,True,True,True,True,True,True,False,True,True,False,True,False,True,False,True,True,True,False,True,False,False,True,True,False,True,True,True,True,True,True,True,True,False,True,True,False,True,True,True,False,True,True,True,True,True,True,True,True,False,True,True,False,True,False,True,True,True,True
129.Song_Sparrow,False,True,False,False,False,False,False,False,False,True,False,True,False,False,False,True,False,False,False,False,False,True,True,True,True,True,False,True,False,False,False,True,False,False,False,False,False,False,True,False,True,True,False,False,False,False,True,False,False,False,False,False,False,False,True,False,False,False,False,False,False,False,False,True,False,True,False,True,False,True,True,False,True,False,False,True,False,False,False,False,False,False,False,False,False,False,True,True,False,False,False,False,False,False,False,False,False,False,False,True,False,True,False,True,False,True,False,True,False,False,True,False,True,True,False,True,False,True,False,True,True,True,False,True,True,True,False,True,False,True,False,True,True,True,True,False,True,True,False,False,True,False,False,True,True,True,True,True,False,True,False,False,True,True,True,True,True,True,True,False,True,True,True,False,False,True,False,True,True,False,True,False,True,True,True,True,True,False,True,True,False,True,True,False,True,True,True,True,True,True,True,False,True,False,False,True,True,False,True,True,True,False,True,True,True,True,False,True,False,True,True,True,False,True,True,True,True,False,True,True,False,True,True,False,True,True,True,False,False,True,False,True,False,True,False,False,True,True,False,True,False,True,True,True,True,True,True,True,False,True,True,True,True,True,True,False,False,True,True,False,False,True,False,True,False,False,True,True,False,True,True,False,True,True,True,True,False,True,True,False,False,True,True,True,True,True,False,True,True,True,True,False,False,False,True,True,True,True,True,True,True,True,True,True,False,True,False,True,True,True,True,False
130.Tree_Sparrow,False,False,True,False,False,False,True,False,True,False,False,False,False,False,False,False,True,True,False,False,False,False,False,True,False,False,True,False,False,True,True,False,False,False,False,False,True,False,True,False,True,False,True,False,False,True,False,False,False,False,True,False,True,False,False,True,False,True,False,False,False,True,False,False,True,False,False,False,False,False,False,False,False,False,False,False,False,False,False,False,True,False,True,True,False,True,True,False,False,False,False,False,True,False,True,True,False,True,False,True,True,False,False,True,False,True,False,True,False,False,False,True,True,True,True,True,True,True,True,True,False,False,False,True,False,False,True,True,False,True,False,True,True,True,True,True,False,True,True,True,True,True,True,False,True,True,True,False,True,True,False,False,True,True,True,True,True,True,True,False,False,True,True,True,True,True,True,True,True,True,True,True,False,True,True,True,True,False,False,True,False,True,True,True,True,False,True,True,False,True,False,False,True,True,False,False,False,True,True,False,False,False,True,True,True,True,False,False,True,True,True,False,True,True,False,False,True,True,True,True,True,True,True,True,True,True,False,True,True,True,True,True,True,True,False,True,True,False,False,True,True,False,True,True,True,True,True,True,True,False,True,True,True,True,True,False,True,True,False,True,False,True,True,True,True,True,False,True,False,True,True,True,False,False,False,True,False,False,False,True,True,False,True,True,True,True,True,True,False,True,True,False,False,True,True,True,True,True,True,True,False,True,True,True,True,False,True,True,False,True,True,True
131.Vesper_Sparrow,False,False,False,False,True,False,False,False,False,True,False,True,True,False,False,False,False,False,False,False,True,False,False,False,False,False,False,True,False,True,True,True,True,True,True,False,False,False,True,True,True,False,False,False,False,True,False,True,False,True,True,False,False,False,False,False,False,False,True,False,True,False,True,False,False,False,False,False,False,False,True,True,False,True,False,False,True,False,False,False,False,True,True,False,False,True,False,True,False,False,True,False,True,True,False,False,False,False,False,True,True,False,False,False,True,False,False,False,False,False,True,False,True,False,True,True,True,True,True,True,True,True,False,True,False,True,True,False,True,True,True,True,True,False,True,False,False,False,True,False,True,True,True,True,True,True,True,True,False,False,False,False,True,True,True,False,True,False,True,True,False,False,False,True,True,True,False,True,True,True,True,True,True,False,True,False,True,True,False,True,False,True,False,False,True,True,True,False,True,False,True,True,False,False,True,False,True,False,False,False,True,True,True,True,True,False,True,True,False,True,True,True,True,False,False,True,True,False,True,False,True,True,True,False,True,False,True,True,True,True,True,True,True,True,True,True,True,True,False,True,True,True,False,True,True,True,True,True,False,False,True,True,True,True,True,True,True,True,False,True,True,True,True,True,True,True,True,False,True,True,True,True,True,True,False,True,True,False,False,True,True,True,False,True,True,True,True,True,False,True,False,False,True,False,False,True,True,True,True,True,True,True,True,True,True,False,True,True,False,True,True,False
132.White_crowned_Sparrow,False,False,False,True,True,True,False,True,False,False,False,False,True,False,False,False,False,False,True,False,False,True,False,False,False,False,True,True,True,False,False,False,False,True,False,False,False,False,True,False,False,False,False,False,True,False,False,True,True,True,True,False,False,False,False,False,False,False,False,True,False,True,False,False,False,True,False,False,True,False,False,False,False,False,True,True,True,False,True,False,False,False,True,False,True,False,False,False,True,True,True,False,False,True,False,False,False,False,False,True,True,True,True,False,False,False,True,False,False,False,True,False,True,True,False,True,False,False,True,True,True,True,True,False,True,True,True,True,True,True,False,True,True,False,True,True,False,True,True,True,True,True,True,True,True,True,True,False,True,True,True,True,True,True,True,True,True,False,True,False,True,True,True,False,False,True,False,True,True,True,True,True,True,True,True,True,False,True,False,True,True,True,True,True,True,False,True,True,False,False,True,False,True,True,False,True,True,True,True,True,True,True,False,False,True,True,True,True,True,True,False,True,True,False,False,True,True,False,False,False,True,True,True,True,True,True,True,True,True,True,False,False,True,False,True,True,False,False,False,False,True,False,False,True,True,True,False,True,True,True,True,True,False,False,True,True,True,False,True,True,True,False,True,True,True,True,True,True,True,False,True,True,False,False,False,False,False,True,True,True,True,True,False,True,True,True,True,True,True,True,True,True,True,True,True,False,False,True,True,True,True,True,False,False,False,True,True,False,True,False,False,False
133.White_throated_Sparrow,True,False,False,False,True,False,False,True,True,True,False,False,False,True,False,False,False,False,False,False,False,False,False,True,False,False,True,False,False,True,False,True,True,False,True,False,False,False,False,False,True,False,False,False,False,False,True,True,False,False,True,False,True,False,False,True,False,False,False,False,True,False,False,False,False,False,False,False,True,False,True,True,True,True,True,False,True,True,True,False,True,True,False,False,False,False,True,False,False,False,False,False,True,True,False,True,True,False,True,False,True,False,True,True,False,False,True,True,True,True,False,False,True,True,True,True,False,True,True,False,True,True,False,True,True,True,True,False,True,True,True,True,True,False,False,True,False,False,True,True,True,True,False,True,True,True,True,True,True,True,True,True,False,False,True,True,True,True,True,False,False,False,True,False,True,True,False,True,False,False,False,False,True,False,False,False,True,True,False,True,True,True,False,False,True,False,True,True,True,True,True,True,True,False,True,True,True,False,True,True,True,True,False,False,True,True,True,True,True,False,False,False,True,True,False,True,True,True,False,True,False,True,True,True,True,False,False,True,False,True,True,False,True,True,True,False,True,False,True,True,True,True,True,False,True,True,False,True,False,True,True,False,True,True,False,True,False,True,False,True,True,True,False,True,False,True,False,True,False,False,False,True,False,False,True,True,True,True,True,True,False,True,False,True,True,True,True,False,True,True,True,False,False,True,True,True,False,True,True,False,True,False,False,False,True,True,True,True,False,True,True,True
134.Cape_Glossy_Starling,False,False,True,False,False,True,False,False,False,False,False,False,False,True,True,False,False,False,False,True,False,False,False,True,False,False,False,True,True,True,False,False,False,True,True,False,True,True,False,False,True,True,False,True,True,False,False,False,False,False,False,False,True,False,False,True,False,True,False,True,False,True,False,True,False,False,True,False,False,False,True,False,False,True,True,False,False,False,False,True,False,False,False,False,False,True,False,True,True,True,True,True,False,False,True,False,False,False,False,False,True,False,False,False,False,False,False,False,False,True,False,True,True,False,False,True,False,True,True,True,True,False,True,False,False,True,True,False,False,True,True,False,False,True,True,True,False,True,True,True,True,True,False,True,False,False,True,True,False,True,True,True,True,True,True,True,False,True,True,True,False,True,True,False,True,True,True,True,True,True,True,True,True,False,True,True,True,True,True,False,True,False,False,False,True,True,True,False,True,True,False,True,True,True,True,True,True,True,True,True,True,False,True,False,True,True,True,True,False,True,False,True,True,True,True,False,False,True,False,False,True,False,True,True,True,False,True,False,True,False,False,True,False,True,True,False,True,True,False,False,True,False,False,True,True,True,True,True,False,False,True,True,False,False,False,True,False,True,True,True,True,True,True,False,True,False,True,True,True,True,False,True,True,False,False,True,True,True,True,True,False,True,True,True,True,True,True,False,True,True,False,False,False,True,False,False,True,True,True,True,True,True,True,False,True,True,False,False,True,False,True,True
135.Bank_Swallow,False,False,True,False,False,False,False,True,False,False,False,False,False,False,True,False,False,False,False,False,True,False,False,True,False,False,True,True,True,True,False,False,True,False,False,False,True,False,False,False,False,True,False,True,False,True,True,False,False,False,False,False,True,False,True,False,False,False,False,False,True,False,False,False,False,False,False,False,False,True,True,False,True,False,False,False,True,True,False,False,True,False,False,False,False,False,True,False,True,False,False,True,False,True,False,True,False,False,False,False,False,False,False,False,False,False,True,True,True,False,False,True,True,False,False,True,False,True,True,False,True,True,True,True,True,False,False,True,True,False,True,True,False,True,False,False,True,True,False,False,True,False,True,True,False,True,True,True,True,True,False,False,True,True,True,True,True,True,True,True,True,False,False,True,True,True,True,True,True,True,False,True,True,True,True,False,True,True,False,True,False,True,True,True,True,True,True,True,True,True,False,False,True,True,True,True,True,True,False,True,True,True,True,True,True,True,True,True,True,True,False,True,True,False,True,True,True,True,False,True,True,False,False,False,True,True,True,True,True,False,True,False,True,False,False,True,True,True,True,False,True,False,True,False,True,True,False,False,True,True,False,False,True,True,False,True,True,False,True,True,True,True,True,False,False,False,False,True,True,False,True,True,True,False,True,False,False,True,True,True,False,True,False,True,False,True,True,True,True,True,True,True,True,True,False,True,False,True,True,True,False,False,True,False,False,True,True,False,True,True,False,False
136.Barn_Swallow,False,True,False,False,False,False,True,False,True,False,True,True,True,False,False,False,False,False,True,False,True,True,False,False,False,False,False,False,True,False,False,False,True,False,False,True,True,True,False,True,False,False,False,True,True,False,True,False,False,False,False,False,False,False,False,True,True,False,True,True,True,True,False,False,False,False,False,False,False,True,False,False,False,True,True,False,False,False,False,False,False,False,False,False,False,False,False,False,False,True,False,True,False,False,False,True,True,False,False,True,False,False,False,False,True,False,False,False,False,False,True,True,True,True,True,True,False,True,True,True,True,True,True,True,True,True,True,True,False,True,True,True,True,False,True,False,False,True,False,True,True,True,False,True,True,False,True,False,False,True,True,True,True,True,True,True,True,True,True,True,False,True,True,False,True,True,False,False,True,True,True,True,False,False,True,False,True,False,True,True,False,False,True,True,True,True,False,True,True,False,True,True,True,True,True,True,False,False,False,True,True,True,True,False,True,False,True,True,False,True,True,True,True,True,True,True,False,True,True,False,True,True,True,False,True,False,True,False,True,True,True,False,False,False,True,True,False,True,True,False,True,True,True,True,True,True,True,False,True,True,True,True,True,True,True,False,False,True,False,True,False,True,False,True,False,False,False,True,True,True,True,False,True,True,True,True,True,True,True,True,True,True,True,False,True,True,True,False,True,True,True,True,True,True,True,True,True,True,True,False,False,True,True,True,False,False,True,True,True,True,True,False
137.Cliff_Swallow,False,True,False,True,True,False,False,False,False,False,False,False,True,True,False,False,False,False,True,True,False,True,False,True,False,False,False,False,True,False,False,True,False,True,False,True,True,False,True,False,True,False,False,True,False,False,False,False,False,True,False,False,False,True,False,False,False,False,True,False,False,False,False,False,False,False,False,False,False,True,False,True,False,True,False,False,False,False,False,False,False,True,False,False,False,False,False,False,False,False,False,False,False,True,False,True,False,True,False,False,False,False,False,False,False,False,False,False,True,False,False,False,False,True,True,True,False,True,False,True,False,True,True,False,True,True,True,False,True,True,True,True,True,False,False,True,True,True,True,True,False,True,False,True,False,True,True,True,True,True,True,True,False,True,False,False,True,False,True,True,True,True,True,True,True,False,True,True,False,True,False,False,False,True,True,True,False,True,True,False,False,True,False,True,True,True,True,True,False,True,True,False,True,False,True,True,True,False,True,True,True,False,True,False,True,True,False,False,True,True,False,True,False,False,True,True,True,True,True,True,True,True,False,True,True,True,True,True,False,True,False,True,False,True,False,True,False,False,False,True,False,True,True,False,True,True,True,True,True,True,True,True,False,True,True,False,False,True,True,True,True,True,False,True,True,False,True,False,True,True,False,True,True,False,True,True,True,True,True,True,False,True,True,True,True,True,True,True,True,True,False,True,True,False,False,True,False,False,False,True,False,True,False,True,True,True,True,False,False,True,False,True
138.Tree_Swallow,True,True,True,False,False,True,True,False,True,False,False,False,False,False,False,True,False,False,False,False,False,True,False,False,False,True,True,False,False,True,False,False,True,True,True,True,False,False,False,True,True,True,True,False,False,False,False,False,False,True,False,True,False,False,False,False,True,True,False,True,False,True,False,False,True,False,False,True,False,True,False,False,False,True,True,False,False,False,False,False,True,False,False,False,False,True,False,False,False,False,False,True,False,True,False,False,True,False,False,False,False,False,True,True,False,False,False,True,True,True,True,False,False,True,True,True,True,True,True,True,True,True,False,True,True,True,True,True,True,True,True,True,False,True,False,True,False,True,True,True,True,False,False,True,True,True,True,True,True,False,False,True,False,True,True,False,False,True,True,True,True,False,True,True,False,True,False,False,True,True,False,False,True,True,True,False,True,True,True,False,True,True,True,True,False,True,False,True,True,True,True,True,False,True,True,True,True,False,False,True,True,True,True,True,True,True,True,True,False,False,True,True,True,False,True,False,True,False,True,True,True,True,True,True,True,True,False,False,True,True,False,True,True,True,False,True,True,False,True,False,False,True,True,False,True,True,True,True,False,True,False,True,True,True,False,True,False,False,False,True,True,True,True,True,True,True,True,True,True,False,False,True,False,True,True,False,True,True,True,True,False,True,True,True,True,False,False,True,True,False,True,True,False,True,True,False,True,False,True,True,True,True,True,True,False,False,True,True,True,True,True,True
139.Scarlet_Tanager,False,False,False,True,True,True,True,False,False,False,True,False,True,True,True,True,False,False,False,False,False,True,False,False,False,False,False,False,False,False,False,False,False,True,True,False,True,True,False,True,False,False,False,False,False,True,False,True,False,False,False,True,False,False,False,False,False,False,True,True,False,False,True,False,True,False,False,False,False,False,True,False,False,False,False,True,True,False,True,False,False,True,False,False,False,True,True,True,True,True,True,True,False,False,False,False,False,False,False,False,True,True,True,False,False,True,False,False,False,False,True,False,False,True,False,True,True,True,False,False,True,True,False,True,True,True,False,True,True,True,False,False,True,True,True,False,True,True,True,True,False,False,True,False,True,False,True,False,True,True,False,True,True,False,True,False,True,True,True,True,True,True,False,False,False,True,False,True,True,True,True,True,True,False,True,True,False,True,True,True,True,True,False,True,False,True,True,False,False,True,True,True,True,False,True,True,True,True,True,True,True,True,True,False,False,True,True,True,True,True,True,True,True,False,True,True,False,True,True,False,False,True,False,True,True,True,False,True,True,False,True,True,True,True,True,True,False,True,True,True,True,True,True,True,True,True,True,True,True,True,True,True,True,False,True,True,True,False,True,True,False,True,True,False,True,True,True,True,True,False,True,True,False,True,True,True,True,False,True,False,True,True,True,True,True,False,True,False,False,True,True,True,False,False,True,True,True,False,False,True,False,True,False,True,True,True,True,True,True,True,False,True
140.Summer_Tanager,False,True,False,False,True,True,False,False,True,False,False,True,True,False,True,False,True,False,False,False,False,True,False,True,True,True,False,False,False,False,False,False,False,False,False,False,False,False,True,False,True,False,True,False,False,False,False,False,True,True,False,True,False,False,False,True,True,False,True,False,False,False,True,True,False,False,False,False,True,False,False,False,True,True,False,False,False,False,False,False,False,False,False,False,False,True,False,False,True,False,False,False,False,False,False,True,True,False,True,False,False,True,False,False,True,False,True,False,False,False,False,False,True,True,True,True,True,True,True,True,True,False,True,False,True,True,True,True,True,True,False,True,True,True,True,True,True,True,False,True,False,False,False,True,True,True,True,False,False,False,True,False,True,True,True,False,False,True,True,False,True,True,True,True,True,True,True,True,False,True,True,False,False,True,True,True,True,True,False,True,True,True,False,True,False,True,True,False,True,False,True,True,True,True,False,False,False,False,False,True,False,False,False,True,True,True,False,True,False,True,True,True,True,True,True,False,True,True,False,True,True,False,False,True,True,False,False,True,True,True,True,True,True,True,True,True,True,False,True,False,True,True,False,False,True,True,True,True,False,True,False,False,False,True,True,True,True,True,True,True,False,True,False,True,True,False,True,True,True,True,True,True,True,True,True,True,True,False,True,True,True,True,False,True,True,True,True,True,False,False,True,True,True,True,True,True,True,False,True,True,True,True,False,False,True,True,True,True,False,True,True,True
141.Artic_Tern,False,False,True,False,False,False,True,True,False,False,True,True,True,False,False,False,False,False,False,False,True,False,False,False,True,False,True,True,False,False,True,False,True,False,False,True,False,True,False,False,False,True,False,False,False,False,False,True,False,False,False,True,False,False,False,False,False,True,False,False,False,True,False,False,False,True,False,False,False,False,False,False,False,False,False,True,False,False,False,False,False,False,True,False,True,True,False,False,True,False,False,False,False,False,False,True,True,True,True,True,True,True,False,False,False,False,False,True,False,False,False,True,True,True,False,False,True,True,True,False,True,False,True,False,True,True,True,True,True,False,False,True,True,True,True,True,True,True,True,False,False,False,True,True,True,True,True,False,True,True,True,False,True,False,True,True,False,True,True,True,False,True,False,True,True,False,True,True,True,False,True,False,True,True,True,False,True,True,True,True,True,False,True,False,False,True,False,True,True,True,False,False,True,False,True,False,True,False,True,False,True,True,True,True,False,False,True,False,True,False,True,False,True,True,False,True,True,True,False,True,True,True,True,True,False,False,True,False,True,True,True,True,True,True,True,True,True,True,False,True,True,True,True,True,True,True,True,True,True,True,True,True,False,True,False,True,True,True,True,False,True,False,False,True,True,True,False,True,True,True,True,True,True,True,True,False,True,False,True,False,True,True,True,False,True,False,True,True,True,False,True,False,True,False,False,True,True,True,False,True,False,True,False,True,False,False,True,False,True,True,True,True
142.Black_Tern,False,False,True,True,False,False,True,True,False,False,False,False,False,False,False,False,True,False,True,False,False,False,False,False,True,False,False,True,False,False,False,False,False,True,False,True,False,False,False,True,True,False,False,False,True,False,False,False,False,False,False,False,True,False,True,False,True,False,True,False,False,False,True,False,False,False,False,False,False,True,True,False,False,False,False,True,False,False,False,True,False,True,False,False,True,True,True,False,False,False,False,False,True,False,False,False,False,False,False,False,True,False,False,False,False,False,False,True,False,True,True,True,True,True,True,True,True,True,True,True,True,True,True,False,True,True,True,True,True,True,True,True,False,True,False,False,True,True,True,True,True,True,True,False,False,False,True,True,False,True,False,True,True,False,True,True,True,True,True,True,False,False,False,False,True,True,True,False,True,False,True,True,True,True,False,True,True,False,False,True,True,True,True,True,True,True,True,True,False,False,False,True,False,True,False,True,True,False,True,True,True,True,True,True,True,True,True,True,True,True,False,False,True,True,True,False,False,False,True,True,True,False,False,False,True,True,True,False,True,True,False,False,True,False,True,True,True,True,True,True,True,True,True,True,False,True,True,False,True,True,True,False,False,True,False,False,True,True,True,True,False,False,True,False,True,True,True,True,True,True,True,True,True,False,True,True,True,True,False,False,True,True,True,True,True,False,True,True,False,True,True,False,True,False,False,True,False,False,True,False,True,True,True,True,True,False,False,False,True,True,True,True
143.Caspian_Tern,False,False,True,False,False,False,True,False,False,False,False,True,False,False,False,True,True,True,True,False,False,False,False,True,True,False,False,False,False,False,False,False,True,True,False,False,True,False,False,True,False,True,False,False,False,False,False,True,False,False,False,False,False,False,False,False,False,False,False,False,True,False,False,True,False,False,False,False,False,True,True,True,False,False,True,True,False,False,True,False,True,False,True,False,False,False,False,False,False,False,False,False,False,False,False,False,True,True,True,False,True,False,False,False,False,False,False,True,False,False,False,False,True,True,False,True,True,True,False,True,True,True,True,True,True,False,True,True,False,True,True,False,False,True,False,True,False,True,False,True,True,True,True,False,True,True,True,False,True,True,True,False,True,True,True,True,False,True,True,True,False,True,True,False,False,False,False,True,True,False,True,True,False,False,False,True,True,True,False,True,False,True,True,False,False,False,True,False,True,True,True,False,True,True,True,False,True,True,True,True,True,False,False,True,True,True,True,True,True,True,True,True,True,True,True,True,False,True,True,True,True,True,False,False,True,True,True,True,True,False,True,True,False,False,False,True,True,True,False,True,True,True,True,True,True,True,True,True,True,False,False,True,True,True,True,False,True,True,True,True,True,False,False,True,False,True,True,True,True,True,False,True,True,True,False,True,True,False,True,True,True,True,True,False,False,True,False,True,True,False,True,True,True,True,True,False,False,True,True,False,True,True,False,True,False,True,False,True,True,True,False,True
144.Common_Tern,False,True,False,False,True,False,False,True,True,False,False,True,False,True,True,False,True,True,False,True,False,False,False,True,True,False,False,True,False,False,False,False,False,False,False,True,True,True,True,False,True,False,True,False,False,True,False,False,True,False,False,False,True,False,False,False,False,False,False,False,False,False,False,False,False,False,False,False,True,False,True,False,False,True,False,True,False,False,True,True,False,False,False,False,False,False,False,True,False,False,False,False,False,True,False,False,False,False,False,False,False,True,False,False,False,False,False,False,True,False,False,False,True,True,True,True,True,True,True,True,False,True,True,True,False,True,True,False,True,True,False,True,True,True,True,True,True,True,True,True,True,False,True,False,False,False,True,True,True,True,True,False,True,False,True,True,False,True,True,True,False,False,True,True,False,True,False,True,True,True,False,False,False,True,True,True,True,False,True,True,True,True,False,False,True,True,False,True,True,True,True,True,True,False,True,False,True,True,True,True,True,False,True,False,False,True,True,True,True,True,False,True,True,True,True,True,False,True,True,True,True,True,False,True,True,False,True,False,False,True,False,False,False,True,True,True,True,True,True,False,False,True,True,True,False,True,True,False,False,True,True,True,True,True,True,False,True,True,True,True,False,True,False,False,True,True,True,True,False,True,True,True,False,True,True,False,False,True,False,True,False,True,False,True,True,True,True,True,True,True,True,False,True,False,True,True,True,True,False,False,True,True,True,True,True,True,True,True,False,False,False,True
145.Elegant_Tern,True,False,False,False,False,False,True,True,False,False,False,False,True,False,True,False,False,False,False,True,True,False,True,True,False,True,False,False,False,True,False,False,False,False,False,False,True,False,True,False,False,False,True,True,False,False,False,False,False,False,False,True,False,False,False,False,False,False,False,True,False,False,False,True,False,False,False,False,False,False,False,False,False,False,True,True,False,False,False,False,False,False,True,False,True,False,False,False,False,True,True,False,False,False,True,False,True,True,False,False,True,True,False,True,False,False,False,True,False,False,False,False,True,True,True,False,False,True,True,True,True,True,True,False,True,False,False,True,False,True,True,True,True,True,True,False,True,True,True,False,True,False,True,False,True,True,True,False,False,True,True,False,True,True,False,True,True,True,True,True,True,False,True,True,True,True,True,True,False,False,True,True,False,False,False,False,True,True,True,True,False,True,False,True,False,True,True,True,False,False,False,True,False,True,True,False,True,True,False,True,True,True,False,False,True,False,False,False,True,False,True,True,False,True,True,False,True,False,True,False,True,True,True,True,True,True,False,True,True,True,True,True,True,True,True,True,True,False,False,False,True,True,False,False,True,True,True,True,True,False,True,True,False,False,True,False,False,False,True,True,False,True,False,True,False,True,True,True,False,False,False,False,True,False,True,True,True,True,False,True,True,True,False,True,True,True,True,True,True,True,False,True,False,True,True,True,False,True,True,False,True,False,True,True,False,True,True,False,True,True,True,True
146.Forsters_Tern,False,False,False,True,False,True,False,False,True,False,True,False,False,False,False,False,True,True,False,False,False,False,False,False,False,True,False,True,True,True,False,True,False,True,False,False,False,False,False,True,False,False,False,False,False,False,True,False,False,False,True,True,False,False,False,False,False,True,False,True,True,False,True,True,True,False,True,False,False,False,False,True,False,False,False,True,False,False,False,True,True,False,False,False,False,False,False,False,True,False,True,False,False,False,True,False,True,True,True,False,False,False,True,False,False,False,True,False,False,False,False,False,False,True,True,True,True,False,False,False,False,False,True,True,True,True,True,True,False,True,True,True,False,True,True,True,True,True,True,False,False,True,True,True,True,False,True,False,True,True,True,True,True,False,True,False,True,True,False,True,True,True,False,True,True,True,True,False,True,False,True,True,True,True,False,True,True,True,False,True,True,True,True,True,True,True,False,True,True,False,False,True,False,False,True,True,True,True,False,False,False,True,False,True,False,False,True,True,True,True,False,True,False,False,True,True,False,True,True,True,False,True,True,False,True,True,True,True,True,False,True,False,False,True,True,False,True,True,True,True,False,True,True,False,False,False,False,True,True,True,False,False,True,True,True,False,True,True,False,True,True,True,False,True,False,True,True,True,True,True,True,True,False,True,False,True,True,False,True,True,False,True,True,False,False,False,False,False,True,True,False,False,True,True,True,True,False,True,False,False,True,True,False,True,True,True,False,True,True,True,True,True
147.Least_Tern,True,True,False,False,False,False,False,False,False,False,True,True,False,True,True,False,False,False,True,False,False,False,False,True,False,False,False,True,False,False,False,False,True,False,False,False,False,True,True,False,False,False,False,False,False,False,True,True,False,False,True,False,False,False,False,False,True,True,False,True,False,False,True,False,True,False,True,False,False,False,True,True,False,False,True,False,True,False,True,True,True,False,True,False,False,True,False,False,True,True,False,False,True,False,True,True,False,True,False,False,False,True,True,False,True,True,False,False,False,False,False,False,False,True,True,True,False,True,True,False,True,True,False,True,True,True,True,False,True,True,False,True,False,True,False,True,True,True,True,True,True,False,True,True,True,True,False,False,False,True,False,True,False,False,False,False,True,False,True,False,True,True,False,False,True,False,True,True,False,True,True,True,True,True,False,True,False,False,False,False,True,True,True,True,True,False,True,True,True,True,True,True,True,True,False,False,True,True,True,False,True,True,True,True,False,False,True,True,False,True,True,False,True,False,False,True,True,True,False,False,False,True,True,True,True,True,True,True,True,False,True,True,True,True,True,True,True,False,True,False,True,True,True,True,False,True,False,True,True,True,True,True,True,True,False,False,True,True,False,True,True,True,False,True,True,False,True,True,True,True,True,False,False,False,False,False,True,False,True,False,True,True,True,True,True,True,True,True,False,False,True,True,False,True,True,False,True,True,False,True,True,True,False,True,True,True,False,False,True,False,True,True
148.Green_tailed_Towhee,False,False,False,False,False,False,False,False,True,True,False,False,False,True,False,False,True,False,True,False,False,True,True,False,False,True,False,True,True,False,True,False,False,False,False,False,False,True,True,False,False,True,False,False,False,False,False,False,False,False,True,True,False,False,False,True,False,True,False,True,False,True,False,False,True,True,True,False,False,False,False,False,False,False,False,True,True,False,False,False,False,True,False,True,False,False,True,False,False,False,False,False,False,False,True,False,True,True,True,True,True,False,True,True,False,False,False,False,True,False,True,True,True,True,True,True,True,True,True,True,True,True,True,True,False,False,True,True,True,True,False,False,False,True,True,False,False,True,True,True,True,True,False,False,True,False,True,True,False,True,False,False,False,False,False,True,False,True,True,True,False,True,True,True,True,False,False,True,True,True,True,True,True,False,False,False,False,True,True,True,False,False,True,False,False,True,True,False,True,True,True,True,False,True,False,True,True,True,True,True,True,True,True,False,True,False,True,False,False,True,False,True,True,False,True,True,True,False,True,False,True,True,False,False,True,True,True,False,False,False,True,True,False,True,True,True,True,True,True,True,True,True,True,False,False,True,True,True,False,False,True,True,True,False,True,False,False,False,True,False,True,True,False,True,True,True,True,True,True,True,True,True,False,False,True,True,False,True,False,True,False,True,True,True,True,False,True,False,True,False,True,False,False,True,False,False,True,True,False,True,True,True,True,True,False,True,True,True,True,True,True,True
149.Brown_Thrasher,True,True,False,True,False,False,True,False,True,False,True,False,True,False,False,False,False,False,False,False,False,False,False,False,False,False,False,False,True,False,True,True,False,False,False,False,False,False,False,False,False,False,True,False,False,False,False,False,True,False,True,False,True,True,False,False,True,True,False,True,False,False,False,False,False,False,True,False,True,False,False,True,False,False,False,False,False,False,True,False,False,False,False,False,True,False,False,True,False,False,False,False,False,False,False,False,True,False,False,False,True,False,False,False,False,False,True,True,False,False,False,False,True,False,True,True,True,True,True,False,True,True,True,True,True,True,False,True,True,True,False,True,True,True,False,True,True,True,True,False,True,True,False,True,False,False,False,True,False,True,True,False,False,False,False,True,True,True,False,True,True,True,False,False,True,True,False,True,True,True,False,True,True,True,True,True,True,True,True,True,True,True,False,False,True,True,True,True,False,False,True,False,True,False,True,True,False,False,True,True,True,False,True,True,True,False,True,True,False,True,True,True,True,True,False,False,True,True,True,True,True,False,True,False,True,True,True,True,False,True,False,True,True,False,True,True,True,False,True,True,True,True,True,True,True,True,True,False,True,False,True,True,True,True,True,True,False,False,False,True,True,False,True,True,True,True,False,True,True,True,True,False,False,False,True,False,True,True,True,True,False,False,False,True,False,True,True,True,True,True,False,False,True,True,True,False,True,True,False,False,True,True,True,False,False,True,False,True,True,False,True,False
150.Sage_Thrasher,False,True,False,False,True,True,False,False,False,False,True,False,False,True,True,False,False,False,False,True,False,False,False,False,False,False,False,True,False,True,False,False,False,False,False,False,False,False,False,False,False,False,False,True,False,False,False,False,False,False,False,False,True,False,False,False,False,True,True,False,False,False,False,True,True,True,False,False,True,False,False,False,False,False,False,True,True,False,True,False,False,True,True,False,False,False,True,False,False,True,False,False,False,True,False,False,True,False,True,False,False,False,False,False,True,True,False,True,True,False,False,False,True,False,False,True,True,False,False,True,True,True,True,False,False,True,False,False,True,True,False,True,True,True,False,True,True,True,True,True,True,True,False,True,True,True,False,True,True,True,False,True,True,False,True,True,True,False,False,True,True,True,False,True,True,True,False,True,True,True,False,True,True,False,True,True,True,True,True,True,False,False,False,True,False,False,False,False,True,True,False,False,True,True,True,True,True,True,True,False,True,False,True,False,True,False,False,False,True,False,False,True,True,False,True,True,True,False,False,False,True,True,False,False,True,False,True,False,False,False,True,True,True,True,True,False,True,True,True,True,True,False,True,True,False,True,False,False,True,False,True,True,False,False,True,True,True,True,True,True,True,False,True,False,True,True,True,False,False,False,True,True,True,True,True,True,True,True,True,True,False,True,True,False,True,True,True,True,False,True,True,True,False,False,True,True,False,False,True,False,True,False,True,True,False,False,True,True,True,True,True,False
151.Black_capped_Vireo,True,True,False,False,False,False,False,True,False,False,False,False,True,True,False,False,False,False,False,False,False,False,False,False,False,False,False,False,False,False,True,True,False,False,False,False,True,True,True,False,False,True,True,False,False,False,False,False,True,False,True,True,True,False,False,True,False,False,False,False,False,True,False,False,False,True,False,True,False,False,True,False,True,False,False,False,False,False,False,False,False,True,False,True,False,True,False,False,False,True,False,True,True,True,False,False,False,False,False,False,False,True,True,False,False,False,False,True,True,True,False,False,False,True,False,True,True,False,False,False,False,True,True,True,True,False,False,False,True,True,False,True,True,True,False,False,True,True,True,True,True,True,False,False,True,True,True,False,False,True,True,True,True,True,True,True,True,False,True,False,True,True,True,False,True,False,True,False,True,True,False,False,False,True,True,False,False,True,True,False,True,False,True,True,True,True,True,True,True,False,True,True,True,True,True,False,False,True,True,True,True,True,False,True,False,True,False,True,True,True,False,True,True,True,True,False,True,False,True,True,True,True,False,True,True,False,False,False,False,False,True,True,False,True,True,True,True,True,False,True,True,True,True,False,False,False,True,False,True,True,True,True,False,False,True,True,True,True,True,True,True,True,False,True,True,True,True,True,False,True,True,True,False,True,True,True,True,True,True,False,True,False,True,True,False,True,True,False,True,False,False,True,True,False,True,False,False,False,True,False,True,True,False,True,True,True,True,True,True,True,False,False
152.Blue_headed_Vireo,False,False,False,False,False,True,False,False,False,True,False,False,False,False,True,False,True,False,True,False,False,False,False,False,False,False,False,True,False,False,True,True,False,False,False,True,False,False,False,False,False,False,False,True,True,True,False,True,False,True,False,False,True,False,False,False,False,False,True,False,True,False,True,True,False,False,True,True,True,False,False,True,True,False,False,True,True,False,False,True,False,False,False,False,False,True,True,False,False,True,True,True,True,False,False,False,True,False,False,False,False,True,False,False,True,False,False,False,True,False,True,False,True,False,False,True,True,False,False,True,True,True,True,True,True,True,True,True,True,False,True,False,True,True,False,False,False,False,True,True,True,True,True,False,True,True,True,True,True,True,True,True,True,True,True,True,False,False,False,True,True,False,True,True,False,True,True,False,True,True,False,True,True,False,False,False,True,True,True,True,True,True,False,True,True,True,False,False,False,True,True,False,True,False,True,True,True,True,True,True,False,True,True,True,True,False,True,True,True,False,True,True,True,False,True,True,True,True,False,True,False,True,True,True,True,True,True,False,True,True,False,False,True,True,True,True,False,True,True,True,True,True,True,True,True,True,False,False,False,True,False,True,True,False,False,True,True,False,True,False,True,True,False,False,False,False,True,False,False,True,True,True,True,True,False,False,False,False,True,True,True,True,True,True,True,True,True,True,False,True,False,True,True,False,False,True,True,True,True,False,False,True,True,True,False,True,True,True,False,False,True,False
153.Philadelphia_Vireo,False,False,True,False,True,True,False,False,False,False,False,False,True,False,False,False,False,False,False,False,False,False,False,False,True,False,False,True,False,False,False,True,False,True,False,False,False,True,True,True,False,True,False,False,True,False,False,True,False,True,False,True,False,False,False,True,False,False,False,False,False,False,True,True,False,False,False,False,False,False,False,False,False,False,False,False,False,True,False,False,False,False,False,False,False,True,False,True,False,True,False,False,True,True,True,False,True,False,False,False,False,False,True,False,False,False,False,False,False,False,False,False,True,False,True,True,False,True,True,True,True,False,False,True,False,False,True,True,True,True,True,True,False,False,False,True,False,True,False,True,True,True,True,True,True,True,True,True,False,True,True,False,True,False,False,True,True,True,True,True,True,True,True,False,True,True,True,True,True,False,True,False,False,True,False,True,True,True,False,True,True,True,True,True,True,True,False,True,True,True,True,False,True,True,True,False,True,True,True,True,False,False,True,False,False,True,True,True,True,True,True,True,True,False,False,True,True,True,True,True,True,False,False,False,False,True,True,True,True,True,False,False,True,True,True,True,False,True,False,True,True,True,False,True,False,False,False,True,True,False,True,True,False,True,False,True,True,True,True,True,True,True,False,True,False,True,True,False,False,False,True,True,False,True,True,False,False,False,False,False,True,True,True,True,True,False,False,True,True,True,True,True,False,True,True,False,True,False,True,True,False,True,True,True,True,True,True,False,True,True,True,False
154.Red_eyed_Vireo,False,False,False,False,False,False,False,False,False,True,False,False,True,True,True,False,False,False,False,False,False,True,True,False,False,True,False,False,False,False,False,True,True,False,False,False,False,False,True,True,False,True,False,False,False,False,True,True,True,True,False,True,False,False,False,True,False,False,False,True,True,False,True,True,False,False,True,False,False,True,True,False,True,True,False,False,False,False,False,False,False,False,False,False,False,False,True,True,False,False,False,True,False,True,False,False,True,False,False,False,False,False,True,False,False,False,True,True,False,False,False,True,True,True,False,True,True,True,True,True,False,True,True,True,True,True,True,False,True,False,True,False,True,True,False,True,False,False,True,True,True,False,True,True,True,True,True,True,True,True,False,False,True,True,False,True,True,True,False,True,False,True,False,True,True,True,False,False,True,True,False,False,True,True,True,False,False,True,True,True,True,False,False,True,True,True,True,True,False,False,True,False,True,False,False,True,False,True,True,False,False,False,False,False,True,False,False,True,True,True,True,True,False,True,True,True,False,True,False,True,True,True,True,True,True,True,True,False,True,True,False,False,False,True,False,True,True,False,True,True,True,False,True,True,True,False,False,True,False,False,False,False,True,True,True,True,True,True,True,True,True,True,True,True,True,True,False,True,True,True,True,True,True,True,True,True,True,True,False,True,False,False,True,True,True,True,True,True,True,True,True,True,True,False,True,True,False,True,True,True,True,True,True,False,False,True,False,False,True,False,True,False
155.Warbling_Vireo,False,False,True,False,False,False,False,False,False,True,False,False,False,False,False,False,True,False,False,False,False,True,True,False,True,False,False,False,False,False,True,True,False,False,False,False,False,False,False,False,False,False,False,True,False,False,False,False,False,False,False,False,True,False,False,True,False,False,True,False,False,False,False,False,True,False,False,False,False,False,False,True,False,False,False,True,True,False,False,False,False,True,False,False,False,False,False,False,False,False,False,False,False,False,False,True,False,False,True,True,True,False,False,False,False,False,True,True,False,False,False,False,True,False,True,True,True,True,False,False,True,False,True,True,False,True,True,True,False,False,True,True,False,True,True,True,True,True,True,False,True,True,False,True,True,True,False,False,True,True,False,True,True,True,True,True,True,True,True,True,True,True,False,True,True,True,True,True,True,False,False,True,False,False,True,False,True,True,True,True,True,True,True,True,False,True,True,True,False,True,False,True,True,True,True,False,True,True,True,True,True,False,True,True,True,True,True,True,True,True,False,True,False,False,True,True,True,True,True,False,False,True,False,True,False,True,True,True,True,True,True,True,True,True,False,False,False,True,False,True,True,True,False,False,True,False,False,False,True,True,False,True,True,True,True,True,False,False,True,False,False,True,True,True,True,True,True,True,True,True,True,True,False,True,True,True,True,True,True,True,True,False,False,True,False,False,True,True,True,True,True,True,False,True,True,True,True,True,False,True,True,True,True,False,True,False,True,True,True,False,True,True
156.White_eyed_Vireo,False,False,True,False,False,True,False,False,True,False,True,True,False,False,False,True,False,False,False,False,True,False,False,False,False,False,True,True,False,True,True,False,False,False,False,False,False,False,True,True,True,False,False,False,False,False,True,True,True,False,True,False,False,False,True,False,False,False,True,True,True,True,False,False,False,False,True,False,False,True,False,False,False,False,True,False,True,False,True,False,False,True,False,True,True,False,True,False,False,False,False,False,True,False,False,False,False,False,False,False,False,False,False,False,False,False,True,False,False,True,True,False,False,True,True,True,False,False,True,True,True,False,False,True,True,False,False,True,True,True,False,True,True,True,True,False,True,False,False,True,True,True,True,True,True,True,False,True,True,True,False,False,False,False,True,False,True,True,True,False,False,False,True,False,True,True,True,True,False,False,True,True,True,False,True,True,True,True,True,False,True,True,True,True,True,True,True,True,True,True,True,True,False,True,True,True,False,True,False,False,True,True,True,True,True,True,True,False,True,True,True,False,False,True,False,True,True,True,True,True,False,True,True,False,True,True,True,True,False,False,True,True,True,False,True,True,True,False,True,True,True,True,False,True,True,True,True,True,True,True,True,True,True,True,True,False,True,False,False,False,True,False,True,True,False,True,True,True,False,False,True,True,True,True,True,True,True,True,True,False,True,False,True,True,True,True,False,True,False,True,False,True,False,False,False,False,False,True,True,True,True,True,False,False,False,True,False,True,False,True,True,False
157.Yellow_throated_Vireo,False,True,False,False,False,False,False,False,False,True,False,False,False,False,True,False,True,False,False,False,True,False,False,True,False,True,False,False,False,False,False,False,False,False,False,True,False,True,False,True,False,True,False,False,True,False,True,False,False,True,False,False,False,False,False,False,False,False,False,False,True,False,True,False,False,True,False,False,True,False,False,True,True,True,False,False,True,True,True,False,False,False,False,False,False,False,True,False,False,False,False,False,True,True,False,False,False,True,False,False,False,False,False,False,True,True,False,False,True,True,False,False,True,True,False,True,True,True,True,True,True,False,True,False,True,True,True,True,True,True,True,False,True,False,False,False,True,False,True,True,True,False,True,True,True,True,True,False,True,True,False,True,False,False,False,True,True,False,True,True,True,True,False,True,True,False,True,True,False,False,True,True,False,True,False,True,False,True,True,True,True,True,False,True,False,True,True,False,True,False,True,True,False,True,False,False,False,True,True,False,False,True,True,True,True,True,True,True,False,False,True,True,False,True,False,True,True,True,True,True,True,False,True,True,True,True,True,False,True,True,False,True,False,True,True,True,True,False,False,True,False,False,True,True,True,False,True,True,True,True,True,False,False,False,True,False,True,False,True,True,False,True,True,False,False,True,True,False,True,True,True,False,False,True,False,True,False,True,True,False,True,True,False,True,True,True,False,True,True,True,True,False,True,False,False,False,False,True,True,True,True,True,True,False,True,True,False,False,False,True,False,True
158.Bay_breasted_Warbler,False,True,True,False,True,False,False,True,False,False,True,False,True,True,False,False,True,True,False,False,False,False,True,True,True,False,False,True,True,False,False,False,False,True,False,True,False,False,False,False,True,False,False,False,False,False,True,False,False,False,True,False,False,False,False,True,False,True,False,True,False,True,False,False,True,True,True,True,False,False,False,False,False,False,True,True,False,True,True,False,False,True,False,False,False,False,False,False,False,False,False,False,False,True,True,False,False,True,True,True,False,True,True,True,False,False,False,False,True,False,False,False,True,True,False,True,True,True,True,True,True,True,True,True,False,False,True,True,True,True,True,False,True,True,True,True,False,True,False,True,True,True,True,True,True,True,True,True,True,False,True,False,True,True,True,True,True,True,True,False,True,True,False,True,True,True,False,True,True,False,True,False,True,True,False,True,True,True,False,True,True,True,True,True,True,True,False,True,True,False,True,True,True,True,True,True,False,True,True,True,True,False,True,False,True,True,True,True,True,True,True,False,False,True,False,True,True,True,False,True,True,True,False,False,True,True,False,False,True,True,False,True,False,True,False,False,True,False,True,True,True,True,False,True,True,False,True,True,True,False,True,True,True,True,False,True,True,False,True,False,True,True,True,True,True,True,True,True,False,False,True,True,True,False,True,True,False,True,True,True,True,False,True,True,True,False,True,True,True,True,False,True,True,False,True,True,True,True,True,True,True,False,False,False,True,False,True,True,True,False,True,False
159.Black_and_white_Warbler,False,True,False,False,False,True,False,False,False,False,True,False,True,False,False,True,False,False,False,False,False,False,True,False,False,True,False,False,False,False,False,True,False,False,True,False,True,True,False,False,True,False,True,False,False,False,False,True,False,False,True,False,True,False,True,True,True,False,False,False,False,True,True,True,False,True,False,True,False,False,False,False,True,True,True,False,True,True,True,True,True,False,False,False,False,True,True,False,False,False,False,True,True,False,True,True,False,False,False,True,False,False,False,True,False,True,True,True,False,False,False,True,False,True,True,True,True,True,True,True,False,True,True,False,False,True,True,True,False,True,True,True,True,False,True,True,True,False,True,True,True,True,True,True,False,True,True,True,True,True,True,True,True,False,True,True,True,False,True,False,False,True,True,True,True,True,True,True,False,False,True,True,False,True,True,True,True,True,True,True,False,False,True,True,False,False,True,False,True,True,False,True,True,True,False,False,True,True,False,True,True,False,True,True,False,False,True,True,False,True,False,True,True,True,True,False,True,True,True,True,False,True,True,True,True,True,False,True,True,True,False,True,True,True,True,True,False,True,True,True,True,True,False,True,True,True,True,True,True,True,True,False,True,True,True,False,False,True,False,True,False,True,True,True,True,True,True,True,False,False,False,True,True,True,True,True,True,True,True,True,False,True,True,True,True,False,True,True,False,True,True,True,True,False,True,False,True,True,False,True,True,True,True,True,False,True,False,False,True,True,False,False
160.Black_throated_Blue_Warbler,False,False,False,False,True,False,True,False,False,False,False,False,True,False,False,False,False,False,False,False,False,False,False,True,False,True,False,False,True,False,False,False,False,False,True,False,False,False,False,False,False,False,False,False,False,False,False,True,False,False,False,False,False,False,False,False,False,False,True,False,True,False,False,True,True,True,False,False,False,False,False,False,False,False,False,False,False,True,True,False,False,False,False,False,False,False,False,False,False,False,True,False,False,False,True,False,True,True,False,True,False,False,False,True,False,False,True,True,False,False,False,False,True,True,False,False,True,False,True,True,False,True,True,True,False,True,False,True,False,False,True,False,True,False,False,True,False,False,False,False,True,False,True,True,True,True,True,True,True,True,True,True,True,True,True,True,False,True,True,True,True,False,True,True,True,False,False,True,False,True,True,True,True,True,True,False,False,True,True,True,True,False,True,True,True,True,True,True,True,True,True,False,False,True,True,True,True,True,False,True,True,False,False,False,True,False,True,True,False,True,False,False,True,True,False,True,True,False,False,True,True,True,True,True,True,True,True,False,False,True,True,False,False,True,True,True,True,False,True,True,False,False,True,True,False,False,True,True,False,True,True,True,False,False,True,True,True,True,False,True,True,True,False,True,True,True,False,False,True,True,True,False,True,False,True,True,True,False,True,False,True,False,False,False,True,True,True,False,True,True,False,True,True,False,False,False,False,True,False,True,False,True,True,True,True,False,True,False,True,False,True,True
161.Blue_winged_Warbler,False,True,True,False,True,True,False,False,False,True,False,False,False,True,True,False,True,True,False,False,False,False,False,False,False,False,False,False,True,False,True,False,False,True,False,True,True,False,False,False,True,True,False,True,False,False,False,True,True,False,True,True,True,True,True,False,False,False,True,False,False,True,False,True,True,False,False,True,False,False,True,True,True,False,False,False,True,True,True,False,False,False,False,True,False,True,False,True,False,True,False,False,True,True,False,False,False,False,False,False,False,True,False,False,False,True,False,False,False,True,False,False,True,False,False,True,True,True,True,False,False,False,True,True,False,False,True,True,True,False,False,False,True,True,True,False,True,True,True,True,False,True,True,True,True,True,True,False,True,True,True,True,True,False,True,False,True,False,False,True,True,True,False,True,True,False,True,False,True,True,True,False,False,True,False,True,False,True,False,False,True,False,True,False,False,True,True,True,True,True,True,True,False,False,True,True,True,True,True,False,True,False,False,True,False,True,True,True,True,True,True,False,False,False,False,True,True,True,True,False,True,True,False,True,True,True,True,True,False,True,True,True,True,True,True,True,False,False,True,True,True,False,True,True,True,True,True,False,False,False,False,True,True,True,False,True,False,True,True,True,True,False,True,True,True,True,True,True,True,True,True,True,False,True,True,False,True,True,True,True,True,True,False,True,False,True,False,False,False,False,True,True,True,False,True,True,True,False,True,True,False,True,False,True,False,False,False,True,True,True,True,True
162.Canada_Warbler,True,True,True,False,True,False,False,True,True,True,False,False,False,False,False,False,False,False,False,True,False,True,False,False,False,True,False,False,False,False,True,False,False,True,False,False,True,False,False,True,True,True,False,False,False,False,False,False,True,False,True,False,False,True,False,False,True,True,False,True,False,True,False,True,False,True,True,False,False,False,False,False,True,False,False,False,False,False,False,False,False,False,True,False,False,False,False,False,True,False,True,False,False,True,False,True,True,False,False,False,False,True,False,False,False,False,False,False,False,False,False,False,True,True,True,False,False,True,True,True,False,True,True,True,True,True,False,False,True,True,True,True,True,True,True,True,False,True,True,False,True,True,False,True,False,True,True,True,True,True,True,False,True,True,True,True,True,False,True,True,False,True,False,False,False,True,False,True,True,True,True,True,True,True,True,False,True,True,True,False,False,True,False,True,False,True,True,True,True,True,True,True,True,False,True,True,True,True,True,False,True,False,False,False,True,True,True,False,True,False,True,False,False,True,False,False,True,False,False,True,False,True,True,True,False,True,True,True,False,False,True,False,True,True,True,True,True,True,False,True,True,True,True,True,True,False,True,True,True,False,False,False,True,True,True,True,False,False,True,False,True,False,True,True,False,True,True,False,False,True,True,True,True,False,False,True,True,True,False,False,True,False,True,True,True,True,True,True,True,True,False,True,True,True,True,True,True,False,True,False,True,False,True,True,True,True,True,False,True,True,False,True
163.Cape_May_Warbler,True,True,False,False,False,False,True,False,False,False,True,True,True,True,False,False,False,True,False,False,True,False,False,False,False,False,False,True,False,False,False,True,False,False,False,True,True,False,True,False,False,False,False,False,False,False,False,False,True,True,False,False,False,False,True,False,False,False,False,True,True,False,False,False,False,False,False,False,False,False,True,True,False,False,True,False,False,True,False,False,False,False,False,False,False,False,True,False,False,False,False,False,True,False,True,False,False,False,False,False,False,False,True,False,False,False,False,True,False,False,True,False,True,False,True,False,True,True,True,True,False,False,True,True,True,False,True,True,False,True,True,True,True,True,True,True,True,True,True,False,True,True,True,False,True,True,True,False,False,True,True,True,True,False,False,True,True,True,True,False,False,True,True,True,False,True,True,True,False,True,True,True,False,True,True,False,True,False,True,True,False,False,True,True,False,False,False,True,True,True,True,True,False,True,True,False,False,True,False,True,True,True,True,True,False,True,True,True,False,False,True,False,True,True,True,True,True,True,True,True,True,True,False,True,True,True,False,True,True,True,False,True,True,True,True,True,True,True,True,True,True,True,True,True,False,False,True,True,True,True,True,True,False,True,True,False,False,True,True,True,True,False,False,False,True,False,False,True,False,True,False,True,True,False,False,True,True,True,False,True,True,True,True,True,False,True,True,True,True,False,True,True,False,True,True,True,False,False,True,False,True,True,False,False,True,False,True,True,False,False,True,True
164.Cerulean_Warbler,True,False,True,False,False,False,True,False,False,False,False,False,False,True,False,False,False,True,True,True,False,True,False,False,False,False,False,True,False,False,True,False,False,False,False,False,False,False,False,True,False,False,True,False,False,False,True,False,False,False,False,False,False,True,True,True,True,True,False,False,False,False,False,False,True,False,False,False,False,False,False,False,False,False,False,False,True,False,False,False,False,False,False,False,False,True,True,True,True,False,True,False,False,True,True,True,False,False,False,True,False,False,True,False,True,True,True,True,True,False,False,False,True,True,False,True,True,True,True,True,True,False,False,True,True,True,False,True,True,True,True,False,False,False,True,True,False,False,False,True,True,True,True,False,True,True,True,True,False,True,True,True,False,True,True,True,True,True,True,True,True,True,True,True,True,True,True,True,True,True,False,True,True,False,True,True,True,True,True,False,False,True,True,True,True,False,True,True,True,True,False,True,False,True,True,True,False,True,True,False,False,True,False,True,False,True,True,True,True,False,False,True,False,False,True,True,True,False,True,False,True,True,True,True,False,True,False,False,True,True,False,True,False,True,True,True,False,True,True,True,True,False,False,True,True,True,True,False,True,True,False,True,True,True,True,False,True,True,True,True,True,True,True,False,True,True,False,False,True,False,True,True,True,True,True,False,True,False,True,True,True,True,False,True,True,True,True,True,True,False,False,False,True,True,True,True,True,False,True,True,False,True,False,True,True,True,False,True,True,True,True,True
165.Chestnut_sided_Warbler,True,False,False,True,False,False,False,False,True,False,False,False,True,False,False,True,False,True,True,False,False,False,False,False,False,False,False,False,False,False,True,False,True,True,False,True,True,True,False,False,False,False,False,True,True,False,False,True,True,True,True,False,False,False,False,False,False,True,False,False,False,False,False,False,False,False,False,False,False,False,False,True,True,False,False,False,True,False,True,False,True,False,True,True,False,False,False,True,False,True,False,True,True,True,True,False,False,False,False,True,False,False,False,False,True,False,False,False,True,False,True,False,False,True,True,True,False,False,False,True,False,True,True,False,True,False,False,True,True,False,True,False,False,True,False,True,True,True,True,True,False,False,True,True,True,True,True,True,True,True,True,False,False,False,True,True,True,True,True,True,True,True,True,True,True,True,True,True,True,False,False,True,False,True,True,False,True,False,True,False,False,False,False,True,True,True,False,True,True,True,True,True,True,True,True,False,True,True,True,True,True,True,True,True,True,True,True,True,True,True,True,True,True,True,False,True,True,False,False,True,True,True,True,False,True,True,True,True,True,True,True,True,False,True,False,False,False,True,True,False,True,True,True,False,True,True,True,False,True,False,True,False,True,False,True,True,True,False,False,True,False,False,True,True,False,True,True,False,True,True,True,True,True,True,False,False,False,False,True,True,True,False,False,False,True,False,True,True,True,True,True,True,True,True,True,True,False,True,True,False,True,True,True,False,False,True,False,False,True,True,True,True
166.Golden_winged_Warbler,False,True,False,True,False,False,False,False,True,False,False,False,False,False,True,True,False,True,True,False,False,False,False,True,True,False,False,True,False,False,False,True,True,False,False,False,True,False,True,True,False,False,True,False,True,False,False,False,False,True,True,False,False,False,True,False,False,False,False,False,False,False,True,False,False,False,False,False,False,False,True,True,False,False,False,False,False,False,False,False,False,True,False,False,False,False,False,True,True,True,False,False,True,False,True,False,True,False,True,True,False,True,True,False,False,False,False,True,True,True,True,True,True,True,False,True,True,True,True,False,True,True,True,True,False,False,False,True,True,True,True,True,True,True,True,False,False,False,False,True,False,False,False,False,False,True,True,True,True,True,False,False,True,True,False,True,False,True,False,True,True,True,True,False,False,True,True,False,False,True,True,False,True,False,True,True,False,False,False,True,True,True,True,False,True,True,True,True,False,False,True,False,True,True,True,True,True,True,True,True,True,True,True,True,True,True,True,False,True,True,True,True,True,True,False,True,False,True,True,True,True,True,False,True,True,True,True,True,True,True,False,False,True,False,True,False,True,True,True,True,True,True,False,False,True,True,False,False,True,True,True,False,True,True,True,True,False,True,True,False,True,True,True,True,True,True,True,True,False,True,False,False,True,True,True,False,True,True,True,True,True,True,True,True,True,True,False,True,True,True,True,True,False,True,True,True,True,False,True,True,False,True,True,True,True,False,True,True,True,True,True,False
167.Hooded_Warbler,False,False,False,False,True,False,False,False,False,False,True,False,True,False,False,False,False,False,False,False,False,False,True,False,False,True,False,True,True,False,False,True,False,True,False,False,False,False,False,False,False,True,True,False,True,True,False,True,False,False,False,False,False,False,False,False,True,False,False,False,False,False,False,True,True,False,False,False,True,False,False,True,True,False,True,False,True,False,False,False,True,False,True,False,False,True,False,False,False,False,False,False,False,True,False,False,False,False,True,False,False,True,True,True,False,False,False,True,True,False,False,False,True,False,True,True,True,True,True,True,True,True,True,True,False,True,True,True,True,True,True,False,True,True,False,True,True,False,False,False,True,True,True,False,True,False,False,False,True,False,True,True,False,False,True,False,True,True,True,True,True,True,True,False,False,True,False,False,True,True,False,True,True,False,False,True,True,True,False,False,False,True,True,True,True,True,True,True,True,True,True,True,True,True,True,True,True,True,True,True,True,True,True,False,True,True,True,False,True,False,False,True,True,True,True,True,False,True,True,False,True,True,True,False,False,False,True,True,True,True,True,True,True,True,True,True,True,True,False,False,True,True,True,True,False,True,False,True,True,True,True,True,False,True,True,False,True,False,True,False,True,True,True,False,True,False,True,True,False,True,True,True,True,True,True,True,True,True,False,True,True,True,True,True,True,True,True,True,False,False,True,True,True,False,True,True,False,True,True,True,True,True,True,True,True,True,False,False,True,True,True,True
168.Kentucky_Warbler,False,False,False,True,True,False,True,False,False,False,False,True,False,False,False,False,True,True,False,False,True,True,False,True,False,True,False,False,False,False,True,False,False,False,False,True,True,True,False,False,True,False,False,False,False,True,False,False,True,False,True,True,False,True,False,False,False,True,False,True,True,False,False,False,False,False,False,False,False,False,True,True,True,True,False,False,False,False,True,False,True,False,False,True,False,False,False,False,False,False,False,False,False,False,True,True,True,True,False,False,False,False,False,False,False,False,False,False,False,True,True,False,True,False,True,True,False,True,False,False,False,True,False,False,True,False,True,True,True,True,True,True,False,True,False,False,True,True,True,True,False,True,True,True,True,False,False,False,True,False,False,True,True,False,False,True,True,True,True,True,False,True,False,True,True,False,False,False,True,True,True,True,False,False,True,True,True,False,False,True,False,True,False,True,False,False,True,True,True,True,True,True,True,False,True,True,True,True,True,True,True,False,False,True,True,True,True,True,True,False,False,True,True,True,False,False,False,True,True,True,False,True,False,False,True,True,True,False,False,True,True,True,True,False,True,True,True,True,False,False,True,True,True,True,False,True,False,True,True,True,False,True,True,True,False,True,True,True,False,True,True,True,True,True,False,True,True,True,True,False,True,False,True,True,True,True,True,True,True,False,True,True,True,True,True,True,True,False,False,True,False,True,True,True,False,True,False,True,True,False,False,False,True,True,True,False,False,True,False,True,True,False
169.Magnolia_Warbler,False,True,False,False,True,False,False,True,False,False,False,False,False,False,False,False,True,True,False,False,False,False,False,False,False,False,False,True,False,True,False,False,True,True,True,False,False,False,False,False,False,True,False,False,False,True,True,True,False,False,True,True,False,False,False,False,True,True,True,True,True,False,True,False,True,False,False,True,False,False,True,False,False,False,False,False,False,False,False,False,True,True,False,False,True,True,True,False,False,False,True,False,True,False,False,True,False,False,True,False,False,False,False,False,True,True,False,False,False,True,False,False,False,False,True,True,True,False,True,True,True,True,True,False,True,False,True,True,False,True,False,False,True,True,True,False,True,True,True,True,True,True,False,False,True,True,True,False,True,True,False,False,True,False,True,False,True,True,True,True,True,False,True,True,True,True,True,True,False,True,False,True,False,True,False,True,False,False,True,True,True,True,False,False,True,True,True,True,True,True,True,True,True,True,False,False,True,True,True,False,False,True,False,True,False,False,True,True,True,False,True,True,True,True,True,False,False,True,True,True,False,True,False,False,True,True,True,True,True,True,True,False,False,True,True,True,False,True,True,True,False,True,False,True,True,True,True,True,True,True,False,False,True,True,True,True,True,False,True,True,False,True,True,True,True,True,True,True,False,True,False,True,False,True,False,True,False,False,True,False,True,False,True,False,True,False,True,True,True,True,True,True,True,False,True,True,True,True,True,True,False,False,True,True,True,True,True,True,True,True,False,False
170.Mourning_Warbler,False,False,True,False,False,False,True,False,True,True,False,True,True,False,False,False,False,False,False,False,False,False,False,False,False,False,False,True,True,False,False,True,False,True,True,False,True,True,False,True,False,True,True,False,False,False,False,False,False,False,False,True,False,False,True,True,False,True,False,False,True,False,False,False,False,True,False,False,False,False,False,False,False,False,False,False,False,False,False,True,False,False,False,False,False,False,True,False,False,False,True,False,False,False,False,False,False,False,True,False,False,False,False,False,True,False,False,False,True,False,False,False,True,True,False,False,True,True,True,True,True,True,True,True,False,False,False,True,True,True,False,True,False,False,True,True,False,True,False,True,True,True,True,True,True,True,False,True,False,False,True,True,False,False,True,True,False,False,True,False,False,True,True,True,True,True,True,False,True,True,True,True,True,True,True,True,True,True,True,False,True,False,True,False,True,True,True,True,True,True,True,True,False,True,True,True,True,True,True,True,False,False,True,False,True,False,True,True,True,False,True,True,False,False,True,True,False,True,True,False,True,True,True,True,True,False,True,True,True,True,False,True,False,True,False,False,False,True,True,True,True,True,True,True,True,True,True,False,True,True,False,True,False,True,True,True,True,False,True,False,False,False,False,False,False,True,False,True,False,True,True,True,False,True,False,False,False,True,False,False,False,False,True,False,True,True,True,True,True,False,False,True,True,False,False,False,True,True,True,False,True,True,True,False,True,False,True,True,True,True,True,True
171.Myrtle_Warbler,False,False,False,False,False,False,False,False,False,True,False,False,True,False,False,False,False,True,False,False,False,False,True,True,False,False,False,False,True,True,True,False,True,False,False,False,True,False,False,False,False,False,False,False,True,True,False,True,False,True,True,False,True,False,False,True,True,False,False,False,False,False,True,True,False,True,False,True,False,False,False,True,False,False,False,True,False,True,False,False,False,False,True,False,False,True,False,False,False,False,False,False,False,False,False,False,False,True,False,False,False,False,False,False,False,False,False,True,False,False,True,False,False,True,False,False,True,True,True,True,True,False,True,True,True,False,True,True,True,True,True,True,True,True,False,True,False,False,False,True,True,True,True,True,True,False,True,True,False,True,False,False,False,True,True,True,True,False,False,False,False,True,True,True,True,False,True,True,False,False,False,True,True,False,True,True,False,True,True,False,True,True,True,False,True,False,False,True,False,True,True,True,True,False,True,False,True,False,True,True,True,False,True,True,False,True,True,False,True,True,False,False,True,True,False,True,True,False,True,False,False,True,True,True,True,True,True,True,False,False,True,True,False,True,True,True,True,True,True,False,True,False,True,False,True,True,True,True,False,False,False,True,True,True,False,True,True,True,True,True,False,True,False,True,True,True,True,True,False,True,False,True,True,True,True,True,False,True,True,True,True,True,False,True,False,True,True,False,True,False,True,True,True,True,True,True,True,False,True,True,False,True,True,False,True,True,True,True,True,False,True,False
172.Nashville_Warbler,False,False,False,False,False,False,False,False,False,False,False,False,False,False,False,False,True,False,False,True,True,False,False,True,True,True,False,False,False,False,False,True,True,True,True,False,False,False,False,True,True,False,False,False,False,True,False,False,True,False,False,False,False,False,False,True,False,False,False,True,False,True,True,False,True,False,False,False,False,False,True,False,True,True,False,False,False,False,False,True,True,False,False,False,True,False,False,False,False,True,False,True,False,False,True,False,False,True,False,True,False,True,False,False,True,False,False,False,False,False,True,False,False,True,False,True,True,True,True,True,True,False,True,False,True,True,False,True,False,True,True,True,True,True,True,False,False,False,True,True,True,False,True,False,False,True,True,False,False,True,True,True,False,True,True,True,True,True,True,True,True,False,True,False,True,False,True,False,True,False,True,False,False,True,True,True,False,True,False,True,True,False,True,True,False,False,True,False,True,False,False,True,True,False,True,False,True,True,True,False,True,True,False,True,True,True,False,True,False,True,False,False,True,True,True,True,True,True,True,False,True,True,True,True,True,False,True,True,True,True,True,True,True,True,False,True,True,True,False,False,True,True,True,True,False,True,True,True,True,False,True,False,False,False,True,True,True,True,True,False,True,True,False,False,True,True,False,True,True,True,True,True,True,True,True,False,True,True,False,True,True,True,True,True,False,False,False,False,True,True,True,True,False,True,True,True,True,True,True,True,False,True,True,False,True,True,False,True,True,True,True,True
173.Orange_crowned_Warbler,True,False,False,False,False,False,False,False,False,True,True,False,False,False,False,False,False,False,False,False,False,True,True,False,True,False,False,False,False,True,False,True,False,True,True,True,False,True,False,False,True,True,False,False,False,True,False,False,True,False,False,True,False,False,False,False,False,True,True,True,False,False,False,False,False,False,False,True,False,False,True,True,False,False,True,False,False,False,False,False,False,False,True,True,False,False,True,False,False,False,False,False,True,False,False,False,False,False,False,False,False,True,False,False,False,False,False,False,False,False,False,True,False,True,True,False,False,True,True,False,True,False,True,True,True,False,True,True,True,True,True,True,True,True,True,True,False,True,True,True,True,False,False,True,True,True,True,True,True,True,False,True,False,False,False,True,True,True,True,True,False,False,True,True,False,True,False,True,True,True,True,True,True,True,False,True,True,False,True,False,True,True,True,True,True,False,True,False,True,True,True,False,True,False,True,True,True,True,True,False,True,False,True,True,True,True,True,False,True,False,True,False,True,True,True,True,False,True,False,True,True,False,True,False,False,True,True,False,True,False,True,True,True,True,True,True,True,True,True,True,False,True,False,True,True,False,True,True,True,True,True,True,True,False,True,True,True,True,True,True,True,True,True,True,False,True,True,False,True,True,False,True,True,True,False,True,False,False,False,True,False,False,False,True,True,True,True,True,True,False,True,True,True,True,True,True,False,True,False,True,False,True,False,True,False,True,True,True,True,True,False,True
174.Palm_Warbler,False,True,False,False,False,True,False,False,False,True,False,False,False,False,True,False,False,True,False,False,True,False,True,False,True,False,True,True,True,False,False,False,False,True,True,False,False,True,False,False,False,False,True,False,True,False,False,False,False,False,False,False,False,True,False,False,False,False,False,False,False,True,True,True,True,False,False,False,False,False,False,False,False,True,False,False,True,True,True,False,False,False,False,False,True,True,True,True,True,False,False,False,True,False,False,False,False,False,False,False,True,True,False,True,False,False,True,False,False,True,False,False,True,True,True,True,False,True,False,True,False,True,True,False,True,False,True,True,False,True,True,True,True,True,True,True,True,False,True,True,True,True,True,True,False,True,False,True,False,True,False,False,True,False,True,True,True,True,True,True,True,True,True,True,False,False,False,True,True,True,True,True,False,True,True,True,False,False,True,True,False,True,False,True,False,True,False,True,True,True,True,True,True,True,True,True,True,True,True,True,True,False,False,True,True,False,True,True,True,True,False,True,True,False,True,False,True,True,True,True,True,True,False,True,False,True,True,True,True,True,True,True,False,True,True,True,False,True,False,True,False,True,True,False,True,False,True,True,False,True,True,True,True,True,True,False,True,True,True,True,False,True,True,False,True,False,True,True,False,False,False,True,False,True,False,False,False,True,False,True,True,True,False,True,False,False,True,False,False,False,True,False,True,True,True,False,True,True,True,True,False,True,False,True,True,True,True,True,True,True,False,True
175.Pine_Warbler,False,False,False,True,False,False,False,False,False,True,False,False,False,False,False,True,False,False,True,False,False,True,False,False,True,False,False,False,False,False,False,True,False,False,True,False,True,True,False,False,False,True,True,False,True,True,True,False,False,True,True,False,True,False,True,False,True,True,False,False,True,False,False,False,False,True,False,False,False,True,True,False,False,True,True,False,False,False,False,True,False,False,False,False,True,False,True,False,True,False,False,False,False,False,False,False,False,False,False,True,False,False,True,False,False,False,True,False,False,False,True,False,False,True,True,False,True,True,True,True,False,False,True,True,True,False,True,False,True,True,False,True,True,False,True,True,True,True,False,True,True,False,True,False,False,True,True,True,True,False,False,False,True,False,True,True,True,True,True,True,False,True,True,True,True,True,True,True,True,True,True,False,False,True,True,True,False,True,True,False,True,False,False,True,True,True,True,True,False,False,False,True,True,True,False,True,False,False,True,True,True,True,True,True,True,True,True,True,False,True,True,True,True,True,True,True,True,True,True,True,False,True,False,True,True,False,True,True,True,True,True,False,True,False,False,False,True,True,True,True,True,False,True,True,True,False,False,True,True,True,True,True,True,True,True,True,True,False,True,False,False,True,True,True,True,False,True,False,True,True,True,True,True,False,True,True,True,True,True,True,True,False,True,True,True,True,False,True,True,False,False,True,True,True,True,True,True,False,False,True,True,True,True,True,True,True,True,True,True,True,True,True
176.Prairie_Warbler,False,False,False,False,False,True,False,False,False,False,False,False,True,False,False,False,True,False,False,False,False,False,False,True,False,True,False,False,False,True,False,True,True,False,False,False,False,False,True,False,False,True,False,False,False,True,False,False,True,True,False,False,False,False,False,False,False,False,False,True,True,False,True,False,False,False,False,False,False,False,False,True,False,True,False,False,False,True,True,False,False,False,False,False,True,False,False,True,False,False,False,False,False,False,False,False,True,False,False,True,False,True,False,True,False,True,False,False,False,False,True,True,True,True,False,True,False,True,True,False,True,True,True,False,False,False,True,False,True,False,True,True,True,True,True,True,True,True,True,True,True,True,True,True,False,True,True,False,True,True,True,False,True,False,True,True,True,False,False,False,True,True,False,False,True,False,True,False,True,True,True,True,True,True,False,True,True,True,False,True,True,False,True,True,True,False,True,True,True,True,True,True,True,True,False,True,True,True,True,True,True,False,False,True,True,True,True,False,True,False,False,True,False,True,True,True,True,False,False,True,False,True,True,True,False,True,False,True,False,False,True,True,True,True,True,True,False,False,False,True,True,True,False,True,True,False,True,False,False,False,True,True,False,True,True,True,True,False,False,False,False,True,True,False,True,True,True,True,True,False,True,True,True,False,True,True,False,False,True,True,True,True,False,True,True,False,False,False,True,True,False,True,True,True,True,True,True,True,True,True,True,True,True,True,True,True,False,True,True,True,True,True
177.Prothonotary_Warbler,True,False,False,False,True,False,True,False,False,True,False,False,False,True,False,False,False,False,False,True,False,True,True,True,False,False,False,True,True,False,False,True,True,False,False,False,False,True,False,False,False,False,False,True,False,False,False,True,False,True,True,False,True,False,False,False,False,True,False,False,False,False,True,False,True,False,True,True,True,False,True,False,False,False,True,False,False,False,False,True,True,True,True,False,False,False,True,False,False,False,False,True,False,False,True,True,False,False,True,True,False,False,False,False,True,True,False,False,False,False,False,False,False,False,True,True,True,False,True,True,True,True,True,True,True,True,True,True,True,True,True,True,False,False,True,True,True,False,True,True,False,True,False,False,False,True,False,True,True,False,False,True,True,False,True,False,False,True,True,False,False,False,True,True,True,False,True,True,True,True,True,False,False,False,False,False,True,False,True,True,True,True,True,False,True,False,True,True,False,False,True,True,False,True,True,False,True,False,False,True,False,False,False,False,True,False,False,True,True,True,True,True,True,True,False,False,True,True,True,False,False,True,False,True,True,False,False,True,False,False,False,True,True,True,True,True,True,True,True,False,True,True,True,True,False,True,False,True,False,True,True,True,False,False,False,True,False,True,True,True,False,False,False,True,False,True,True,True,True,False,False,True,True,True,False,True,False,True,True,True,True,True,True,True,True,True,True,True,True,True,True,True,True,True,True,True,True,False,True,False,False,False,True,False,False,True,True,True,True,True,True,True
178.Swainson_Warbler,True,False,True,False,False,False,False,False,True,False,False,True,False,False,False,False,True,True,False,False,False,True,False,False,False,False,False,False,False,True,True,True,True,True,False,False,True,False,False,False,False,True,True,False,False,False,True,True,False,False,False,False,False,False,False,False,False,False,False,False,False,False,True,True,True,False,True,False,False,False,False,True,True,False,False,False,True,False,False,False,True,False,False,False,False,False,False,False,True,False,False,False,True,True,True,False,True,False,False,False,True,False,False,False,True,True,True,False,False,False,False,True,True,True,True,True,False,True,True,False,True,True,True,False,False,True,True,False,True,True,False,True,True,False,True,True,False,True,True,False,False,True,False,True,True,False,True,False,True,False,False,True,True,True,True,True,False,True,True,True,False,True,False,True,True,True,True,False,False,False,True,False,False,True,False,False,False,True,True,False,False,True,True,True,True,True,True,True,True,False,True,True,True,False,True,True,True,False,False,True,True,False,True,True,False,True,True,False,True,True,True,True,True,True,True,True,True,False,True,True,False,True,False,True,True,True,True,False,False,True,True,True,True,False,True,True,True,False,True,True,False,True,False,False,True,False,True,False,True,True,False,False,True,True,False,True,True,True,True,True,True,False,False,True,True,True,True,False,True,False,True,True,True,True,False,True,False,True,True,True,True,True,True,True,True,True,False,False,True,False,False,True,True,True,True,True,False,True,True,True,True,True,True,True,True,False,True,False,False,False,False,True
179.Tennessee_Warbler,False,False,False,False,True,False,False,False,False,True,False,False,False,False,True,False,True,False,False,False,False,False,False,False,False,False,False,False,True,True,False,False,False,False,True,True,False,False,True,False,False,True,False,True,False,False,True,False,True,True,False,True,False,False,False,False,False,False,False,True,True,False,False,False,False,False,False,True,False,False,False,False,False,False,False,False,False,True,False,False,False,False,True,True,True,False,False,False,True,True,False,False,False,False,False,False,False,False,False,False,True,False,False,True,False,False,False,False,True,False,False,False,False,False,True,True,True,True,True,False,False,True,True,True,True,True,True,False,False,True,True,True,False,False,True,True,True,True,True,True,True,True,True,True,True,True,True,True,True,True,True,True,False,True,True,False,True,False,False,False,True,True,True,False,False,True,True,True,True,False,True,True,True,False,True,True,True,True,True,True,False,True,True,True,True,True,True,False,False,True,True,True,True,True,True,True,True,False,True,True,True,True,False,True,True,True,True,True,True,False,True,True,True,True,True,True,True,True,True,False,False,True,True,True,True,True,True,True,True,False,False,True,True,True,True,False,True,True,True,True,True,False,True,False,True,True,True,True,False,False,True,False,True,True,True,False,True,True,True,True,True,False,True,True,True,False,True,False,True,False,True,True,True,True,True,True,True,False,False,False,True,True,True,False,False,True,True,True,False,False,False,True,False,False,True,True,True,True,True,True,True,False,True,True,True,False,True,True,True,False,True,True
180.Wilson_Warbler,True,True,False,True,False,False,True,False,False,True,False,False,False,False,True,False,False,True,False,False,True,False,False,True,False,True,False,False,False,False,False,True,False,False,False,True,True,False,False,False,False,False,True,False,True,True,False,True,False,True,False,True,False,False,False,True,False,False,False,True,False,False,False,True,False,False,True,False,True,True,False,True,False,True,True,True,True,False,False,False,False,False,False,False,True,False,True,True,False,False,True,False,False,True,True,False,False,False,False,False,True,False,False,False,False,False,False,False,False,False,False,False,False,False,False,True,True,True,False,True,True,True,False,False,True,True,False,False,True,True,True,False,True,True,True,True,True,False,True,True,True,True,True,True,True,True,True,True,True,True,True,True,False,True,True,True,True,True,True,True,True,True,False,False,True,True,True,True,True,True,True,True,False,True,True,True,False,False,False,True,False,True,True,True,False,False,True,True,True,False,True,True,True,True,False,True,True,True,True,False,True,True,False,True,False,True,True,False,True,True,True,True,True,True,True,True,False,True,True,False,False,True,True,True,True,False,True,True,True,True,True,True,False,True,True,True,True,True,True,True,True,True,True,True,True,True,True,True,False,True,True,True,True,True,True,True,False,True,True,True,False,False,True,True,False,True,True,True,True,False,True,True,True,True,True,False,True,True,True,True,True,True,True,True,False,True,True,True,False,False,True,True,True,False,True,False,True,True,True,False,True,True,False,True,True,True,True,True,False,True,True,True
181.Worm_eating_Warbler,True,False,False,False,False,False,False,True,False,False,False,True,True,True,False,False,False,False,True,True,True,False,True,False,False,False,True,False,False,False,True,False,False,False,False,False,False,False,False,False,False,False,True,False,False,True,False,False,False,False,True,False,True,True,False,False,False,True,False,False,False,True,False,False,False,False,False,False,False,False,True,False,False,True,True,True,True,True,True,True,False,False,True,False,False,False,False,False,True,False,False,False,True,True,False,False,False,True,False,False,False,False,False,False,True,True,False,False,True,False,False,False,False,True,False,True,True,True,False,True,False,True,True,False,False,True,True,False,True,True,False,False,False,True,True,True,True,True,True,False,False,True,True,False,True,False,True,True,True,True,False,True,True,True,False,True,True,False,False,False,True,True,True,True,True,False,False,True,True,True,True,True,True,True,False,True,True,True,True,True,True,False,True,True,False,True,True,True,True,True,True,True,True,True,True,True,False,True,True,True,True,True,True,False,True,False,False,True,True,True,False,True,True,False,False,True,True,True,False,False,True,False,True,True,True,True,True,True,False,False,True,True,True,True,True,True,False,True,False,False,True,True,False,True,True,True,False,True,True,True,True,True,True,True,True,False,True,True,False,True,False,True,True,True,True,True,True,True,True,True,True,False,True,True,False,False,True,False,True,True,True,True,True,True,True,True,True,True,False,True,True,False,False,True,True,False,True,True,True,True,False,True,True,True,True,False,True,False,True,False,False,True
182.Yellow_Warbler,False,False,True,False,False,False,False,True,False,True,False,False,False,False,False,False,True,False,False,False,False,False,False,False,True,False,True,False,True,True,True,True,False,False,True,False,False,False,False,False,False,False,False,False,False,False,False,True,False,False,False,False,False,False,True,True,False,True,True,False,False,False,False,False,False,True,True,True,False,False,False,True,True,False,False,True,False,False,True,False,True,True,False,True,True,True,True,True,False,True,True,True,False,False,False,True,False,False,False,True,False,False,False,True,True,False,False,False,True,False,False,False,True,True,True,True,True,True,True,True,False,True,False,True,True,False,False,False,True,False,True,True,True,False,True,True,True,False,True,False,False,True,True,True,True,True,True,True,True,True,False,True,True,True,True,True,True,False,True,True,False,False,True,True,True,True,False,False,True,False,True,False,True,True,False,True,True,True,True,True,True,False,True,True,False,True,True,False,True,False,True,True,True,True,True,True,True,True,True,True,True,True,True,False,False,True,True,True,False,True,False,True,True,True,False,True,True,True,True,True,False,False,True,True,False,True,True,False,True,False,False,False,False,True,False,True,True,False,True,True,True,True,True,False,True,True,True,True,True,False,True,True,True,False,True,False,True,True,True,False,False,True,True,True,True,False,True,False,True,False,False,True,True,True,True,True,True,True,False,True,True,True,True,True,True,True,True,True,True,True,False,False,False,False,True,True,True,True,False,True,True,True,False,True,True,True,True,True,True,True,True,True
183.Northern_Waterthrush,True,True,False,False,False,True,False,True,False,True,False,False,False,False,False,False,False,False,True,True,True,True,False,False,True,False,False,False,False,False,False,False,True,False,False,False,False,False,False,False,False,False,False,False,True,False,False,False,False,True,False,True,True,False,False,True,False,False,False,False,False,False,False,False,False,False,False,False,False,False,False,True,False,True,False,True,True,False,False,False,False,True,True,True,False,False,False,False,False,False,True,False,False,False,True,False,True,True,False,True,True,False,False,False,False,False,False,False,False,False,True,True,True,True,True,True,True,False,True,True,True,True,False,True,True,True,True,False,True,True,True,True,False,True,True,True,False,True,True,True,False,True,False,True,True,False,True,True,False,True,True,True,True,True,True,True,False,True,True,True,True,True,False,True,True,True,False,True,True,False,False,False,True,True,True,True,False,True,False,True,False,True,True,False,True,True,True,False,True,True,True,False,True,True,False,True,True,False,False,True,True,True,True,True,True,False,True,True,True,True,True,False,False,True,False,True,True,False,True,True,False,True,True,False,True,False,True,True,False,False,True,True,False,False,True,True,True,False,True,True,True,True,False,True,True,True,True,True,True,False,False,False,False,True,False,True,True,True,True,True,True,True,True,False,True,True,True,True,False,False,True,True,False,True,True,True,True,True,False,True,True,True,True,False,True,True,True,False,True,False,True,True,True,True,False,True,True,True,True,True,True,True,True,True,True,True,True,False,True,False,False,True
184.Louisiana_Waterthrush,False,True,False,False,False,False,True,True,False,False,False,True,False,True,False,False,False,False,True,False,False,False,False,False,False,False,False,False,True,True,False,False,True,True,True,False,False,True,False,False,False,False,False,True,False,False,False,False,False,False,True,True,False,False,False,False,False,False,True,True,False,False,False,False,False,False,False,False,True,True,True,False,True,False,True,False,False,False,False,True,True,False,False,False,False,True,False,True,False,False,False,True,True,False,False,False,True,False,False,False,False,False,True,True,False,False,False,False,False,False,False,False,True,True,True,True,True,True,True,True,False,False,True,False,False,True,True,True,False,False,True,True,True,True,False,False,True,True,False,True,True,False,False,True,True,False,False,False,True,True,True,True,True,True,True,True,True,True,True,False,False,True,True,True,True,True,False,True,True,True,False,False,True,False,True,True,True,False,False,False,True,False,True,True,True,True,False,True,True,True,False,True,False,True,False,True,True,True,True,True,False,True,True,True,False,True,True,True,False,True,True,True,False,True,True,True,False,False,False,False,True,False,True,True,True,True,True,True,True,True,True,True,True,True,True,True,False,True,False,True,False,True,True,True,True,True,False,True,True,True,True,False,True,True,True,True,False,False,True,True,True,True,False,True,True,True,False,True,True,False,True,False,True,True,False,True,False,False,False,False,False,True,True,True,True,True,False,True,True,True,False,False,True,False,False,False,True,True,True,True,False,False,True,True,True,False,True,False,True,True,True,True
185.Bohemian_Waxwing,False,True,False,True,False,False,False,False,True,False,False,False,True,True,False,False,False,False,True,False,True,True,False,False,True,False,False,True,False,False,True,False,True,False,False,False,False,True,False,False,True,False,False,False,True,False,True,False,False,False,True,True,True,False,True,False,True,False,False,False,False,False,True,False,True,False,False,False,False,True,True,True,False,False,False,False,False,True,False,False,False,True,False,False,False,False,False,False,True,True,True,True,False,False,True,False,True,False,True,False,False,False,False,True,False,False,False,False,False,True,True,False,False,True,False,True,True,True,True,False,True,True,True,False,True,True,True,True,True,True,True,True,True,False,True,True,True,False,True,True,True,True,True,False,False,True,False,True,False,False,False,False,True,True,True,True,True,True,True,False,True,False,True,True,True,True,True,True,True,False,True,False,False,True,True,True,True,True,False,True,True,True,True,True,True,True,True,True,False,False,True,True,True,True,False,False,False,True,True,True,False,True,True,True,False,False,False,True,True,True,True,True,True,True,True,False,True,True,False,False,True,True,True,True,True,True,False,True,True,True,True,True,True,True,True,False,True,True,True,True,True,True,True,True,True,True,True,True,True,True,True,True,True,True,True,True,True,True,False,True,True,False,False,True,True,True,True,True,True,False,True,True,False,False,True,True,False,True,True,True,True,True,True,True,True,True,True,False,True,True,True,False,True,True,True,True,False,True,True,False,True,True,True,True,True,True,True,False,True,True,True,True
186.Cedar_Waxwing,False,True,False,False,True,False,True,False,True,False,False,False,True,False,True,False,False,False,True,False,False,True,False,True,False,False,False,False,True,False,True,False,False,False,True,False,False,False,False,False,False,False,False,False,False,False,True,False,False,False,False,False,False,True,False,False,False,False,False,False,True,True,False,False,False,False,False,False,True,False,False,True,False,False,False,False,False,False,True,False,False,True,False,False,False,True,False,False,False,False,False,False,False,True,False,False,True,True,True,True,False,False,False,False,False,False,False,False,False,False,False,False,True,False,True,True,True,False,False,False,False,True,False,True,True,True,False,False,False,False,False,True,True,True,True,True,False,True,True,True,True,True,False,True,False,True,True,True,False,True,False,True,True,False,True,True,True,True,True,False,True,True,False,False,False,False,False,True,True,True,True,True,True,False,True,False,False,False,True,True,True,True,True,False,False,True,False,True,True,True,True,True,False,True,False,True,True,True,True,True,True,True,False,False,True,True,False,True,False,True,True,True,False,False,True,True,False,True,True,False,False,True,True,True,True,True,True,False,True,True,True,True,False,True,True,False,True,False,True,True,True,True,True,True,True,True,True,True,True,True,True,False,False,True,True,True,True,True,True,True,True,True,True,True,True,True,True,False,True,True,True,True,True,False,False,False,True,True,False,False,True,False,True,True,True,False,True,True,True,True,True,True,True,False,False,False,True,False,True,True,True,False,True,True,True,True,False,True,False,True,False,True
187.American_Three_toed_Woodpecker,False,False,False,True,True,False,False,False,False,True,False,False,True,False,False,False,False,True,True,False,True,False,False,False,False,False,False,True,True,False,True,True,True,True,False,False,False,False,True,False,False,True,True,False,False,False,True,False,False,False,True,True,False,False,False,True,False,False,False,False,False,False,False,False,False,False,False,False,True,True,False,False,False,False,True,False,True,False,True,False,False,False,True,False,False,False,False,False,True,False,False,False,True,False,False,False,False,False,False,True,True,False,False,False,False,False,False,False,True,False,True,False,False,True,True,True,True,True,False,True,True,True,True,True,True,True,True,False,False,True,False,True,True,True,True,False,True,True,False,True,False,True,True,True,True,True,True,True,True,True,True,True,False,True,True,True,False,True,True,False,True,True,True,True,False,True,True,True,True,True,True,True,False,True,True,False,True,True,True,True,True,False,True,True,True,True,False,False,True,True,False,False,True,False,True,False,False,True,True,True,True,True,True,True,True,False,True,False,True,False,True,True,False,False,False,False,True,True,True,True,True,True,False,True,True,False,True,True,True,False,True,True,True,True,True,False,True,False,False,True,False,False,True,True,True,False,True,True,False,False,True,True,True,True,False,True,False,True,False,False,True,False,True,True,True,True,False,True,True,True,False,True,True,True,True,False,False,False,False,True,True,True,True,True,False,True,True,True,False,True,False,False,False,True,True,True,True,True,False,True,True,False,True,True,True,True,True,True,True,True,False,True
188.Pileated_Woodpecker,False,False,True,False,True,True,False,False,False,False,True,False,False,True,True,False,False,True,True,False,False,False,False,False,False,False,False,False,False,False,False,True,False,False,False,False,False,False,True,False,False,False,False,False,False,False,False,False,True,False,False,False,True,False,True,True,False,True,True,True,False,True,False,True,False,False,False,True,False,True,True,False,False,True,True,False,False,True,True,False,False,False,False,False,True,False,False,False,False,True,True,True,False,False,True,False,True,True,False,False,False,True,True,False,True,False,False,False,False,False,True,False,True,True,True,True,True,True,True,True,True,True,True,True,False,True,True,True,True,True,True,True,False,True,True,True,True,False,False,True,True,True,True,False,False,True,True,False,True,True,True,True,False,True,True,True,True,True,False,True,False,True,False,False,False,True,True,True,False,True,False,True,True,True,False,True,True,False,False,True,True,False,True,False,True,True,True,True,True,True,True,False,True,True,False,True,True,False,True,True,True,False,True,True,True,True,False,False,False,True,True,False,False,True,True,False,True,True,True,True,False,False,True,True,False,True,True,False,False,False,True,True,False,True,True,False,True,True,False,False,False,True,True,True,True,False,False,True,False,True,True,True,True,True,True,True,True,True,True,False,True,True,True,False,True,True,True,True,True,True,True,False,False,False,False,False,False,True,True,True,True,True,True,True,False,True,False,False,True,False,True,False,True,False,True,True,True,False,False,False,False,False,True,False,True,True,True,True,False,True,True,True
189.Red_bellied_Woodpecker,True,False,False,False,True,False,False,False,False,False,False,False,True,True,False,False,False,False,False,True,False,False,False,True,False,True,False,False,False,False,True,True,False,True,False,True,False,False,True,False,False,False,True,True,True,True,False,True,False,False,False,False,False,False,True,False,False,True,True,False,False,False,True,False,False,False,False,True,False,True,False,False,False,False,False,False,False,False,True,False,False,False,False,False,False,True,False,False,False,False,False,False,False,False,False,False,False,True,True,False,False,False,True,False,False,True,True,False,True,False,False,True,True,False,True,False,True,True,True,True,True,True,True,True,False,True,True,False,False,False,True,True,True,False,False,False,True,True,False,True,True,False,True,True,True,True,False,False,False,True,False,False,True,False,True,False,True,True,True,False,True,True,False,True,True,True,True,False,True,True,False,True,True,True,True,True,True,False,False,True,True,True,False,True,True,True,True,False,False,True,False,False,True,False,False,True,True,False,True,False,True,False,False,True,True,True,True,True,False,True,True,True,True,True,True,True,True,True,True,True,True,False,True,True,True,True,True,True,False,False,True,True,True,True,True,True,True,False,False,True,True,True,False,True,False,True,False,True,True,True,True,False,False,True,False,True,True,True,False,True,True,True,True,True,False,False,True,True,False,True,True,False,False,True,True,False,True,False,True,True,True,False,True,True,True,False,True,True,True,False,True,True,True,True,False,True,True,True,True,True,False,True,True,False,True,True,True,True,True,True,True,False
190.Red_cockaded_Woodpecker,False,False,False,False,True,False,False,False,False,False,False,True,True,False,False,False,True,True,False,False,False,False,False,False,False,True,False,False,False,False,False,False,False,True,True,False,False,False,False,False,False,False,False,False,True,True,False,True,True,True,False,False,False,False,False,False,True,True,True,False,True,False,False,False,False,False,False,False,True,False,False,True,True,False,False,True,False,True,False,False,False,False,False,True,True,False,True,False,False,True,True,False,False,False,False,True,True,True,True,False,False,False,False,False,True,False,False,True,True,False,True,True,True,True,True,False,True,True,True,False,True,False,False,True,False,False,True,True,True,True,True,False,True,True,True,True,True,True,True,True,False,True,False,False,True,False,True,True,True,False,True,True,True,True,False,True,True,False,False,True,True,False,True,False,True,True,False,True,False,True,True,True,True,False,True,True,True,False,True,False,True,False,True,True,True,True,True,False,False,True,True,False,True,False,True,True,False,True,True,True,True,True,False,True,True,True,False,True,True,False,False,True,True,True,False,True,True,False,True,False,False,True,False,False,True,True,True,True,True,True,True,True,False,True,True,True,True,True,True,True,True,True,False,True,True,True,False,True,False,True,True,False,False,True,True,True,True,True,False,True,False,True,True,False,True,True,False,True,True,True,True,False,False,True,False,True,False,True,True,True,False,True,True,True,True,True,True,True,True,True,False,True,True,True,True,False,True,True,True,False,True,True,True,True,True,True,False,True,True,True,True,False
191.Red_headed_Woodpecker,True,False,False,False,False,False,False,False,False,True,False,False,True,False,False,False,False,True,True,True,False,True,True,False,False,False,False,True,True,False,False,False,True,True,False,True,False,False,False,True,False,False,False,True,False,True,False,True,True,False,False,True,False,False,False,True,False,True,False,True,True,False,False,False,False,False,True,True,True,False,False,False,False,True,False,True,False,False,False,True,False,False,False,False,False,False,False,True,False,False,False,False,True,False,False,False,False,False,False,False,False,False,False,False,False,True,True,True,False,False,False,False,True,True,True,False,True,False,True,True,True,True,True,False,True,True,True,False,True,True,True,False,True,True,True,True,True,True,True,True,True,True,True,False,True,True,False,True,True,True,True,False,True,False,True,True,True,True,True,True,True,True,True,True,True,True,True,True,True,True,True,True,True,False,True,True,True,True,True,True,True,False,True,True,True,True,True,False,True,True,False,False,False,True,True,True,True,True,False,True,True,True,True,False,True,True,True,True,True,True,True,True,True,True,True,False,False,False,True,True,True,True,True,True,True,True,False,True,True,True,True,True,True,False,True,False,True,True,True,True,True,False,True,False,True,True,True,True,True,True,False,True,True,True,True,False,True,True,True,True,True,False,False,False,True,True,False,True,True,False,True,False,True,True,False,True,True,True,False,True,False,False,True,True,False,True,True,False,False,False,True,True,True,False,True,False,False,False,False,False,True,False,False,True,True,True,False,True,True,True,True,False
192.Downy_Woodpecker,False,True,False,False,False,False,False,True,True,False,True,True,False,True,False,False,True,True,True,True,False,False,False,True,False,False,False,False,False,True,True,True,False,False,True,False,False,False,False,True,False,True,True,False,False,False,True,False,True,True,False,True,True,True,False,False,True,False,True,False,False,True,True,True,False,False,False,True,False,False,False,False,False,True,True,True,True,True,True,False,False,False,False,False,True,False,True,False,False,True,False,False,True,True,False,False,False,False,True,False,True,False,False,False,False,False,False,False,True,False,False,False,False,True,False,False,True,True,True,False,False,True,True,False,True,False,False,True,True,True,True,False,True,True,True,True,True,False,False,False,True,True,True,False,False,False,True,True,True,False,True,False,False,True,False,True,True,True,False,True,False,True,True,True,True,True,True,False,False,True,True,False,True,True,True,True,False,True,True,True,True,True,False,False,True,True,True,True,True,True,False,True,True,True,True,True,False,True,True,True,True,False,True,True,True,False,True,True,True,True,False,True,True,True,True,True,True,True,True,True,True,True,True,True,True,True,True,True,True,True,True,True,True,False,True,False,False,True,True,False,True,True,True,True,True,True,True,False,True,True,True,True,True,True,False,True,False,False,True,True,True,True,False,True,True,True,True,False,True,True,True,False,True,False,True,True,True,True,True,True,True,False,True,False,True,True,True,True,True,True,True,False,True,True,True,False,True,True,False,True,True,False,True,False,True,True,False,True,True,True,True,True
193.Bewick_Wren,False,False,True,False,False,False,False,True,False,False,True,False,False,False,False,False,False,False,False,False,False,False,False,False,False,False,True,False,False,False,False,False,False,False,False,False,False,False,False,False,True,False,False,False,False,True,False,True,False,False,False,False,False,True,True,False,False,False,True,True,False,False,True,True,False,True,False,False,False,False,False,True,False,False,False,False,False,False,False,False,True,True,False,True,True,False,False,False,False,False,False,False,True,False,False,False,True,False,False,False,False,True,False,False,True,False,False,False,False,False,True,True,True,False,False,True,True,True,True,True,False,True,True,True,True,False,True,True,False,True,True,True,True,True,True,True,True,True,True,True,True,False,True,True,True,True,True,False,True,False,True,True,True,True,False,True,True,False,True,True,False,True,True,False,True,True,True,True,True,True,True,True,True,False,True,True,False,True,True,True,False,False,True,True,True,False,True,True,False,False,True,True,False,False,True,False,True,True,True,True,False,True,False,False,True,False,True,False,False,False,True,True,True,True,True,False,False,True,True,False,False,False,True,False,True,True,True,True,True,True,True,True,True,False,True,True,True,True,False,False,False,True,False,True,False,True,False,False,True,True,True,False,False,True,True,False,True,True,True,True,True,False,False,True,False,True,True,True,True,True,True,True,True,False,True,True,True,False,True,True,True,False,False,True,True,False,False,False,True,True,True,True,True,True,True,False,True,False,True,False,True,True,True,True,False,True,True,True,True,True,True,True
194.Cactus_Wren,False,False,False,False,False,False,True,False,False,True,False,False,False,False,True,False,True,True,False,False,True,False,False,False,False,False,False,True,False,False,False,True,True,True,True,False,False,False,False,False,False,False,False,False,False,True,False,False,False,False,False,False,True,False,True,False,False,False,False,False,False,False,False,False,False,False,False,False,True,True,False,False,False,True,False,False,False,False,False,False,False,False,False,False,False,True,False,True,False,True,False,True,False,False,True,False,True,False,True,True,False,True,False,True,True,False,False,True,False,False,False,False,True,False,True,True,True,True,True,False,True,True,True,False,False,True,True,True,False,False,True,True,True,False,True,True,False,True,False,True,True,True,True,False,True,True,True,False,False,True,True,True,True,False,False,True,True,True,False,False,True,True,False,False,False,False,True,True,True,False,False,True,False,False,True,True,True,True,False,False,True,True,True,True,True,True,True,True,False,False,True,True,False,True,True,False,True,False,True,True,True,True,True,True,True,False,True,True,True,True,False,True,True,True,False,True,True,False,True,True,False,True,True,True,True,True,True,True,True,True,True,True,True,False,True,False,False,True,True,True,True,True,False,True,True,True,True,True,False,True,False,False,True,False,False,True,True,True,True,False,True,True,False,True,False,False,True,True,True,True,True,True,True,False,True,False,True,False,False,True,False,False,True,True,True,True,True,False,True,True,True,True,True,True,True,True,True,True,True,True,False,False,False,True,True,False,True,True,True,True,False,True
195.Carolina_Wren,False,False,False,False,False,False,True,True,False,False,False,False,False,True,False,True,False,True,False,True,False,False,True,False,True,False,True,False,False,False,False,False,False,False,False,False,False,False,False,False,False,False,False,False,False,True,False,False,False,False,False,True,False,False,True,True,False,False,True,True,False,False,False,False,True,True,False,False,True,False,True,False,False,False,True,False,False,False,False,True,True,False,True,True,False,False,True,False,False,False,False,False,True,False,True,True,False,True,False,True,False,False,False,False,False,False,False,True,False,True,False,False,True,True,True,False,True,True,True,True,False,True,True,True,True,True,True,True,True,False,False,False,True,False,True,True,True,False,True,True,True,True,False,True,True,True,True,False,True,True,False,False,False,False,True,True,True,True,True,True,False,True,True,True,False,True,True,True,False,True,False,False,True,True,True,True,True,False,True,True,True,False,True,True,True,True,True,True,True,True,True,True,True,True,True,True,True,True,True,True,False,False,True,True,True,False,False,True,True,True,True,False,False,True,True,False,False,False,False,True,True,True,True,False,True,True,False,False,True,False,True,False,False,False,True,False,True,True,False,True,False,True,True,True,True,True,True,True,True,True,True,False,True,False,False,True,True,True,True,False,True,True,False,True,True,True,True,True,True,True,False,True,False,True,True,True,True,True,True,False,True,True,False,True,True,True,True,True,False,True,False,False,False,False,True,True,False,True,False,False,True,True,True,True,True,True,False,True,False,True,True,True
196.House_Wren,False,False,False,True,False,False,False,False,False,False,False,False,False,True,False,False,True,False,False,False,True,False,True,False,False,False,True,False,False,True,False,False,False,False,False,False,False,True,True,False,False,False,False,True,False,False,False,False,False,True,False,True,False,False,False,False,False,True,False,False,False,False,False,True,True,False,True,True,True,False,False,False,False,False,False,True,False,False,False,True,False,False,False,False,False,False,False,False,True,False,True,False,True,False,False,False,True,True,False,True,False,False,False,False,False,False,False,False,False,False,False,False,True,True,True,False,True,True,True,False,False,False,False,True,True,True,False,True,True,False,False,True,True,False,False,True,False,True,True,True,True,True,True,True,False,True,True,True,True,True,True,True,True,True,True,False,True,False,True,True,True,True,True,True,True,True,False,True,True,True,True,True,False,True,True,False,True,False,False,True,True,True,True,False,False,True,False,False,True,False,True,True,True,False,False,True,False,True,True,True,False,True,True,True,True,True,True,True,True,True,False,True,False,True,False,True,True,True,True,True,False,False,False,False,True,True,True,False,True,True,False,True,False,True,True,True,True,True,True,False,False,True,True,False,True,True,True,True,False,True,True,True,True,False,False,True,True,False,False,True,True,True,True,True,True,True,True,False,True,True,True,True,True,True,False,False,True,False,False,True,True,True,True,True,True,True,True,True,True,True,False,True,False,False,False,True,True,False,True,True,False,True,False,True,True,True,False,False,False,True,True,True
197.Marsh_Wren,True,False,False,True,False,False,False,True,False,False,True,False,False,False,False,False,False,False,False,False,True,False,False,False,True,False,True,False,False,True,False,False,False,True,False,False,False,True,False,False,True,False,False,False,True,True,False,False,False,False,True,False,True,True,False,False,True,False,False,False,False,False,False,True,True,True,False,False,False,False,True,True,False,False,False,True,False,False,False,False,False,False,False,True,False,False,False,False,False,False,False,True,False,False,False,False,False,False,True,True,False,False,False,True,False,False,True,False,False,False,True,True,True,True,False,True,True,True,False,True,True,True,True,False,True,True,False,True,False,False,False,True,True,True,False,False,False,False,False,True,False,True,True,False,True,True,True,True,True,True,True,False,False,True,True,True,False,False,False,False,True,False,False,True,True,True,False,True,True,True,True,True,True,True,False,True,True,True,True,True,False,False,True,True,True,True,False,True,True,True,True,False,False,True,False,True,True,True,True,True,True,False,True,True,False,True,True,True,True,True,True,True,False,False,True,True,True,True,True,True,True,True,False,False,True,False,True,False,True,True,True,True,True,False,True,True,True,True,True,True,False,False,True,False,False,True,False,True,True,True,True,True,True,False,True,True,True,True,True,True,True,True,True,False,False,False,True,True,True,True,False,True,True,False,False,False,True,True,False,True,True,False,False,False,True,True,True,True,True,False,True,False,True,True,True,False,True,True,False,False,True,False,False,True,True,False,True,True,False,False,False,True
198.Rock_Wren,False,False,False,False,False,True,False,False,True,False,False,True,False,True,False,True,False,False,False,False,False,False,False,False,False,False,True,False,False,True,False,False,False,True,False,True,False,False,True,False,False,False,False,False,False,True,False,True,False,False,False,False,True,False,False,True,False,False,True,False,False,False,True,False,False,False,False,True,True,True,True,False,False,True,False,False,False,True,False,False,False,False,True,False,False,False,False,True,False,False,True,False,False,False,False,False,False,False,False,True,True,True,True,False,False,False,True,False,True,False,True,False,False,True,True,False,False,False,False,True,False,True,True,True,False,True,True,True,False,True,False,True,False,True,False,False,True,False,True,False,True,True,True,True,True,True,False,False,True,False,True,True,False,True,True,True,False,True,True,True,True,False,False,False,True,True,True,True,True,True,False,True,True,True,True,False,False,True,True,True,True,True,False,True,True,True,True,False,True,True,False,True,False,False,True,False,True,True,True,True,False,True,True,False,True,True,True,True,False,True,True,False,False,True,False,False,True,False,True,True,False,False,True,True,False,True,False,True,True,True,True,True,True,True,False,True,True,False,False,True,True,True,True,True,True,True,True,False,True,False,True,True,True,False,True,False,True,True,True,True,True,True,True,False,True,False,False,False,True,True,False,True,True,True,True,True,True,True,True,True,True,False,True,True,False,True,True,False,False,True,True,False,True,True,True,True,False,True,False,True,False,True,False,True,True,False,True,True,True,False,True,False
199.Winter_Wren,True,False,False,True,True,True,True,False,True,False,False,False,False,False,True,False,False,False,True,True,False,False,True,True,False,False,True,False,False,False,True,True,True,False,False,False,False,True,True,False,True,False,True,False,False,False,True,True,False,False,False,False,False,False,False,False,False,True,True,False,False,False,False,False,False,False,False,True,True,False,True,False,False,False,False,False,False,False,True,False,False,True,False,True,False,False,False,False,False,False,False,False,False,False,True,False,True,False,False,False,True,True,True,True,False,False,False,True,False,False,True,False,True,False,False,False,False,True,True,True,True,True,False,True,False,False,True,True,False,True,True,False,True,False,True,True,True,True,False,True,False,True,True,True,True,False,True,True,True,False,True,False,True,True,False,False,True,False,False,True,False,False,False,True,True,False,True,True,True,True,False,True,False,False,True,True,True,True,False,True,True,True,True,True,False,True,True,True,True,True,False,True,True,True,False,True,True,True,False,True,True,True,False,True,True,True,True,False,True,False,True,False,True,True,True,False,True,True,True,False,False,True,True,False,True,False,True,True,True,False,True,False,False,False,True,True,True,False,True,True,True,True,True,False,True,True,True,True,False,True,True,True,True,True,False,True,False,True,True,True,True,False,True,True,False,False,False,False,False,True,False,False,False,False,True,True,True,True,True,False,True,False,False,True,False,True,True,True,True,False,False,True,True,True,True,True,True,True,True,False,True,False,False,True,True,True,True,False,True,True,True,True
200.Common_Yellowthroat,False,False,False,False,True,False,False,False,True,False,False,False,False,False,True,True,True,False,False,True,False,False,False,True,True,False,True,True,False,False,False,True,False,True,False,False,False,True,False,True,False,False,True,False,False,False,False,False,False,True,True,True,False,False,False,True,False,False,False,False,False,True,False,False,False,True,True,False,False,False,True,False,False,False,False,False,False,True,False,False,False,True,False,False,True,True,False,False,False,False,True,True,False,True,True,False,True,True,True,False,False,True,False,True,False,True,True,True,False,False,False,False,True,True,True,True,True,True,False,True,True,True,True,True,True,True,True,True,True,True,False,False,True,False,False,True,True,False,True,True,True,True,False,False,True,False,True,False,False,True,False,True,False,True,False,True,True,False,True,True,True,True,True,True,True,True,False,True,False,True,False,True,False,False,True,True,True,False,False,True,False,True,False,True,True,True,True,True,True,True,False,False,True,False,True,True,False,True,True,False,True,True,True,False,False,False,True,True,True,True,True,True,False,True,False,True,True,True,False,True,True,True,True,False,True,True,True,False,True,True,True,False,True,True,False,True,True,True,True,True,False,True,True,False,True,True,True,False,False,False,False,False,True,True,False,True,True,True,True,True,True,False,True,False,False,True,False,True,False,True,True,True,False,True,True,False,True,True,True,False,True,True,True,True,True,True,True,True,True,True,True,False,False,False,True,True,False,True,True,False,True,False,False,True,True,True,True,True,True,True,True,True
